date,platform,campaign_type,industry,country,impressions,clicks,CTR,CPC,ad_spend,conversions,CPA,revenue,ROAS,month,day,year,quarter,profit,cluster,segment,pca1,pca2
1/21/2024,Google Ads,Search,Fintech,UAE,59886,2113,0.0353,1.26,2662.38,159,16.74,4803.43,1.8,1,21,2024,1,2141.05,0,Medium ROAS,-0.016994088,-0.231750162
1/22/2024,TikTok Ads,Search,EdTech,UK,135608,5220,0.0385,1.18,6159.6,411,14.99,64126.68,10.41,1,22,2024,1,57967.08,2,High ROAS,0.9574137866945801,-0.145222357
6/15/2024,TikTok Ads,Video,Healthcare,USA,92313,5991,0.0649,0.85,5092.35,267,19.07,10489.07,2.06,6,15,2024,2,5396.719999999999,2,High ROAS,0.2286968232629457,1.485365634190021
1/2/2024,TikTok Ads,Shopping,SaaS,Germany,83953,5935,0.0707,1.32,7834.2,296,26.47,50505.07,6.45,1,2,2024,1,42670.87,2,High ROAS,0.6214452967902053,1.798601979538293
2/22/2024,TikTok Ads,Search,Healthcare,UK,91807,4489,0.0489,1.93,8663.77,107,80.97,3369.53,0.39,2,22,2024,1,-5294.24,1,Low ROAS,-1.135824321,0.7870771955520736
10/15/2024,TikTok Ads,Search,Fintech,Canada,17666,724,0.041,0.37,267.88,23,11.65,5220.85,19.49,10,15,2024,4,4952.97,2,High ROAS,2.0026957323124193,-0.109612057
8/14/2024,Meta Ads,Video,Fintech,USA,118252,3748,0.0317,0.42,1574.16,152,10.36,12838.56,8.16,8,14,2024,3,11264.4,0,Medium ROAS,0.7370019149603995,-0.529964172
4/5/2024,TikTok Ads,Search,EdTech,UAE,92939,5176,0.0557,0.66,3416.16,388,8.8,96298.69,28.19,4,5,2024,2,92882.53,2,High ROAS,3.105318912628067,0.6373809538916871
4/17/2024,Meta Ads,Display,EdTech,Germany,30939,937,0.0303,0.59,552.83,63,8.78,16531.03,29.9,4,17,2024,2,15978.199999999999,2,High ROAS,3.066868425617443,-0.850201728
11/13/2024,Google Ads,Shopping,Fintech,USA,8748,362,0.0414,1.21,438.02,10,43.8,966.57,2.21,11,13,2024,4,528.5500000000001,0,Medium ROAS,-0.378205663,0.20809702543172925
4/22/2024,Meta Ads,Video,E-commerce,UAE,98264,3144,0.032,1.56,4904.64,129,38.02,23127.27,4.72,4,22,2024,2,18222.63,0,Medium ROAS,-0.094829824,-0.382130572
9/11/2024,Meta Ads,Video,Fintech,Canada,173229,5092,0.0294,1.72,8758.24,65,134.74,12320.17,1.41,9,11,2024,3,3561.9300000000003,1,Low ROAS,-2.10671911,-0.170065435
5/26/2024,Meta Ads,Video,SaaS,Canada,147483,2138,0.0145,0.57,1218.66,159,7.66,42434.18,34.82,5,26,2024,2,41215.52,2,High ROAS,3.472388168611881,-1.82078504
2/29/2024,Google Ads,Shopping,SaaS,USA,116472,4006,0.0344,2.68,10736.08,291,36.89,78428.38,7.31,2,29,2024,1,67692.3,0,Medium ROAS,0.22099992924312156,-0.275003504
4/22/2024,TikTok Ads,Shopping,EdTech,Canada,37711,2111,0.056,0.68,1435.48,92,15.6,13898.86,9.68,4,22,2024,2,12463.380000000001,2,High ROAS,1.0215434257689127,0.8768795731910454
10/15/2024,TikTok Ads,Shopping,E-commerce,Germany,96412,7047,0.0731,1.11,7822.17,194,40.32,36717.43,4.69,10,15,2024,4,28895.260000000002,2,High ROAS,0.22049920724462296,2.003154939727324
8/13/2024,TikTok Ads,Video,Fintech,Canada,184476,8854,0.048,0.35,3098.9,198,15.65,56216.92,18.14,8,13,2024,3,53118.02,2,High ROAS,1.852109219991131,0.3233049371710071
8/20/2024,TikTok Ads,Search,Fintech,Germany,38828,3607,0.0929,0.97,3498.79,116,30.16,8788.51,2.51,8,20,2024,3,5289.72,2,High ROAS,0.332464704759546,3.137495657888774
12/25/2024,Meta Ads,Video,SaaS,Canada,187957,4586,0.0244,2.1,9630.6,271,35.54,34433.97,3.58,12,25,2024,4,24803.370000000003,0,Medium ROAS,-0.240368363,-0.817822232
11/1/2024,Google Ads,Video,SaaS,Canada,34592,1615,0.0467,1.15,1857.25,116,16.01,4344.96,2.34,11,1,2024,4,2487.71,0,Medium ROAS,0.15201500778131558,0.4193393836777067
7/4/2024,Meta Ads,Shopping,Fintech,USA,185798,5889,0.0317,0.9,5300.1,400,13.25,41326.63,7.8,7,4,2024,3,36026.53,0,Medium ROAS,0.6497554214241315,-0.516324812
12/30/2024,TikTok Ads,Video,EdTech,India,194407,13122,0.0675,0.85,11153.7,379,29.43,56289.95,5.05,12,30,2024,4,45136.25,2,High ROAS,0.3944241181282708,1.638582933792854
11/13/2024,Google Ads,Search,SaaS,UAE,188062,8143,0.0433,1.8,14657.4,614,23.87,124232.5,8.48,11,13,2024,4,109575.1,2,High ROAS,0.6433413017672519,0.18317949875228634
12/14/2024,Meta Ads,Shopping,Healthcare,India,195710,4481,0.0229,0.53,2374.93,352,6.75,27223.39,11.46,12,14,2024,4,24848.46,0,Medium ROAS,1.0730084987343858,-1.086655949
4/9/2024,Google Ads,Display,Healthcare,Australia,198824,9046,0.0455,3.61,32656.06,407,80.24,71482.19,2.19,4,9,2024,2,38826.130000000005,1,Low ROAS,-0.961340975,0.5685890720872946
6/8/2024,Meta Ads,Shopping,SaaS,USA,196962,5081,0.0258,2.06,10466.86,282,37.12,24196.95,2.31,6,8,2024,2,13730.09,0,Medium ROAS,-0.390185111,-0.717843041
8/29/2024,Google Ads,Shopping,SaaS,UAE,105386,3783,0.0359,1.82,6885.06,130,52.96,36776.35,5.34,8,29,2024,3,29891.289999999997,0,Medium ROAS,-0.247706777,-0.112744492
9/5/2024,Google Ads,Search,Healthcare,UAE,49425,1996,0.0404,1.27,2534.92,98,25.87,9253.27,3.65,9,5,2024,3,6718.35,0,Medium ROAS,0.06988088340541032,0.0741752222921233
12/26/2024,Meta Ads,Video,E-commerce,Canada,191141,4453,0.0233,1.23,5477.19,72,76.07,8367.46,1.53,12,26,2024,4,2890.2699999999995,0,Medium ROAS,-1.154136313,-0.722430336
5/23/2024,TikTok Ads,Shopping,EdTech,Canada,91900,4696,0.0511,0.53,2488.88,367,6.78,109696.83,44.07,5,23,2024,2,107207.95,2,High ROAS,4.790712545298553,0.193625101117851
11/26/2024,Google Ads,Video,Healthcare,Canada,11801,795,0.0674,2.97,2361.15,57,41.42,3966.25,1.68,11,26,2024,4,1605.1,2,High ROAS,-0.168252819,1.709576396838133
11/16/2024,Meta Ads,Display,Fintech,UAE,193926,5837,0.0301,1,5837,193,30.24,28429.29,4.87,11,16,2024,4,22592.29,0,Medium ROAS,0.036279418794147665,-0.519928815
2/27/2024,Google Ads,Display,EdTech,India,35355,961,0.0272,2.22,2133.42,68,31.37,6145.22,2.88,2,27,2024,1,4011.8,0,Medium ROAS,-0.219998982,-0.662431512
11/12/2024,TikTok Ads,Shopping,Healthcare,UAE,133148,9120,0.0685,0.5,4560,279,16.34,83385.98,18.29,11,12,2024,4,78825.98,2,High ROAS,2.0346957833637513,1.5097259160871854
1/12/2024,Meta Ads,Video,E-commerce,Canada,104657,4029,0.0385,0.71,2860.59,204,14.02,10401.62,3.64,1,12,2024,1,7541.030000000001,0,Medium ROAS,0.252825531980521,-0.075654546
5/24/2024,TikTok Ads,Shopping,Fintech,India,174160,9683,0.0556,1.84,17816.72,512,34.8,73177.92,4.11,5,24,2024,2,55361.2,2,High ROAS,0.0999453308457262,0.9785570651988517
1/5/2024,TikTok Ads,Display,Fintech,UAE,6015,410,0.0683,1.93,791.3,28,28.26,4383.32,5.54,1,5,2024,1,3592.0199999999995,2,High ROAS,0.4733661353920234,1.675628253419983
1/6/2024,Meta Ads,Search,Healthcare,Australia,17763,726,0.0409,1.94,1408.44,30,46.95,1946.19,1.38,1,6,2024,1,537.75,0,Medium ROAS,-0.524255431,0.19875259583821908
10/14/2024,TikTok Ads,Search,EdTech,India,97193,6230,0.0641,1.6,9968,306,32.58,81609.12,8.19,10,14,2024,4,71641.12,2,High ROAS,0.645957068379156,1.4187874301943502
3/6/2024,Meta Ads,Shopping,Healthcare,UAE,58682,1748,0.0298,1.49,2604.52,84,31.01,12746.65,4.89,3,6,2024,1,10142.13,0,Medium ROAS,0.022769842805072448,-0.534893829
3/21/2024,TikTok Ads,Display,SaaS,Canada,108196,5334,0.0493,0.99,5280.66,289,18.27,27408.56,5.19,3,21,2024,1,22127.9,2,High ROAS,0.4399061598171747,0.5466919885771971
1/8/2024,Google Ads,Search,Fintech,India,63243,1707,0.027,2.24,3823.68,37,103.34,3893.12,1.02,1,8,2024,1,69.44000000000005,1,Low ROAS,-1.637754191,-0.410788328
8/20/2024,Google Ads,Search,E-commerce,UAE,152979,4650,0.0304,0.79,3673.5,330,11.13,91949.73,25.03,8,20,2024,3,88276.23,2,High ROAS,2.5093160395584975,-0.784075333
1/8/2024,Google Ads,Display,EdTech,USA,132600,6802,0.0513,1.53,10407.06,97,107.29,6779.29,0.65,1,8,2024,1,-3627.77,1,Low ROAS,-1.532666921,1.0120328223466486
9/30/2024,Google Ads,Video,Fintech,Australia,110977,4150,0.0374,1.13,4689.5,197,23.8,18314.78,3.91,9,30,2024,3,13625.279999999999,0,Medium ROAS,0.10650982848495505,-0.109134797
3/7/2024,Google Ads,Search,EdTech,UK,87152,3599,0.0413,2.63,9465.37,127,74.53,25958.5,2.74,3,7,2024,1,16493.129999999997,1,Low ROAS,-0.842664884,0.30045150909189217
8/16/2024,Meta Ads,Shopping,Fintech,UAE,164096,1919,0.0117,0.66,1266.54,139,9.11,7181.17,5.67,8,16,2024,3,5914.63,0,Medium ROAS,0.3190311530770534,-1.664179346
8/10/2024,Meta Ads,Shopping,Healthcare,Germany,21389,941,0.044,0.8,752.8,46,16.37,8479.43,11.26,8,10,2024,3,7726.63,2,High ROAS,1.0724186872818302,0.16841035934761914
4/27/2024,Google Ads,Shopping,Healthcare,India,69323,2169,0.0313,2.19,4750.11,94,50.53,16337.12,3.44,4,27,2024,2,11587.010000000002,0,Medium ROAS,-0.44894029,-0.366571984
5/17/2024,Google Ads,Display,SaaS,UAE,138291,3318,0.024,0.83,2753.94,217,12.69,12761.51,4.63,5,17,2024,2,10007.57,0,Medium ROAS,0.25466113102734034,-0.92946951
11/29/2024,TikTok Ads,Shopping,EdTech,UK,72444,2339,0.0323,1.39,3251.21,153,21.25,12919.22,3.97,11,29,2024,4,9668.009999999998,0,Medium ROAS,0.11169804237510687,-0.413377093
12/4/2024,Google Ads,Search,Healthcare,UAE,160002,7520,0.047,2.96,22259.2,403,55.23,70823.58,3.18,12,4,2024,4,48564.380000000005,0,Medium ROAS,-0.419624169,0.560182895886673
8/12/2024,Meta Ads,Search,E-commerce,USA,16246,448,0.0276,1.99,891.52,8,111.44,1955.09,2.19,8,12,2024,3,1063.57,1,Low ROAS,-1.645005119,-0.361302979
6/5/2024,Meta Ads,Shopping,Fintech,Germany,15789,423,0.0268,1.81,765.63,7,109.38,1223.95,1.6,6,5,2024,2,458.32000000000005,1,Low ROAS,-1.679936809,-0.408186942
6/5/2024,Google Ads,Search,EdTech,Australia,25103,710,0.0283,2.34,1661.4,24,69.23,1896.75,1.14,6,5,2024,2,235.3499999999999,0,Medium ROAS,-1.036435045,-0.452151344
12/28/2024,TikTok Ads,Display,SaaS,India,138515,4377,0.0316,0.51,2232.27,285,7.83,10321.59,4.62,12,28,2024,4,8089.32,0,Medium ROAS,0.4019375376457872,-0.506206735
2/20/2024,Meta Ads,Search,EdTech,Australia,180399,6025,0.0334,0.7,4217.5,191,22.08,17456.79,4.14,2,20,2024,1,13239.29,0,Medium ROAS,0.12532385001988186,-0.348778501
5/16/2024,Meta Ads,Video,E-commerce,UAE,62545,606,0.0097,1.96,1187.76,37,32.1,5627.66,4.74,5,16,2024,2,4439.9,0,Medium ROAS,-0.186460321,-1.692164248
6/30/2024,Google Ads,Shopping,Fintech,Canada,72526,2146,0.0296,1.56,3347.76,168,19.93,25859.74,7.72,6,30,2024,2,22511.980000000003,0,Medium ROAS,0.5099281705355841,-0.614353593
7/7/2024,Meta Ads,Display,EdTech,Australia,67823,2075,0.0306,1.83,3797.25,26,146.05,4093.91,1.08,7,7,2024,3,296.65999999999985,1,Low ROAS,-2.322823309,-0.05888942
6/23/2024,Meta Ads,Display,E-commerce,India,164937,4453,0.027,1.08,4809.24,129,37.28,35127.5,7.3,6,23,2024,2,30318.260000000002,0,Medium ROAS,0.14897736755931756,-0.701588034
12/14/2024,Meta Ads,Search,EdTech,UK,114575,2039,0.0178,0.53,1080.67,113,9.56,10656.96,9.86,12,14,2024,4,9576.289999999999,0,Medium ROAS,0.8107014975294888,-1.354924315
6/13/2024,Google Ads,Shopping,Fintech,Germany,132157,2999,0.0227,0.93,2789.07,152,18.35,21855.26,7.84,6,13,2024,2,19066.19,0,Medium ROAS,0.48943677692044213,-1.020074258
1/11/2024,TikTok Ads,Video,Healthcare,Germany,108145,3882,0.0359,0.94,3649.08,98,37.24,28726.52,7.87,1,11,2024,1,25077.440000000002,0,Medium ROAS,0.28776232555199766,-0.19308765
4/29/2024,TikTok Ads,Search,SaaS,India,72642,3014,0.0415,1.16,3496.24,59,59.26,15070.44,4.31,4,29,2024,2,11574.2,0,Medium ROAS,-0.415311351,0.24352646033644146
4/7/2024,TikTok Ads,Display,Healthcare,UAE,131678,8374,0.0636,0.91,7620.34,505,15.09,29682.01,3.9,4,7,2024,2,22061.67,2,High ROAS,0.48070258977415775,1.3769271728493206
5/13/2024,Google Ads,Video,E-commerce,Australia,34402,1314,0.0382,3.29,4323.06,17,254.3,1273.24,0.29,5,13,2024,2,-3049.82,1,Low ROAS,-4.17274262,0.7549816842747427
10/8/2024,Meta Ads,Video,Healthcare,Germany,58276,1183,0.0203,1.49,1762.67,89,19.81,20273.71,11.5,10,8,2024,4,18511.04,0,Medium ROAS,0.8336459353008769,-1.193336563
8/14/2024,Google Ads,Shopping,EdTech,Canada,168059,3462,0.0206,3.08,10662.96,154,69.24,33243.77,3.12,8,14,2024,3,22580.809999999998,0,Medium ROAS,-0.892701588,-0.918784221
8/16/2024,Meta Ads,Video,Fintech,Canada,91123,1567,0.0172,2.33,3651.11,64,57.05,5119.1,1.4,8,16,2024,3,1467.9900000000002,0,Medium ROAS,-0.899163269,-1.138121986
5/28/2024,Meta Ads,Shopping,Fintech,Australia,16344,452,0.0277,0.9,406.8,5,81.36,1102.53,2.71,5,28,2024,2,695.73,0,Medium ROAS,-1.079720918,-0.462759076
3/26/2024,TikTok Ads,Video,SaaS,UAE,99457,5808,0.0584,1.6,9292.8,80,116.16,12231.1,1.32,3,26,2024,1,2938.300000000001,1,Low ROAS,-1.549667771,1.4454548733014603
6/7/2024,Meta Ads,Video,E-commerce,India,57375,843,0.0147,1.61,1357.23,40,33.93,9739.81,7.18,6,7,2024,2,8382.58,0,Medium ROAS,0.08591546677765544,-1.423039
4/17/2024,Google Ads,Display,E-commerce,UAE,115017,2771,0.0241,2.56,7093.76,95,74.67,22528.38,3.18,4,17,2024,2,15434.62,0,Medium ROAS,-0.947762373,-0.698643886
9/28/2024,Meta Ads,Search,EdTech,USA,90431,1853,0.0205,1.7,3150.1,57,55.26,14834.93,4.71,9,28,2024,3,11684.83,0,Medium ROAS,-0.487657432,-0.988917126
3/13/2024,Meta Ads,Search,E-commerce,USA,140566,5046,0.0359,0.62,3128.52,384,8.15,59980.19,19.17,3,13,2024,1,56851.670000000006,2,High ROAS,1.9834906027202772,-0.412975722
2/28/2024,Meta Ads,Search,EdTech,Germany,133583,3954,0.0296,0.65,2570.1,255,10.08,31756.12,12.36,2,28,2024,1,29186.02,0,Medium ROAS,1.1707755192274867,-0.697564869
4/8/2024,Google Ads,Video,E-commerce,USA,198555,13104,0.066,2.46,32235.84,336,95.94,58794.32,1.82,4,8,2024,2,26558.48,1,Low ROAS,-1.088143915,1.8113262992301797
9/23/2024,Meta Ads,Display,Healthcare,UK,88560,1319,0.0149,0.52,685.88,81,8.47,8584.02,12.52,9,23,2024,3,7898.14,0,Medium ROAS,1.087215287284566,-1.554962986
6/24/2024,Google Ads,Display,Fintech,UAE,117217,5602,0.0478,3.49,19550.98,411,47.57,75729.26,3.87,6,24,2024,2,56178.28,0,Medium ROAS,-0.209553919,0.5731455305181649
8/24/2024,Meta Ads,Shopping,Fintech,UAE,104616,4048,0.0387,1.77,7164.96,233,30.75,45906.84,6.41,8,24,2024,3,38741.88,0,Medium ROAS,0.266452550417913,-0.037358911
2/14/2024,TikTok Ads,Video,Healthcare,Canada,79553,2712,0.0341,0.31,840.72,170,4.95,16973.79,20.19,2,14,2024,1,16133.070000000002,2,High ROAS,2.1306183835529247,-0.538874796
8/20/2024,Google Ads,Search,Fintech,USA,170904,4751,0.0278,1.12,5321.12,326,16.32,44297.15,8.32,8,20,2024,3,38976.03,0,Medium ROAS,0.6192643633632219,-0.737118893
7/14/2024,Google Ads,Search,Healthcare,India,88807,4999,0.0563,2.37,11847.63,348,34.04,103474.34,8.73,7,14,2024,3,91626.70999999999,2,High ROAS,0.6109232880747838,0.9667648818633309
8/14/2024,Meta Ads,Shopping,EdTech,Canada,157499,1574,0.01,1.76,2770.24,45,61.56,13465.06,4.86,8,14,2024,3,10694.82,0,Medium ROAS,-0.66961382,-1.576553984
9/27/2024,Meta Ads,Search,E-commerce,Australia,46846,983,0.021,0.72,707.76,11,64.34,2501.87,3.53,9,27,2024,3,1794.11,0,Medium ROAS,-0.762636697,-0.916617996
9/18/2024,TikTok Ads,Search,Fintech,Germany,104986,6131,0.0584,0.36,2207.16,219,10.08,57679.5,26.13,9,18,2024,3,55472.34,2,High ROAS,2.887750259839036,0.8200377914921593
5/24/2024,Meta Ads,Shopping,EdTech,India,172516,6314,0.0366,0.72,4546.08,335,13.57,82096.8,18.06,5,24,2024,2,77550.72,2,High ROAS,1.779642777093074,-0.342229642
8/23/2024,Meta Ads,Display,E-commerce,India,187099,2469,0.0132,0.83,2049.27,103,19.9,3413.17,1.67,8,23,2024,3,1363.9,0,Medium ROAS,-0.276518209,-1.497919323
4/4/2024,Google Ads,Shopping,SaaS,India,111661,3930,0.0352,0.84,3301.2,310,10.65,21226.88,6.43,4,4,2024,2,17925.68,0,Medium ROAS,0.5782892354523737,-0.307932159
6/9/2024,Meta Ads,Display,EdTech,Germany,79441,3082,0.0388,0.53,1633.46,100,16.33,29391.59,17.99,6,9,2024,2,27758.13,2,High ROAS,1.7446145338881662,-0.204903772
4/15/2024,Google Ads,Display,SaaS,Australia,14078,763,0.0542,2.26,1724.38,57,30.25,16289.72,9.45,4,15,2024,2,14565.34,2,High ROAS,0.7334764386225372,0.8247483712252981
1/7/2024,Meta Ads,Shopping,Fintech,Australia,182235,5047,0.0277,0.74,3734.78,260,14.36,53450.65,14.31,1,7,2024,1,49715.87,0,Medium ROAS,1.289496612211307,-0.813978684
2/24/2024,Meta Ads,Video,SaaS,Canada,128629,2109,0.0164,1.29,2720.61,168,16.19,49256.62,18.1,2,24,2024,1,46536.01,0,Medium ROAS,1.5638861444852914,-1.502158294
4/2/2024,Meta Ads,Display,Fintech,Canada,21309,432,0.0203,1.66,717.12,15,47.81,4449.98,6.21,4,2,2024,2,3732.8599999999997,0,Medium ROAS,-0.203573143,-1.041799705
9/6/2024,Google Ads,Search,Fintech,USA,167932,6717,0.04,2.46,16523.82,247,66.9,38475.06,2.33,9,6,2024,3,21951.239999999998,0,Medium ROAS,-0.768515709,0.20388928380027949
1/8/2024,TikTok Ads,Search,Fintech,UK,162795,8107,0.0498,0.96,7782.72,575,13.54,86383.64,11.1,1,8,2024,1,78600.92,2,High ROAS,1.1537124844900704,0.4960362745994257
8/18/2024,Meta Ads,Search,EdTech,UK,50893,1124,0.0221,1.41,1584.84,29,54.65,2707.5,1.71,8,18,2024,3,1122.66,0,Medium ROAS,-0.78291864,-0.866155533
9/22/2024,TikTok Ads,Display,SaaS,UAE,81619,3623,0.0444,0.47,1702.81,222,7.67,46448.44,27.28,9,22,2024,3,44745.630000000005,2,High ROAS,2.929250821624327,-0.010228668
7/25/2024,Meta Ads,Search,EdTech,Germany,154381,1698,0.011,1.85,3141.3,70,44.88,19750.24,6.29,7,25,2024,3,16608.940000000002,0,Medium ROAS,-0.226351662,-1.590465873
1/12/2024,Google Ads,Search,Fintech,India,124273,3603,0.029,1.55,5584.65,167,33.44,20460.25,3.66,1,12,2024,1,14875.6,0,Medium ROAS,-0.15630458,-0.559718979
12/1/2024,Meta Ads,Video,Healthcare,Germany,6969,176,0.0253,1.08,190.08,10,19.01,2562.91,13.48,12,1,2024,4,2372.83,0,Medium ROAS,1.101538525522205,-0.92814885
5/24/2024,TikTok Ads,Display,SaaS,UK,29089,1076,0.037,0.65,699.4,40,17.48,8233.32,11.77,5,24,2024,2,7533.92,2,High ROAS,1.0470704482086899,-0.238200738
7/10/2024,Google Ads,Shopping,SaaS,UK,10704,489,0.0457,1.71,836.19,36,23.23,5339.04,6.38,7,10,2024,3,4502.85,2,High ROAS,0.4513951351840653,0.3424270168441701
12/4/2024,TikTok Ads,Search,E-commerce,Australia,22772,1045,0.0459,0.95,992.75,38,26.12,5743.6,5.79,12,4,2024,4,4750.85,0,Medium ROAS,0.34139309815799423,0.3701090273111295
4/11/2024,Google Ads,Search,Fintech,Germany,68449,3285,0.048,2.38,7818.3,243,32.17,60681.21,7.76,4,11,2024,2,52862.909999999996,2,High ROAS,0.46707897094441947,0.4908178604869332
10/26/2024,Google Ads,Search,SaaS,UAE,51819,2497,0.0482,2.88,7191.36,138,52.11,37600.62,5.23,10,26,2024,4,30409.260000000002,0,Medium ROAS,-0.138064502,0.5969888628515934
11/19/2024,Google Ads,Video,Fintech,Australia,173722,3821,0.022,1.54,5884.34,201,29.28,44895.5,7.63,11,19,2024,4,39011.16,0,Medium ROAS,0.2760188934691938,-1.021367986
12/15/2024,Google Ads,Shopping,SaaS,USA,119014,5938,0.0499,2.88,17101.44,95,180.02,23773.95,1.39,12,15,2024,4,6672.510000000002,1,Low ROAS,-2.696820428,1.1688609843817659
5/20/2024,Google Ads,Search,SaaS,Australia,159741,6868,0.043,1.37,9409.16,336,28,33272.11,3.54,5,20,2024,2,23862.95,0,Medium ROAS,0.0447327429796645,0.2329383062698018
2/29/2024,Google Ads,Shopping,Fintech,Germany,167982,7693,0.0458,2.64,20309.52,193,105.23,10777.69,0.53,2,29,2024,1,-9531.83,1,Low ROAS,-1.558419577,0.688247443675327
6/8/2024,Google Ads,Video,Fintech,Germany,96658,2822,0.0292,3.37,9510.14,112,84.91,25060.16,2.64,6,8,2024,2,15550.02,1,Low ROAS,-1.134205981,-0.363251111
1/19/2024,Meta Ads,Video,EdTech,India,43467,991,0.0228,1.9,1882.9,25,75.32,3146.23,1.67,1,19,2024,1,1263.33,0,Medium ROAS,-1.130882822,-0.7553907
1/5/2024,Google Ads,Search,EdTech,UK,41378,2023,0.0489,1.23,2488.29,73,34.09,9343.63,3.76,1,5,2024,1,6855.339999999999,0,Medium ROAS,0.016415711370260034,0.5924013232264361
10/26/2024,TikTok Ads,Video,EdTech,India,100673,5718,0.0568,1.05,6003.9,196,30.63,41067.13,6.84,10,26,2024,4,35063.229999999996,2,High ROAS,0.47169365231397004,1.0044980875805087
12/13/2024,TikTok Ads,Shopping,Healthcare,Australia,191994,14898,0.0776,1.08,16089.84,936,17.19,60355.75,3.75,12,13,2024,4,44265.91,2,High ROAS,0.5509478072759334,2.1953860395258706
5/21/2024,TikTok Ads,Display,EdTech,UK,152235,6104,0.0401,0.73,4455.92,252,17.68,48424.44,10.87,5,21,2024,2,43968.520000000004,2,High ROAS,0.9747968034748331,-0.048539371
12/7/2024,Meta Ads,Video,Fintech,Australia,66929,1539,0.023,1.21,1862.19,38,49.01,9540.22,5.12,12,7,2024,4,7678.029999999999,0,Medium ROAS,-0.316483229,-0.869850455
5/9/2024,Google Ads,Video,SaaS,Canada,188202,7189,0.0382,1.15,8267.35,376,21.99,88923.49,10.76,5,9,2024,2,80656.14,0,Medium ROAS,0.8736207426920435,-0.142686094
1/25/2024,Google Ads,Video,Fintech,USA,184316,4091,0.0222,1.04,4254.64,309,13.77,82363.46,19.36,1,25,2024,1,78108.82,0,Medium ROAS,1.7894712738474692,-1.188426208
9/10/2024,Google Ads,Video,Healthcare,Canada,65545,3355,0.0512,1.77,5938.35,196,30.3,57936.29,9.76,9,10,2024,3,51997.94,2,High ROAS,0.7395542596422525,0.6480641439416504
6/4/2024,Google Ads,Video,Healthcare,USA,33141,798,0.0241,3.29,2625.42,42,62.51,7236.65,2.76,6,4,2024,2,4611.23,0,Medium ROAS,-0.786712306,-0.735215108
7/9/2024,Meta Ads,Video,Healthcare,Germany,76229,1562,0.0205,1.01,1577.62,30,52.59,4290.5,2.72,7,9,2024,3,2712.88,0,Medium ROAS,-0.65440833,-0.976526939
11/9/2024,TikTok Ads,Search,SaaS,Australia,141614,10677,0.0754,0.35,3736.95,305,12.25,62355.52,16.69,11,9,2024,4,58618.57,2,High ROAS,1.9935192305844502,1.9122116940989382
7/14/2024,Meta Ads,Shopping,Healthcare,UK,161193,4916,0.0305,1.37,6734.92,377,17.86,91408.9,13.57,7,14,2024,3,84673.98,0,Medium ROAS,1.17580893986441,-0.632239493
2/17/2024,Google Ads,Search,SaaS,Germany,142244,4935,0.0347,2.98,14706.3,127,115.8,34307.21,2.33,2,17,2024,1,19600.91,1,Low ROAS,-1.642129483,0.06258194251800607
3/27/2024,Meta Ads,Search,Fintech,UAE,178063,1851,0.0104,0.45,832.95,64,13.01,7044.13,8.46,3,27,2024,1,6211.18,0,Medium ROAS,0.5388608478570422,-1.756212171
1/28/2024,Google Ads,Video,Fintech,Australia,193978,5780,0.0298,1.73,9999.4,177,56.49,42071.17,4.21,1,28,2024,1,32071.769999999997,0,Medium ROAS,-0.480840226,-0.441476287
2/18/2024,Meta Ads,Display,SaaS,Canada,187051,6284,0.0336,2.01,12630.84,493,25.62,94906.46,7.51,2,18,2024,1,82275.62000000001,0,Medium ROAS,0.4260610487274638,-0.36150987
1/11/2024,Meta Ads,Video,EdTech,UK,152977,5491,0.0359,1.35,7412.85,147,50.43,9232.39,1.25,1,11,2024,1,1819.539999999999,0,Medium ROAS,-0.640476314,-0.077285105
5/1/2024,Google Ads,Display,E-commerce,UAE,129447,4310,0.0333,2.7,11637,211,55.15,16618.47,1.43,5,1,2024,2,4981.470000000001,0,Medium ROAS,-0.723793646,-0.213654226
1/22/2024,Google Ads,Shopping,Fintech,USA,28387,672,0.0237,3.32,2231.04,41,54.42,7232.57,3.24,1,22,2024,1,5001.53,0,Medium ROAS,-0.60216663,-0.790852922
4/27/2024,Meta Ads,Shopping,Fintech,Australia,88986,1308,0.0147,0.75,981,80,12.26,21439.34,21.85,4,27,2024,2,20458.34,0,Medium ROAS,2.0149814922923546,-1.654115182
1/10/2024,Google Ads,Video,SaaS,UK,170268,7917,0.0465,3.14,24859.38,98,253.67,22672.12,0.91,1,10,2024,1,-2187.26,1,Low ROAS,-4.023866479,1.226246854367365
1/20/2024,Google Ads,Display,Healthcare,USA,122322,6152,0.0503,1.23,7566.96,155,48.82,10417.89,1.38,1,20,2024,1,2850.9299999999994,0,Medium ROAS,-0.474149179,0.7487599803200852
2/7/2024,Meta Ads,Display,Healthcare,UK,69429,2430,0.035,1.59,3863.7,119,32.47,21584.01,5.59,2,7,2024,1,17720.309999999998,0,Medium ROAS,0.1178368697537884,-0.236728529
6/7/2024,Meta Ads,Display,SaaS,Canada,196675,4031,0.0205,1.97,7941.07,186,42.69,27686.79,3.49,6,7,2024,2,19745.72,0,Medium ROAS,-0.404868856,-1.018265753
5/25/2024,Google Ads,Video,E-commerce,Australia,104134,3603,0.0346,3.46,12466.38,234,53.28,14496.48,1.16,5,25,2024,2,2030.1000000000004,0,Medium ROAS,-0.709597054,-0.141877073
12/24/2024,Meta Ads,Display,EdTech,Canada,150544,2890,0.0192,1.7,4913,170,28.9,47769.42,9.72,12,24,2024,4,42856.42,0,Medium ROAS,0.48068241515586896,-1.20709031
10/28/2024,TikTok Ads,Video,SaaS,Canada,75553,3331,0.0441,0.44,1465.64,203,7.22,33301.04,22.72,10,28,2024,4,31835.4,2,High ROAS,2.448618104105843,0.019964817776832143
10/23/2024,Meta Ads,Search,EdTech,India,149565,2437,0.0163,0.37,901.69,30,30.06,3133.33,3.47,10,23,2024,4,2231.64,0,Medium ROAS,-0.229792577,-1.303653791
4/15/2024,Google Ads,Display,SaaS,India,12896,535,0.0415,0.98,524.3,20,26.21,2475.65,4.72,4,15,2024,2,1951.3500000000001,0,Medium ROAS,0.18764858084127894,0.12743397983407048
5/22/2024,TikTok Ads,Display,Fintech,Germany,70428,3310,0.047,1.17,3872.7,164,23.61,25462.93,6.57,5,22,2024,2,21590.23,2,High ROAS,0.4765055476735683,0.4168576281890831
6/9/2024,TikTok Ads,Shopping,EdTech,USA,12345,456,0.037,0.62,282.72,21,13.46,5118.94,18.11,6,9,2024,2,4836.219999999999,2,High ROAS,1.7903080559687605,-0.320003676
11/25/2024,Meta Ads,Display,SaaS,USA,18140,455,0.0251,1.15,523.25,29,18.04,1746.46,3.34,11,25,2024,4,1223.21,0,Medium ROAS,0.036306735361810734,-0.833887485
2/18/2024,Google Ads,Video,Fintech,Australia,42823,1588,0.0371,2.97,4716.36,33,142.92,3266.45,0.69,2,18,2024,1,-1449.91,1,Low ROAS,-2.254859753,0.3106849961764545
1/26/2024,TikTok Ads,Shopping,SaaS,Germany,34118,1470,0.0431,0.85,1249.5,55,22.72,3037.11,2.43,1,26,2024,1,1787.6100000000001,0,Medium ROAS,0.01673955009488984,0.23282398435394516
1/8/2024,Meta Ads,Video,EdTech,UK,127775,3871,0.0303,0.76,2941.96,159,18.5,28717.22,9.76,1,8,2024,1,25775.260000000002,0,Medium ROAS,0.7574749928363883,-0.600648859
9/15/2024,Google Ads,Shopping,Fintech,UAE,136354,3736,0.0274,1.16,4333.76,152,28.51,29811.83,6.88,9,15,2024,3,25478.07,0,Medium ROAS,0.25613829667303084,-0.703568267
10/28/2024,Google Ads,Shopping,E-commerce,Germany,115454,7227,0.0626,2.46,17778.42,154,115.44,5144.22,0.29,10,28,2024,4,-12634.2,1,Low ROAS,-1.610650817,1.6970293388918227
6/2/2024,Meta Ads,Search,EdTech,USA,37994,1379,0.0363,1.06,1461.74,58,25.2,7343.12,5.02,6,2,2024,2,5881.38,0,Medium ROAS,0.19146608574419116,-0.17997076
10/12/2024,Meta Ads,Video,EdTech,Germany,74615,2327,0.0312,1.1,2559.7,129,19.84,25496.94,9.96,10,12,2024,4,22937.239999999998,0,Medium ROAS,0.7639258212042422,-0.546217541
12/15/2024,Google Ads,Search,EdTech,Canada,176790,4490,0.0254,1.49,6690.1,250,26.76,74442.63,11.13,12,15,2024,4,67752.53,0,Medium ROAS,0.7209829471509666,-0.870890396
10/29/2024,Google Ads,Shopping,Fintech,Germany,60077,1994,0.0332,3.11,6201.34,28,221.48,7635.29,1.23,10,29,2024,4,1433.9499999999998,1,Low ROAS,-3.560714986,0.34476763265118016
3/31/2024,Meta Ads,Display,Fintech,Canada,151295,2163,0.0143,1.58,3417.54,85,40.21,3173.67,0.93,3,31,2024,1,-243.87,0,Medium ROAS,-0.689461248,-1.357703267
4/19/2024,TikTok Ads,Display,E-commerce,Canada,20282,1740,0.0858,1.25,2175,94,23.14,14237,6.55,4,19,2024,2,12062,2,High ROAS,0.8197723658710976,2.659645163687836
10/12/2024,Google Ads,Search,Healthcare,Germany,185488,3950,0.0213,1.39,5490.5,289,19,75172.15,13.69,10,12,2024,4,69681.65,0,Medium ROAS,1.0892847454444168,-1.161799009
9/11/2024,Meta Ads,Display,E-commerce,Australia,28567,999,0.035,1.69,1688.31,68,24.83,13037.25,7.72,9,11,2024,3,11348.94,0,Medium ROAS,0.4739707069051481,-0.285464144
11/19/2024,Google Ads,Search,E-commerce,UAE,96170,5145,0.0535,2.12,10907.4,268,40.7,72622.99,6.66,11,19,2024,4,61715.590000000004,2,High ROAS,0.25341210838417577,0.8495935992072691
2/7/2024,Meta Ads,Shopping,Healthcare,Canada,101019,2515,0.0249,1.69,4250.35,72,59.03,11353.12,2.67,2,7,2024,1,7102.77,0,Medium ROAS,-0.730448718,-0.699734788
3/1/2024,TikTok Ads,Shopping,E-commerce,UK,91795,3800,0.0414,1.22,4636,157,29.53,24815.09,5.35,3,1,2024,1,20179.09,0,Medium ROAS,0.19769037676280463,0.12608999803904877
7/8/2024,Meta Ads,Search,E-commerce,India,22543,333,0.0148,1.49,496.17,12,41.35,642.18,1.29,7,8,2024,3,146.00999999999993,0,Medium ROAS,-0.666064717,-1.328805064
2/28/2024,Meta Ads,Shopping,Healthcare,Canada,119598,1064,0.0089,2,2128,64,33.25,17165.43,8.07,2,28,2024,1,15037.43,0,Medium ROAS,0.14176513871706495,-1.770380568
8/27/2024,Meta Ads,Search,EdTech,UAE,158504,4897,0.0309,0.43,2105.71,255,8.26,54921.72,26.08,8,27,2024,3,52816.01,2,High ROAS,2.6740573968387706,-0.776151954
3/22/2024,Google Ads,Display,E-commerce,Australia,39542,1209,0.0306,1.85,2236.65,42,53.25,7992.11,3.57,3,22,2024,1,5755.459999999999,0,Medium ROAS,-0.487212943,-0.39926694
7/19/2024,Google Ads,Display,Fintech,India,110848,3181,0.0287,2.45,7793.45,186,41.9,32321.78,4.15,7,19,2024,3,24528.329999999998,0,Medium ROAS,-0.249894793,-0.553755568
12/22/2024,Meta Ads,Video,Healthcare,Australia,79964,1487,0.0186,1.07,1591.09,22,72.32,3882.65,2.44,12,22,2024,4,2291.5600000000004,0,Medium ROAS,-1.034637288,-1.016737983
12/19/2024,TikTok Ads,Display,EdTech,Germany,105127,7747,0.0737,0.88,6817.36,460,14.82,99299.9,14.57,12,19,2024,4,92482.54,2,High ROAS,1.7094635692763234,1.8453808049412077
1/7/2024,Google Ads,Shopping,EdTech,UAE,73803,1505,0.0204,2.12,3190.6,98,32.56,18709.86,5.86,1,7,2024,1,15519.26,0,Medium ROAS,0.018092728709677996,-1.083781781
6/24/2024,Google Ads,Shopping,Healthcare,UK,96575,4925,0.051,2.4,11820,181,65.3,7335.74,0.62,6,24,2024,2,-4484.26,1,Low ROAS,-0.827887089,0.8531134227781407
2/20/2024,Google Ads,Shopping,Fintech,UK,162489,4500,0.0277,3.03,13635,184,74.1,54944.54,4.03,2,20,2024,1,41309.54,0,Medium ROAS,-0.816282497,-0.501494969
5/5/2024,Meta Ads,Search,Healthcare,Canada,76155,3548,0.0466,1.25,4435,243,18.25,30659.34,6.91,5,5,2024,2,26224.34,2,High ROAS,0.5999423051631324,0.3719512973992765
12/6/2024,TikTok Ads,Search,Fintech,UK,180021,13105,0.0728,1.61,21099.05,880,23.98,75656.62,3.59,12,6,2024,4,54557.56999999999,2,High ROAS,0.37725721204605517,1.942423959472369
4/13/2024,TikTok Ads,Video,EdTech,UK,79965,3070,0.0384,1.02,3131.4,237,13.21,65306,20.86,4,13,2024,2,62174.6,2,High ROAS,2.099588809527961,-0.269463754
5/28/2024,Meta Ads,Search,EdTech,India,49789,622,0.0125,2.08,1293.76,48,26.95,7704.96,5.96,5,28,2024,2,6411.2,0,Medium ROAS,0.05497280868511859,-1.560744403
4/11/2024,TikTok Ads,Video,SaaS,Germany,195026,9653,0.0495,1.83,17664.99,371,47.61,94022.57,5.32,4,11,2024,2,76357.58,2,High ROAS,-0.041021318,0.6560052353151156
2/17/2024,TikTok Ads,Shopping,Healthcare,Canada,130438,7721,0.0592,1.6,12353.6,353,35,70310.53,5.69,2,17,2024,1,57956.93,2,High ROAS,0.2961395457623343,1.1704530855034123
12/14/2024,TikTok Ads,Shopping,SaaS,India,141917,4796,0.0338,0.66,3165.36,369,8.58,11953.05,3.78,12,14,2024,4,8787.689999999999,0,Medium ROAS,0.3189191063741413,-0.36738771
11/22/2024,TikTok Ads,Shopping,SaaS,USA,146958,7494,0.051,1.68,12589.92,538,23.4,117826.98,9.36,11,22,2024,4,105237.06,2,High ROAS,0.8119815528768177,0.6174842043965213
9/16/2024,Google Ads,Video,E-commerce,UK,13605,300,0.0221,2.08,624,21,29.71,4495.51,7.2,9,16,2024,3,3871.51,0,Medium ROAS,0.223816943899961,-1.009504209
5/23/2024,Google Ads,Display,SaaS,Germany,116041,6428,0.0554,1.75,11249,74,152.01,13873.48,1.23,5,23,2024,2,2624.4799999999996,1,Low ROAS,-2.192022293,1.3940481842642938
9/25/2024,TikTok Ads,Search,E-commerce,India,170396,10138,0.0595,1.08,10949.04,494,22.16,99795.18,9.11,9,25,2024,3,88846.13999999998,2,High ROAS,0.8802651581312746,1.1076171812129203
2/22/2024,Meta Ads,Display,EdTech,India,19743,619,0.0314,1.25,773.75,41,18.87,9219.46,11.92,2,22,2024,1,8445.71,0,Medium ROAS,0.9908197305747677,-0.559017189
8/28/2024,Google Ads,Search,E-commerce,Australia,94081,5588,0.0594,2.69,15031.72,88,170.81,24757.88,1.65,8,28,2024,3,9726.160000000002,1,Low ROAS,-2.430651094,1.6844137078458632
6/10/2024,TikTok Ads,Video,Fintech,USA,141643,8526,0.0602,0.46,3921.96,379,10.35,51038.1,13.01,6,10,2024,2,47116.14,2,High ROAS,1.5015590682067828,1.0662326481590336
1/23/2024,Meta Ads,Shopping,SaaS,Australia,90716,3002,0.0331,1.47,4412.94,194,22.75,39560.54,8.96,1,23,2024,1,35147.6,0,Medium ROAS,0.6247053153450571,-0.415729703
12/20/2024,Google Ads,Search,EdTech,USA,72055,1678,0.0233,3.17,5319.26,41,129.74,8506.9,1.6,12,20,2024,4,3187.6399999999994,1,Low ROAS,-2.054922318,-0.541824641
4/18/2024,Meta Ads,Shopping,E-commerce,Germany,112692,2096,0.0186,2.27,4757.92,89,53.46,16587.58,3.49,4,18,2024,2,11829.660000000002,0,Medium ROAS,-0.603650548,-1.091766783
11/8/2024,Google Ads,Video,Fintech,UAE,31672,877,0.0277,0.72,631.44,16,39.47,2266.94,3.59,11,8,2024,4,1635.5,0,Medium ROAS,-0.277109491,-0.613780456
6/30/2024,Meta Ads,Video,E-commerce,Germany,59131,1425,0.0241,1.04,1482,66,22.45,19372.57,13.07,6,30,2024,2,17890.57,0,Medium ROAS,0.9892231770950907,-0.981519982
6/23/2024,Google Ads,Search,SaaS,Canada,119397,3868,0.0324,1.8,6962.4,193,36.07,35393.3,5.08,6,23,2024,2,28430.9,0,Medium ROAS,-0.020011868,-0.369457857
11/2/2024,Meta Ads,Search,EdTech,Australia,157008,5024,0.032,0.72,3617.28,379,9.54,73104.85,20.21,11,2,2024,4,69487.57,2,High ROAS,2.036809537526726,-0.645042002
1/4/2024,Meta Ads,Shopping,EdTech,UK,117217,2133,0.0182,1.29,2751.57,129,21.33,25455.36,9.25,1,4,2024,1,22703.79,0,Medium ROAS,0.5500353406181872,-1.285452427
10/27/2024,TikTok Ads,Search,SaaS,Canada,111956,5911,0.0528,1.57,9280.27,253,36.68,68395.54,7.37,10,27,2024,4,59115.26999999999,2,High ROAS,0.39096826476021057,0.7878823496223913
1/5/2024,Meta Ads,Display,SaaS,USA,10939,113,0.0104,1.18,133.34,6,22.22,1684.43,12.63,1,5,2024,1,1551.0900000000001,0,Medium ROAS,0.8271067692733471,-1.769959651
8/10/2024,TikTok Ads,Display,SaaS,India,72293,4532,0.0627,1.81,8202.92,169,48.54,35145.36,4.28,8,10,2024,3,26942.440000000002,2,High ROAS,-0.052718911,1.4338155976814129
2/17/2024,Google Ads,Shopping,Fintech,Germany,78402,4531,0.0578,2.75,12460.25,105,118.67,25620.07,2.06,2,17,2024,1,13159.82,1,Low ROAS,-1.518552116,1.4112705804701529
10/25/2024,TikTok Ads,Display,E-commerce,Canada,160892,9122,0.0567,0.64,5838.08,590,9.9,170654.73,29.23,10,25,2024,4,164816.65000000002,2,High ROAS,3.206160671471804,0.6877467470806092
3/14/2024,TikTok Ads,Search,EdTech,USA,154092,8860,0.0575,1.17,10366.2,246,42.14,23706.53,2.29,3,14,2024,1,13340.329999999998,2,High ROAS,-0.2015725,1.1328377777006706
1/10/2024,Meta Ads,Shopping,Healthcare,UAE,73323,1928,0.0263,1.71,3296.88,121,27.25,33634.99,10.2,1,10,2024,1,30338.109999999997,0,Medium ROAS,0.6214733545254308,-0.807172491
1/17/2024,TikTok Ads,Video,SaaS,India,58521,3318,0.0567,1.85,6138.3,39,157.39,10013.26,1.63,1,17,2024,1,3874.96,1,Low ROAS,-2.229160404,1.4831149260505163
10/4/2024,TikTok Ads,Search,SaaS,USA,48361,2713,0.0561,0.87,2360.31,54,43.71,7890.9,3.34,10,4,2024,4,5530.59,2,High ROAS,-0.128492181,1.0458701164466566
5/11/2024,TikTok Ads,Display,Healthcare,UAE,179870,7500,0.0417,1.44,10800,112,96.43,5446.79,0.5,5,11,2024,2,-5353.21,1,Low ROAS,-1.448352514,0.42169306378049626
10/6/2024,TikTok Ads,Search,E-commerce,Canada,114850,8234,0.0717,1.63,13421.42,245,54.78,35478.84,2.64,10,6,2024,4,22057.42,2,High ROAS,-0.254703207,1.9931006786917127
6/17/2024,Google Ads,Display,Healthcare,India,54976,2611,0.0475,1.32,3446.52,187,18.43,8230.48,2.39,6,17,2024,2,4783.959999999999,0,Medium ROAS,0.1233446661810875,0.4732502713683471
8/26/2024,Google Ads,Shopping,Fintech,Australia,162636,9237,0.0568,1.41,13024.17,738,17.65,102989.98,7.91,8,26,2024,3,89965.81,2,High ROAS,0.8053049465954161,0.9491234794761355
5/28/2024,Google Ads,Display,Healthcare,India,23375,1175,0.0503,1.42,1668.5,15,111.23,1524.57,0.91,5,28,2024,2,-143.93,1,Low ROAS,-1.580349391,0.9647098635332418
12/22/2024,Meta Ads,Shopping,E-commerce,Canada,167917,6246,0.0372,0.6,3747.6,413,9.07,25997.62,6.94,12,22,2024,4,22250.02,0,Medium ROAS,0.6767359381233448,-0.203080464
9/7/2024,Google Ads,Search,E-commerce,USA,71216,2357,0.0331,3.17,7471.69,179,41.74,29354.19,3.93,9,7,2024,3,21882.5,0,Medium ROAS,-0.232350357,-0.297436587
12/4/2024,Google Ads,Video,EdTech,Germany,29618,1883,0.0636,2.17,4086.11,90,45.4,26198.96,6.41,12,4,2024,4,22112.85,2,High ROAS,0.235090092629886,1.4523414204186564
12/1/2024,Google Ads,Search,Healthcare,Canada,136461,3984,0.0292,1.49,5936.16,214,27.74,24710.24,4.16,12,1,2024,4,18774.08,0,Medium ROAS,-0.004855954,-0.572792316
7/24/2024,TikTok Ads,Search,Healthcare,Australia,132426,7309,0.0552,0.32,2338.88,171,13.68,24136.13,10.32,7,24,2024,3,21797.25,2,High ROAS,1.1152372438349016,0.8172338204883228
11/29/2024,TikTok Ads,Search,E-commerce,Germany,159692,6882,0.0431,0.37,2546.34,523,4.87,106309.31,41.75,11,29,2024,4,103762.97,2,High ROAS,4.506379577823572,-0.250579253
9/4/2024,Meta Ads,Video,Fintech,India,27931,608,0.0218,1.52,924.16,10,92.42,1389.72,1.5,9,4,2024,3,465.56000000000006,1,Low ROAS,-1.447062835,-0.75361724
8/6/2024,Meta Ads,Display,EdTech,USA,131155,4052,0.0309,1.24,5024.48,209,24.04,15982.2,3.18,8,6,2024,3,10957.720000000001,0,Medium ROAS,-0.031826855,-0.476423688
5/27/2024,TikTok Ads,Shopping,Fintech,USA,66842,2339,0.035,1.4,3274.6,123,26.62,14081.65,4.3,5,27,2024,2,10807.05,0,Medium ROAS,0.07944995966656052,-0.242616074
3/5/2024,Google Ads,Shopping,SaaS,UAE,7642,202,0.0265,3.38,682.76,11,62.07,1542.21,2.26,3,5,2024,1,859.45,0,Medium ROAS,-0.811643421,-0.592507851
6/12/2024,Google Ads,Shopping,E-commerce,USA,70618,3601,0.051,2.23,8030.23,145,55.38,7976.29,0.99,6,12,2024,2,-53.94,0,Medium ROAS,-0.62060906,0.8156110488343926
9/27/2024,Meta Ads,Video,E-commerce,Germany,74212,1528,0.0206,1.46,2230.88,85,26.25,21331.58,9.56,9,27,2024,3,19100.7,0,Medium ROAS,0.5206633788272862,-1.13334858
3/9/2024,Google Ads,Shopping,E-commerce,USA,10039,501,0.05,2.29,1147.29,36,31.87,4805.52,4.19,3,9,2024,1,3658.2300000000005,2,High ROAS,0.10934566917545026,0.6438958970726757
12/23/2024,Meta Ads,Video,Healthcare,India,102088,4481,0.0439,0.73,3271.13,316,10.35,87569.74,26.77,12,23,2024,4,84298.61,2,High ROAS,2.825234638043334,-0.024604516
9/14/2024,TikTok Ads,Display,Fintech,UAE,25025,1256,0.0502,0.43,540.08,38,14.21,5694.61,10.54,9,14,2024,3,5154.53,2,High ROAS,1.0862132181195927,0.5274616115447822
11/5/2024,Google Ads,Shopping,Healthcare,Canada,36707,943,0.0257,1.31,1235.33,21,58.83,4396.12,3.56,11,5,2024,4,3160.79,0,Medium ROAS,-0.625321816,-0.663715717
10/17/2024,TikTok Ads,Search,EdTech,Canada,17356,925,0.0533,0.46,425.5,62,6.86,5476.85,12.87,10,17,2024,4,5051.35,2,High ROAS,1.4857000866414558,0.656855423668562
6/25/2024,TikTok Ads,Search,EdTech,India,86257,4597,0.0533,0.83,3815.51,301,12.68,80903.28,21.2,6,25,2024,2,77087.77,2,High ROAS,2.274352876356951,0.5868907939533752
11/8/2024,Google Ads,Shopping,Fintech,India,32518,1258,0.0387,2.41,3031.78,12,252.65,2688.72,0.89,11,8,2024,4,-343.06,1,Low ROAS,-4.076571835,0.7718696496680155
7/27/2024,Meta Ads,Display,E-commerce,India,75269,2604,0.0346,0.83,2161.32,70,30.88,3191.14,1.48,7,27,2024,3,1029.8199999999997,0,Medium ROAS,-0.296448791,-0.221013217
5/16/2024,Google Ads,Video,EdTech,Canada,20534,993,0.0484,2.87,2849.91,49,58.16,1762.93,0.62,5,16,2024,2,-1086.98,0,Medium ROAS,-0.729671224,0.6786044111858563
11/15/2024,TikTok Ads,Shopping,E-commerce,UAE,98500,5614,0.057,0.61,3424.54,220,15.57,7676.57,2.24,11,15,2024,4,4252.03,2,High ROAS,0.23838999844296466,1.0146722109871364
7/25/2024,TikTok Ads,Search,Fintech,UAE,41468,3354,0.0809,1.11,3722.94,81,45.96,5215.94,1.4,7,25,2024,3,1492.9999999999995,2,High ROAS,-0.157492436,2.508759598682534
5/26/2024,Google Ads,Video,Healthcare,Canada,123696,6531,0.0528,2.58,16849.98,466,36.16,62974.93,3.74,5,26,2024,2,46124.95,2,High ROAS,0.013173994376483734,0.8251841989074756
11/8/2024,Meta Ads,Shopping,EdTech,Germany,81848,1694,0.0207,1.29,2185.26,58,37.68,7573.87,3.47,11,8,2024,4,5388.61,0,Medium ROAS,-0.320476757,-1.023412248
2/29/2024,Google Ads,Display,EdTech,Canada,92923,1932,0.0208,3.17,6124.44,32,191.39,1855.78,0.3,2,29,2024,1,-4268.66,1,Low ROAS,-3.25839854,-0.464110036
11/9/2024,Google Ads,Shopping,E-commerce,UK,170732,7700,0.0451,0.81,6237,434,14.37,53677.08,8.61,11,9,2024,4,47440.08,2,High ROAS,0.8336064404296448,0.25378932106537766
10/3/2024,Google Ads,Display,E-commerce,Australia,86471,4859,0.0562,1.57,7628.63,248,30.76,19852.56,2.6,10,3,2024,4,12223.93,2,High ROAS,0.012716593909948254,1.0158565046612942
10/26/2024,Meta Ads,Display,EdTech,UK,115986,1357,0.0117,1.48,2008.36,79,25.42,8002.44,3.98,10,26,2024,4,5994.08,0,Medium ROAS,-0.136962554,-1.590880938
6/21/2024,TikTok Ads,Display,Healthcare,USA,42019,2979,0.0709,1.51,4498.29,234,19.22,56724.23,12.61,6,21,2024,2,52225.94,2,High ROAS,1.4019126498685326,1.7193890404687544
1/28/2024,TikTok Ads,Shopping,EdTech,USA,34063,1243,0.0365,0.38,472.34,40,11.81,10897.53,23.07,1,28,2024,1,10425.19,2,High ROAS,2.3421207378764106,-0.407868747
4/13/2024,TikTok Ads,Shopping,Healthcare,Australia,107476,4707,0.0438,1.7,8001.9,293,27.31,72605.27,9.07,4,13,2024,2,64603.37,2,High ROAS,0.6523105776368913,0.2173749304645869
12/16/2024,TikTok Ads,Search,Fintech,Canada,33302,3007,0.0903,0.28,841.96,95,8.86,3253.81,3.86,12,16,2024,4,2411.85,2,High ROAS,0.814080571794903,2.9006118270608745
12/21/2024,Google Ads,Shopping,SaaS,USA,70206,3945,0.0562,3.6,14202,248,57.27,37055.99,2.61,12,21,2024,4,22853.989999999998,2,High ROAS,-0.434839026,1.1053301302294072
2/17/2024,Meta Ads,Video,E-commerce,Germany,16094,616,0.0383,2.29,1410.64,40,35.27,8923.08,6.33,2,17,2024,1,7512.44,0,Medium ROAS,0.17796319870422753,-0.044360031
6/3/2024,Meta Ads,Video,Fintech,UAE,182718,2558,0.014,1.36,3478.88,124,28.06,28756.15,8.27,6,3,2024,2,25277.27,0,Medium ROAS,0.2952485098191789,-1.495090496
8/1/2024,TikTok Ads,Search,EdTech,India,66169,2057,0.0311,1.49,3064.93,136,22.54,39364.99,12.84,8,1,2024,3,36300.06,0,Medium ROAS,1.024084111737133,-0.573866723
1/13/2024,Meta Ads,Shopping,SaaS,India,24404,710,0.0291,0.61,433.1,10,43.31,923.15,2.13,1,13,2024,1,490.04999999999995,0,Medium ROAS,-0.485406479,-0.504119978
5/23/2024,TikTok Ads,Shopping,EdTech,Australia,30517,2575,0.0844,0.8,2060,205,10.05,7811.94,3.79,5,23,2024,2,5751.94,2,High ROAS,0.7351753527503414,2.564135002487229
4/4/2024,TikTok Ads,Video,E-commerce,Australia,145148,5762,0.0397,1.49,8585.38,213,40.31,10475.22,1.22,4,4,2024,2,1889.8400000000001,0,Medium ROAS,-0.439365088,0.10862963222040466
2/19/2024,Google Ads,Display,Fintech,Germany,37101,2166,0.0584,2.95,6389.7,45,141.99,3868.37,0.61,2,19,2024,1,-2521.33,1,Low ROAS,-2.062395776,1.5403779188622724
2/8/2024,Meta Ads,Search,EdTech,UK,151480,2514,0.0166,2.06,5178.84,72,71.93,4076.45,0.79,2,8,2024,1,-1102.39,0,Medium ROAS,-1.221155992,-1.115980135
4/5/2024,TikTok Ads,Video,EdTech,India,159813,7575,0.0474,0.9,6817.5,319,21.37,35965.7,5.28,4,5,2024,2,29148.199999999997,2,High ROAS,0.380506507596908,0.44630448459129735
9/21/2024,TikTok Ads,Display,Healthcare,UK,135956,11529,0.0848,0.5,5764.5,732,7.88,207824.45,36.05,9,21,2024,3,202059.95,2,High ROAS,4.211058140290609,2.2328184907836857
7/26/2024,Google Ads,Search,SaaS,UAE,70982,2548,0.0359,2.88,7338.24,117,62.72,32045.18,4.37,7,26,2024,3,24706.940000000002,0,Medium ROAS,-0.516177022,-0.069326748
3/17/2024,TikTok Ads,Search,Healthcare,India,132992,7926,0.0596,0.64,5072.64,553,9.17,41271.28,8.14,3,17,2024,1,36198.64,2,High ROAS,0.9976559001210744,1.0799432165720615
8/13/2024,TikTok Ads,Video,Healthcare,India,13597,747,0.055,1.91,1426.77,25,57.07,5673.88,3.98,8,13,2024,3,4247.110000000001,2,High ROAS,-0.295986224,1.020505995771925
5/6/2024,Meta Ads,Search,EdTech,USA,199472,5286,0.0265,1.32,6977.52,192,36.34,17789.77,2.55,5,6,2024,2,10812.25,0,Medium ROAS,-0.345337579,-0.682573758
2/27/2024,Google Ads,Search,Healthcare,USA,108751,5459,0.0502,1.43,7806.37,345,22.63,24740.95,3.17,2,27,2024,1,16934.58,2,High ROAS,0.15882102031253612,0.6352156609689185
12/24/2024,Meta Ads,Display,E-commerce,India,175591,5864,0.0334,0.44,2580.16,333,7.75,52097.57,20.19,12,24,2024,4,49517.41,2,High ROAS,2.077146948544155,-0.569900612
11/8/2024,TikTok Ads,Search,EdTech,India,36027,2770,0.0769,1.08,2991.6,205,14.59,16618.85,5.56,11,8,2024,4,13627.249999999998,2,High ROAS,0.7816234567443108,2.126637118205216
8/19/2024,TikTok Ads,Shopping,E-commerce,Canada,57265,2302,0.0402,1.3,2992.6,85,35.21,4068.49,1.36,8,19,2024,3,1075.8899999999999,0,Medium ROAS,-0.33380089,0.11880916153370737
7/18/2024,Google Ads,Shopping,Fintech,India,161904,4727,0.0292,1.64,7752.28,263,29.48,21545.93,2.78,7,18,2024,3,13793.650000000001,0,Medium ROAS,-0.181271089,-0.552063719
8/31/2024,Google Ads,Display,Healthcare,Canada,49757,1243,0.025,3.14,3903.02,39,100.08,4749.9,1.22,8,31,2024,3,846.8799999999997,1,Low ROAS,-1.578680236,-0.539634742
7/28/2024,Google Ads,Video,EdTech,USA,168623,6896,0.0409,1.42,9792.32,200,48.96,24436.96,2.5,7,28,2024,3,14644.64,0,Medium ROAS,-0.438990333,0.1934934205664278
9/6/2024,Meta Ads,Video,SaaS,Canada,98079,3226,0.0329,2.18,7032.68,44,159.83,1401.71,0.2,9,6,2024,3,-5630.97,1,Low ROAS,-2.629734734,0.13017423090140082
6/23/2024,Google Ads,Search,EdTech,UK,11305,562,0.0498,1.72,966.64,42,23.02,8107.06,8.39,6,23,2024,2,7140.42,2,High ROAS,0.7046710387833767,0.5572303563245178
10/20/2024,TikTok Ads,Shopping,Healthcare,India,109188,6354,0.0582,1.26,8006.04,216,37.06,49228.57,6.15,10,20,2024,4,41222.53,2,High ROAS,0.30157169012095414,1.1146253161753719
8/14/2024,Meta Ads,Display,Healthcare,Germany,73309,2323,0.0317,0.6,1393.8,39,35.74,1966.71,1.41,8,14,2024,3,572.9100000000001,0,Medium ROAS,-0.411369332,-0.371570999
12/14/2024,Google Ads,Video,Healthcare,India,81996,1508,0.0184,2.33,3513.64,75,46.85,8251.24,2.35,12,14,2024,4,4737.6,0,Medium ROAS,-0.614940647,-1.113404327
4/3/2024,TikTok Ads,Display,EdTech,UK,122192,4398,0.036,0.99,4354.02,348,12.51,64414.08,14.79,4,3,2024,2,60060.06,2,High ROAS,1.4441084763663694,-0.345329667
11/30/2024,Google Ads,Display,SaaS,UAE,79960,1591,0.0199,1.03,1638.73,55,29.8,15206.45,9.28,11,30,2024,4,13567.720000000001,0,Medium ROAS,0.42467999496131814,-1.158827219
11/5/2024,Meta Ads,Display,Healthcare,Australia,188804,5267,0.0279,2.1,11060.7,64,172.82,10138.3,0.92,11,5,2024,4,-922.4,1,Low ROAS,-2.816365655,-0.122873816
5/25/2024,Meta Ads,Display,Fintech,UK,80139,2436,0.0304,1.58,3848.88,37,104.02,4653.12,1.21,5,25,2024,2,804.2399999999998,1,Low ROAS,-1.599456911,-0.213881676
12/25/2024,Meta Ads,Shopping,SaaS,Germany,51999,930,0.0179,1.2,1116,13,85.85,1777.36,1.59,12,25,2024,4,661.3599999999999,0,Medium ROAS,-1.360214013,-1.002359488
12/11/2024,Google Ads,Video,EdTech,India,119527,6597,0.0552,3.1,20450.7,497,41.15,137884.47,6.74,12,11,2024,4,117433.77,2,High ROAS,0.2691017557666172,0.948580032812724
8/17/2024,Meta Ads,Search,Fintech,India,194073,6346,0.0327,1.8,11422.8,168,67.99,9921.38,0.87,8,17,2024,3,-1501.42,0,Medium ROAS,-1.005939086,-0.198943841
9/27/2024,TikTok Ads,Display,SaaS,UK,55599,3697,0.0665,1.64,6063.08,217,27.94,25513.42,4.21,9,27,2024,3,19450.339999999997,2,High ROAS,0.32148215877197817,1.5847472613206857
10/17/2024,Google Ads,Video,Healthcare,India,176541,4378,0.0248,2.87,12564.86,175,71.8,19637.27,1.56,10,17,2024,4,7072.41,0,Medium ROAS,-1.065635935,-0.650423318
6/23/2024,Google Ads,Display,Fintech,UAE,118710,4036,0.034,2.48,10009.28,235,42.59,28657.57,2.86,6,23,2024,2,18648.29,0,Medium ROAS,-0.352862083,-0.23099578
2/17/2024,TikTok Ads,Search,Fintech,Germany,113297,9675,0.0854,1.81,17511.75,380,46.08,16593.87,0.95,2,17,2024,1,-917.88,2,High ROAS,-0.168311597,2.77428347270783
7/5/2024,Google Ads,Search,Fintech,UK,6881,357,0.052,2.29,817.53,5,163.51,872.75,1.07,7,5,2024,3,55.22000000000003,1,Low ROAS,-2.433242993,1.2379767581736543
5/20/2024,Meta Ads,Shopping,EdTech,Germany,121477,1834,0.0151,0.49,898.66,98,9.17,10542.66,11.73,5,20,2024,2,9644,0,Medium ROAS,0.9929740012755649,-1.532529299
6/28/2024,Google Ads,Display,SaaS,Australia,188419,10231,0.0543,2.15,21996.65,754,29.17,134062.71,6.09,6,28,2024,2,112066.06,2,High ROAS,0.3947835066278847,0.8630366009064425
8/11/2024,Meta Ads,Video,EdTech,UK,46743,1523,0.0326,0.8,1218.4,51,23.89,5825.03,4.78,8,11,2024,3,4606.629999999999,0,Medium ROAS,0.15589601948825832,-0.39582003
3/10/2024,Google Ads,Video,Fintech,India,93302,4058,0.0435,0.81,3286.98,50,65.74,14861.71,4.52,3,10,2024,1,11574.73,0,Medium ROAS,-0.485211485,0.3788421085730977
5/14/2024,Google Ads,Search,SaaS,Australia,140747,8571,0.0609,3.25,27855.75,332,83.9,48279.89,1.73,5,14,2024,2,20424.14,1,Low ROAS,-0.938334297,1.4766298926571857
4/16/2024,Google Ads,Search,Healthcare,Australia,36831,1572,0.0427,3.45,5423.4,48,112.99,4165.73,0.77,4,16,2024,2,-1257.67,1,Low ROAS,-1.691140407,0.5325857362322791
4/17/2024,TikTok Ads,Display,SaaS,Germany,146842,10646,0.0725,1.23,13094.58,615,21.29,113988.39,8.71,4,17,2024,2,100893.81,2,High ROAS,0.9654488524357419,1.860890802108408
4/5/2024,Meta Ads,Display,EdTech,USA,69892,2851,0.0408,0.78,2223.78,52,42.77,11407.42,5.13,4,5,2024,2,9183.64,0,Medium ROAS,-0.055014228,0.13849362298049828
3/29/2024,Google Ads,Shopping,SaaS,UK,118985,4545,0.0382,3.23,14680.35,259,56.68,58417.12,3.98,3,29,2024,1,43736.770000000004,0,Medium ROAS,-0.435495777,0.04748975225635448
7/12/2024,Meta Ads,Display,E-commerce,India,12452,280,0.0225,1.23,344.4,18,19.13,4734.22,13.75,7,12,2024,3,4389.820000000001,0,Medium ROAS,1.1039111658608334,-1.092598297
1/22/2024,Google Ads,Display,EdTech,UAE,85077,4032,0.0474,2.84,11450.88,253,45.26,13168.69,1.15,1,22,2024,1,1717.8100000000013,0,Medium ROAS,-0.463620595,0.5714713766533309
8/18/2024,TikTok Ads,Search,Fintech,India,39782,3393,0.0853,1.71,5802.03,143,40.57,23555.27,4.06,8,18,2024,3,17753.24,2,High ROAS,0.2552769524637585,2.7164166687816533
4/13/2024,Google Ads,Video,EdTech,Australia,192135,10663,0.0555,1.78,18980.14,741,25.61,213823.36,11.27,4,13,2024,2,194843.21999999997,2,High ROAS,1.0171333579246618,0.8646767644905456
4/4/2024,Meta Ads,Search,Healthcare,India,156317,5924,0.0379,0.71,4206.04,464,9.06,64623.96,15.36,4,4,2024,2,60417.92,2,High ROAS,1.5797209026228274,-0.253226502
2/15/2024,Google Ads,Shopping,Fintech,Germany,39754,2007,0.0505,2.33,4676.31,108,43.3,6981.98,1.49,2,15,2024,1,2305.669999999999,0,Medium ROAS,-0.367281538,0.7404913122721094
10/2/2024,Meta Ads,Shopping,EdTech,UAE,84526,2214,0.0262,0.44,974.16,117,8.33,30360.22,31.17,10,2,2024,4,29386.06,2,High ROAS,3.174080660862652,-1.102528292
8/27/2024,Google Ads,Shopping,SaaS,UK,159226,5206,0.0327,0.97,5049.82,137,36.86,27701.27,5.49,8,27,2024,3,22651.45,0,Medium ROAS,0.012893195564067766,-0.353848196
10/1/2024,TikTok Ads,Display,SaaS,Canada,178503,9639,0.054,0.56,5397.84,146,36.97,40162.93,7.44,10,1,2024,4,34765.09,2,High ROAS,0.40395205157907693,0.8575161255281243
5/19/2024,TikTok Ads,Shopping,SaaS,India,176946,13784,0.0779,0.86,11854.24,743,15.95,208986.19,17.63,5,19,2024,2,197131.95,2,High ROAS,2.052757493112276,2.0591980625542803
8/2/2024,Meta Ads,Display,Fintech,Germany,163124,4273,0.0262,0.91,3888.43,239,16.27,71554.77,18.4,8,2,2024,3,67666.34000000001,0,Medium ROAS,1.6797127377685068,-0.938291926
6/21/2024,Meta Ads,Display,EdTech,UAE,150486,6230,0.0414,1.21,7538.3,243,31.02,55217.61,7.32,6,21,2024,2,47679.31,0,Medium ROAS,0.38228005868513437,0.1099276172065499
5/17/2024,Google Ads,Search,E-commerce,UK,88384,3641,0.0412,1.22,4442.02,89,49.91,4077.32,0.92,5,17,2024,2,-364.7,0,Medium ROAS,-0.620727391,0.231056258205957
7/7/2024,Meta Ads,Display,SaaS,USA,74922,1333,0.0178,1.32,1759.56,95,18.52,17171.74,9.76,7,7,2024,3,15412.180000000002,0,Medium ROAS,0.648424184928374,-1.323571139
1/17/2024,TikTok Ads,Video,EdTech,UAE,188846,12671,0.0671,1.37,17359.27,821,21.14,86047.94,4.96,1,17,2024,1,68688.67,2,High ROAS,0.5216494790362104,1.5884025224247902
3/27/2024,TikTok Ads,Search,SaaS,UK,10209,314,0.0308,1.79,562.06,13,43.24,3231.96,5.75,3,27,2024,1,2669.9,0,Medium ROAS,-0.083907936,-0.444981303
11/27/2024,TikTok Ads,Video,E-commerce,India,31140,1712,0.055,1.34,2294.08,63,36.41,5569.82,2.43,11,27,2024,4,3275.74,2,High ROAS,-0.11143797,0.9673708764000838
3/8/2024,Meta Ads,Video,SaaS,Canada,46850,983,0.021,1.58,1553.14,38,40.87,10968.52,7.06,3,8,2024,1,9415.380000000001,0,Medium ROAS,0.01048302759161781,-1.033909612
4/28/2024,Meta Ads,Shopping,EdTech,Canada,17720,287,0.0162,1.41,404.67,4,101.17,597.18,1.48,4,28,2024,2,192.50999999999993,1,Low ROAS,-1.645969537,-1.047733948
1/29/2024,Google Ads,Video,SaaS,Germany,16781,684,0.0408,1.3,889.2,8,111.15,1435.11,1.61,1,29,2024,1,545.9099999999999,1,Low ROAS,-1.587067143,0.40743519610390394
11/29/2024,Meta Ads,Video,E-commerce,Germany,61652,2614,0.0424,1.28,3345.92,133,25.16,20303.14,6.07,11,29,2024,4,16957.22,0,Medium ROAS,0.35701935362605425,0.1614150672596387
7/6/2024,Meta Ads,Display,EdTech,USA,194933,4054,0.0208,2.03,8229.62,197,41.77,9992.76,1.21,7,6,2024,3,1763.1399999999994,0,Medium ROAS,-0.629510298,-0.979489883
2/25/2024,Google Ads,Search,EdTech,Canada,100386,5250,0.0523,0.98,5145,254,20.26,73673.45,14.32,2,25,2024,1,68528.45,2,High ROAS,1.4046636278155766,0.6286947417583352
1/25/2024,Google Ads,Search,Healthcare,UAE,50203,1390,0.0277,1.95,2710.5,47,57.67,11338.98,4.18,1,25,2024,1,8628.48,0,Medium ROAS,-0.522267673,-0.558628387
1/14/2024,TikTok Ads,Search,SaaS,India,85428,5134,0.0601,0.86,4415.24,202,21.86,37603.74,8.52,1,14,2024,1,33188.5,2,High ROAS,0.8277253102749574,1.147655383646589
5/5/2024,TikTok Ads,Video,EdTech,UAE,192428,9967,0.0518,1.6,15947.2,570,27.98,78044.55,4.89,5,5,2024,2,62097.350000000006,2,High ROAS,0.2653793486964028,0.7273295099196352
8/19/2024,Google Ads,Shopping,Healthcare,UK,33756,2150,0.0637,2.17,4665.5,108,43.2,7948.11,1.7,8,19,2024,3,3282.6099999999997,2,High ROAS,-0.228424077,1.5013710806001157
3/28/2024,Meta Ads,Video,Fintech,UAE,103162,1485,0.0144,0.97,1440.45,35,41.16,5899.5,4.1,3,28,2024,1,4459.05,0,Medium ROAS,-0.367063919,-1.382818538
9/2/2024,Google Ads,Search,EdTech,UAE,142844,2971,0.0208,1.69,5020.99,95,52.85,5534.94,1.1,9,2,2024,3,513.9499999999998,0,Medium ROAS,-0.828728719,-0.940865312
5/31/2024,Google Ads,Search,Fintech,USA,50201,2198,0.0438,2.25,4945.5,112,44.16,12918.19,2.61,5,31,2024,2,7972.6900000000005,0,Medium ROAS,-0.320825163,0.34382354978800067
1/16/2024,Meta Ads,Video,Fintech,USA,143421,3542,0.0247,0.86,3046.12,181,16.83,26273.04,8.63,1,16,2024,1,23226.920000000002,0,Medium ROAS,0.6166880463134732,-0.918032631
10/13/2024,Meta Ads,Shopping,Fintech,Australia,71537,1809,0.0253,1.65,2984.85,57,52.37,6227.5,2.09,10,13,2024,4,3242.65,0,Medium ROAS,-0.676034632,-0.692863409
11/3/2024,Google Ads,Video,Fintech,USA,198604,8162,0.0411,3.1,25302.2,584,43.33,25281.15,1,11,3,2024,4,-21.05,0,Medium ROAS,-0.501725784,0.20217673777113956
4/8/2024,Google Ads,Search,Healthcare,Canada,114028,3112,0.0273,1.36,4232.32,120,35.27,10393.96,2.46,4,8,2024,2,6161.639999999999,0,Medium ROAS,-0.329857683,-0.638949691
6/5/2024,TikTok Ads,Video,Healthcare,Australia,180309,5823,0.0323,0.65,3784.95,232,16.31,46549.68,12.3,6,5,2024,2,42764.73,0,Medium ROAS,1.0824390194660207,-0.51970136
3/22/2024,Meta Ads,Video,SaaS,Canada,168402,5237,0.0311,0.85,4451.45,188,23.68,43774.92,9.83,3,22,2024,1,39323.47,0,Medium ROAS,0.6842280106957043,-0.537626722
12/23/2024,TikTok Ads,Video,E-commerce,Canada,125419,4126,0.0329,0.85,3507.1,294,11.93,32829.78,9.36,12,23,2024,4,29322.68,0,Medium ROAS,0.8486693643552362,-0.46816395
2/5/2024,TikTok Ads,Video,SaaS,UK,123680,8373,0.0677,0.6,5023.8,263,19.1,12412.26,2.47,2,5,2024,1,7388.46,2,High ROAS,0.2962056048464881,1.6430051145896314
6/24/2024,Google Ads,Search,Fintech,UK,117660,6388,0.0543,1.81,11562.28,331,34.93,17255.28,1.49,6,24,2024,2,5692.999999999998,2,High ROAS,-0.192590034,0.931996757808522
9/2/2024,Meta Ads,Video,Fintech,Canada,76916,2761,0.0359,0.71,1960.31,64,30.63,14368.24,7.33,9,2,2024,3,12407.93,0,Medium ROAS,0.34211147101190376,-0.209613391
2/17/2024,Meta Ads,Video,E-commerce,Canada,150631,5648,0.0375,1.94,10957.12,111,98.71,21671.9,1.98,2,17,2024,1,10714.78,1,Low ROAS,-1.365843986,0.1705480442165921
2/19/2024,Google Ads,Display,Fintech,Australia,126635,4254,0.0336,1.33,5657.82,313,18.08,28110.42,4.97,2,19,2024,1,22452.6,0,Medium ROAS,0.2831488113039336,-0.359658105
12/14/2024,Google Ads,Video,EdTech,India,159721,3625,0.0227,1.91,6923.75,150,46.16,39701.58,5.73,12,14,2024,4,32777.83,0,Medium ROAS,-0.205897803,-0.903396419
9/1/2024,Meta Ads,Shopping,Healthcare,UAE,150698,4581,0.0304,0.51,2336.31,285,8.2,32525.45,13.92,9,1,2024,3,30189.14,0,Medium ROAS,1.3756873754663301,-0.674432006
4/14/2024,TikTok Ads,Search,EdTech,Canada,98348,3225,0.0328,1.27,4095.75,59,69.42,2846.94,0.7,4,14,2024,2,-1248.81,0,Medium ROAS,-1.047373797,-0.18649853
8/3/2024,Meta Ads,Search,E-commerce,USA,110603,2377,0.0215,0.69,1640.13,62,26.45,2761.12,1.68,8,3,2024,3,1120.9899999999998,0,Medium ROAS,-0.314111854,-0.995828232
1/18/2024,Google Ads,Shopping,E-commerce,UAE,76792,3317,0.0432,3.1,10282.7,262,39.25,42043.84,4.09,1,18,2024,1,31761.139999999996,0,Medium ROAS,-0.085333308,0.27660353315901687
3/8/2024,TikTok Ads,Shopping,SaaS,USA,44405,1953,0.044,1.53,2988.09,22,135.82,6030.56,2.02,3,8,2024,1,3042.4700000000003,1,Low ROAS,-1.933054746,0.671472570597411
8/28/2024,Google Ads,Shopping,E-commerce,India,49462,1206,0.0244,1.95,2351.7,74,31.78,12950.09,5.51,8,28,2024,3,10598.39,0,Medium ROAS,0.028805472861874903,-0.85129474
5/1/2024,TikTok Ads,Display,SaaS,Australia,140440,11825,0.0842,0.68,8041,748,10.75,31071.69,3.86,5,1,2024,2,23030.69,2,High ROAS,0.7290450513805172,2.554179364634598
6/27/2024,TikTok Ads,Display,Healthcare,USA,112392,4934,0.0439,1.64,8091.76,363,22.29,91221.43,11.27,6,27,2024,2,83129.67,2,High ROAS,0.9724316374466262,0.18252339886278204
4/17/2024,TikTok Ads,Shopping,Healthcare,Australia,125654,8318,0.0662,0.58,4824.44,566,8.52,117035.13,24.26,4,17,2024,2,112210.69,2,High ROAS,2.7828316498247347,1.2860333006327784
7/16/2024,Meta Ads,Search,Healthcare,UK,167002,3406,0.0204,1.83,6232.98,76,82.01,10328.31,1.66,7,16,2024,3,4095.33,0,Medium ROAS,-1.266033415,-0.871490649
4/6/2024,TikTok Ads,Search,SaaS,Australia,108247,6971,0.0644,0.59,4112.89,517,7.96,139391.79,33.89,4,6,2024,2,135278.9,2,High ROAS,3.8022463156354913,1.0764110894368688
4/14/2024,Meta Ads,Display,Fintech,Australia,53128,1678,0.0316,1.51,2533.78,66,38.39,19225.18,7.59,4,14,2024,2,16691.4,0,Medium ROAS,0.20108424931152216,-0.434897326
2/1/2024,Meta Ads,Video,EdTech,USA,65942,2044,0.031,1.05,2146.2,48,44.71,6784.27,3.16,2,1,2024,1,4638.070000000001,0,Medium ROAS,-0.382879236,-0.400577569
3/14/2024,Google Ads,Display,E-commerce,Canada,32160,1186,0.0369,1.34,1589.24,12,132.44,1927.71,1.21,3,14,2024,1,338.47,1,Low ROAS,-2.02386945,0.2581084527476827
9/29/2024,Google Ads,Search,EdTech,USA,58364,2241,0.0384,2.22,4975.02,136,36.58,15149.72,3.05,9,29,2024,3,10174.699999999999,0,Medium ROAS,-0.192654992,0.0011435585679165103
6/5/2024,Meta Ads,Search,E-commerce,India,79462,2058,0.0259,0.88,1811.04,146,12.4,7813.85,4.31,6,5,2024,2,6002.81,0,Medium ROAS,0.24201307197021937,-0.817111786
4/1/2024,Meta Ads,Display,SaaS,India,151864,4358,0.0287,1.69,7365.02,175,42.09,45340.29,6.16,4,1,2024,2,37975.270000000004,0,Medium ROAS,-0.039045619,-0.574741244
4/27/2024,Google Ads,Shopping,EdTech,UAE,182926,6749,0.0369,1.94,13093.06,343,38.17,53279.93,4.07,4,27,2024,2,40186.87,0,Medium ROAS,-0.123977819,-0.091217637
10/25/2024,Meta Ads,Shopping,E-commerce,India,107489,2515,0.0234,1.4,3521,166,21.21,18411.15,5.23,10,25,2024,4,14890.150000000001,0,Medium ROAS,0.16916143169448342,-0.941838713
8/3/2024,TikTok Ads,Search,Healthcare,India,40709,1314,0.0323,0.7,919.8,90,10.22,16081.05,17.48,8,3,2024,3,15161.25,2,High ROAS,1.7371669005809114,-0.596017469
9/24/2024,Google Ads,Video,Fintech,Australia,143561,9144,0.0637,1.93,17647.92,630,28.01,123364.05,6.99,9,24,2024,3,105716.13,2,High ROAS,0.5920152916241139,1.3931211143049633
3/24/2024,Google Ads,Shopping,Fintech,India,94242,5466,0.058,1.67,9128.22,100,91.28,6794.77,0.74,3,24,2024,1,-2333.45,1,Low ROAS,-1.193879792,1.344486816566406
9/23/2024,Google Ads,Display,Healthcare,UAE,111311,5765,0.0518,2.71,15623.15,389,40.16,22317.92,1.43,9,23,2024,3,6694.769999999999,0,Medium ROAS,-0.309228179,0.8057173351977346
9/24/2024,TikTok Ads,Video,Fintech,USA,130865,9461,0.0723,1.48,14002.28,221,63.36,46411.13,3.31,9,24,2024,3,32408.85,2,High ROAS,-0.3233269,2.04958804792968
1/2/2024,Meta Ads,Video,EdTech,USA,138639,2204,0.0159,1.8,3967.2,154,25.76,35803.07,9.02,1,2,2024,1,31835.87,0,Medium ROAS,0.43056979192934597,-1.401038121
6/15/2024,TikTok Ads,Shopping,SaaS,India,147355,7485,0.0508,0.91,6811.35,81,84.09,14520.06,2.13,6,15,2024,2,7708.709999999999,1,Low ROAS,-0.986789293,0.8887920989677024
4/29/2024,Meta Ads,Shopping,Fintech,UK,26751,489,0.0183,1.93,943.77,8,117.97,791.56,0.84,4,29,2024,2,-152.21,1,Low ROAS,-1.980166956,-0.862615521
1/25/2024,TikTok Ads,Display,SaaS,UK,42706,2084,0.0488,1.59,3313.56,35,94.67,4766.32,1.44,1,25,2024,1,1452.7599999999998,1,Low ROAS,-1.256710196,0.8162895510610986
9/2/2024,Meta Ads,Video,SaaS,UAE,173337,3189,0.0184,2.03,6473.67,224,28.9,43055.91,6.65,9,2,2024,3,36582.240000000005,0,Medium ROAS,0.14677060996086172,-1.220328287
7/28/2024,Meta Ads,Shopping,SaaS,Canada,99948,1389,0.0139,1.04,1444.56,67,21.56,4987.6,3.45,7,28,2024,3,3543.0400000000004,0,Medium ROAS,-0.108952445,-1.470975405
3/30/2024,Google Ads,Video,Healthcare,Canada,65282,1723,0.0264,1.91,3290.93,64,51.42,16624.45,5.05,3,30,2024,1,13333.52,0,Medium ROAS,-0.335152143,-0.66430026
2/1/2024,Google Ads,Video,EdTech,USA,48790,2824,0.0579,1.3,3671.2,178,20.62,37847.71,10.31,2,1,2024,1,34176.51,2,High ROAS,1.0202106185451432,0.9969585218564081
7/16/2024,Google Ads,Shopping,EdTech,UAE,163272,5551,0.034,2.23,12378.73,135,91.69,38753.89,3.13,7,16,2024,3,26375.16,1,Low ROAS,-1.155011427,-0.067984805
11/4/2024,Google Ads,Video,EdTech,Australia,149233,3686,0.0247,1,3686,250,14.74,16524.46,4.48,11,4,2024,4,12838.46,0,Medium ROAS,0.2100825385428809,-0.880440815
2/27/2024,TikTok Ads,Search,SaaS,UAE,7637,415,0.0544,1.54,639.1,10,63.91,1137.83,1.78,2,27,2024,1,498.7299999999999,1,Low ROAS,-0.651255081,1.032587983090489
1/4/2024,Google Ads,Display,Fintech,UK,20198,878,0.0435,2.68,2353.04,67,35.12,5967.58,2.54,1,4,2024,1,3614.54,0,Medium ROAS,-0.177908088,0.2966774948265879
9/11/2024,Google Ads,Search,EdTech,UAE,32675,941,0.0288,1.09,1025.69,47,21.82,12632.32,12.32,9,11,2024,3,11606.63,0,Medium ROAS,0.9608855113141926,-0.703734615
2/28/2024,Google Ads,Search,EdTech,USA,116560,4312,0.037,2.79,12030.48,198,60.76,51746.42,4.3,2,28,2024,1,39715.94,0,Medium ROAS,-0.480896837,-0.011573567
1/27/2024,Meta Ads,Display,E-commerce,Australia,176459,3670,0.0208,1.91,7009.7,65,107.84,2483.8,0.35,1,27,2024,1,-4525.9,1,Low ROAS,-1.83918247,-0.746975894
9/2/2024,Meta Ads,Shopping,SaaS,Australia,49980,1664,0.0333,1.98,3294.72,37,89.05,6236.77,1.89,9,2,2024,3,2942.0500000000006,1,Low ROAS,-1.24848309,-0.104050719
1/7/2024,Meta Ads,Video,Healthcare,Germany,98944,1850,0.0187,1.42,2627,78,33.68,17285.68,6.58,1,7,2024,1,14658.68,0,Medium ROAS,0.061034247075801636,-1.186070997
4/1/2024,TikTok Ads,Video,Healthcare,USA,115310,3205,0.0278,1.04,3333.2,134,24.87,14521.43,4.36,4,1,2024,2,11188.23,0,Medium ROAS,0.052836342884787314,-0.665617348
8/8/2024,Meta Ads,Search,E-commerce,India,8626,242,0.0281,1.13,273.46,18,15.19,3013.54,11.02,8,8,2024,3,2740.08,0,Medium ROAS,0.9285454132752184,-0.752637728
1/5/2024,Meta Ads,Display,E-commerce,Germany,88732,1579,0.0178,0.44,694.76,32,21.71,4757.82,6.85,1,5,2024,1,4063.0599999999995,0,Medium ROAS,0.2845265356141422,-1.281479889
6/20/2024,Meta Ads,Video,EdTech,Germany,29502,604,0.0205,1.61,972.44,30,32.41,5842.59,6.01,6,20,2024,2,4870.15,0,Medium ROAS,0.03747579326334192,-1.080118742
9/14/2024,TikTok Ads,Search,E-commerce,Canada,198085,14460,0.073,0.82,11857.2,1133,10.47,295028.26,24.88,9,14,2024,3,283171.06,2,High ROAS,2.8750017585000784,1.6792578902606485
7/14/2024,Meta Ads,Shopping,Healthcare,USA,111802,2247,0.0201,1.65,3707.55,163,22.75,6163.84,1.66,7,14,2024,3,2456.29,0,Medium ROAS,-0.265803665,-1.089090745
8/1/2024,Google Ads,Shopping,EdTech,UAE,65186,1955,0.03,2.26,4418.3,89,49.64,13375.79,3.03,8,1,2024,3,8957.490000000002,0,Medium ROAS,-0.488850073,-0.440358749
6/15/2024,TikTok Ads,Video,EdTech,UK,101176,6505,0.0643,0.96,6244.8,459,13.61,44008.34,7.05,6,15,2024,2,37763.53999999999,2,High ROAS,0.847310262779971,1.3785192862313167
8/7/2024,TikTok Ads,Video,SaaS,UAE,41307,1367,0.0331,0.57,779.19,92,8.47,6211.99,7.97,8,7,2024,3,5432.799999999999,0,Medium ROAS,0.7609266388719105,-0.453331487
5/12/2024,Meta Ads,Video,EdTech,UK,174579,3247,0.0186,1.33,4318.51,187,23.09,41760.07,9.67,5,12,2024,2,37441.56,0,Medium ROAS,0.5684600870602003,-1.260888674
2/14/2024,Meta Ads,Video,SaaS,India,83137,2045,0.0246,1.01,2065.45,37,55.82,1798.59,0.87,2,14,2024,1,-266.86,0,Medium ROAS,-0.870435506,-0.708565509
1/4/2024,Meta Ads,Search,Healthcare,UK,122897,2040,0.0166,0.77,1570.8,159,9.88,45753.83,29.13,1,4,2024,1,44183.03,2,High ROAS,2.8470999192145356,-1.63059631
10/17/2024,TikTok Ads,Search,Healthcare,India,47462,1803,0.038,0.53,955.59,98,9.75,29213.28,30.57,10,17,2024,4,28257.69,2,High ROAS,3.188775051104377,-0.408771436
6/19/2024,TikTok Ads,Display,EdTech,Germany,99202,6428,0.0648,1.54,9899.12,165,59.99,34456.26,3.48,6,19,2024,2,24557.14,2,High ROAS,-0.313419877,1.6025771902074617
2/26/2024,Meta Ads,Shopping,SaaS,USA,125871,3083,0.0245,1.72,5302.76,185,28.66,27759.15,5.23,2,26,2024,1,22456.39,0,Medium ROAS,0.052654048593674146,-0.853040949
3/10/2024,Google Ads,Search,Healthcare,UK,8880,216,0.0244,2.06,444.96,6,74.16,1186.19,2.67,3,10,2024,1,741.23,0,Medium ROAS,-0.990837572,-0.677527866
11/30/2024,Google Ads,Shopping,EdTech,USA,156388,7021,0.0449,1.64,11514.44,315,36.55,34670.52,3.01,11,30,2024,4,23156.079999999994,0,Medium ROAS,-0.139876877,0.377427315047389
3/27/2024,Google Ads,Video,EdTech,UK,109672,2675,0.0244,2.55,6821.25,50,136.43,11521.03,1.69,3,27,2024,1,4699.780000000001,1,Low ROAS,-2.148983476,-0.456563435
5/7/2024,Meta Ads,Display,SaaS,UAE,70030,1470,0.021,1.68,2469.6,90,27.44,9384.9,3.8,5,7,2024,2,6915.299999999999,0,Medium ROAS,-0.109434358,-1.04421379
1/3/2024,Meta Ads,Video,EdTech,India,149375,6109,0.0409,2.18,13317.62,89,149.64,22418.8,1.68,1,3,2024,1,9101.179999999998,1,Low ROAS,-2.230096954,0.5425293359210849
6/7/2024,Meta Ads,Search,Fintech,Canada,123171,3756,0.0305,1.86,6986.16,52,134.35,7553.6,1.08,6,7,2024,2,567.4400000000005,1,Low ROAS,-2.125697488,-0.104209376
3/16/2024,Meta Ads,Search,SaaS,UK,52779,596,0.0113,1.09,649.64,35,18.56,3583.95,5.52,3,16,2024,1,2934.31,0,Medium ROAS,0.13965793788253286,-1.65376806
5/23/2024,Google Ads,Display,Fintech,USA,117036,3569,0.0305,2.13,7601.97,178,42.71,11935.14,1.57,5,23,2024,2,4333.169999999999,0,Medium ROAS,-0.522716936,-0.41914697
7/17/2024,TikTok Ads,Shopping,E-commerce,UAE,177517,13917,0.0784,0.91,12664.47,671,18.87,36680.47,2.9,7,17,2024,3,24016,2,High ROAS,0.4389504894972292,2.2564804085399035
12/30/2024,TikTok Ads,Search,EdTech,Germany,196349,8325,0.0424,0.69,5744.25,398,14.43,42464.91,7.39,12,30,2024,4,36720.66,0,Medium ROAS,0.6791795224582365,0.11095352900820285
10/31/2024,TikTok Ads,Search,SaaS,UAE,174898,13029,0.0745,1.26,16416.54,822,19.97,162206.84,9.88,10,31,2024,4,145790.3,2,High ROAS,1.1297854858065657,1.9595194376112115
6/30/2024,Google Ads,Display,EdTech,USA,83972,4903,0.0584,2.9,14218.7,341,41.7,36574.45,2.57,6,30,2024,2,22355.749999999996,2,High ROAS,-0.156479296,1.1803934065646648
4/26/2024,Meta Ads,Search,Fintech,USA,165371,2993,0.0181,1.51,4519.43,32,141.23,8918.68,1.97,4,26,2024,2,4399.25,1,Low ROAS,-2.255183505,-0.807743229
8/30/2024,TikTok Ads,Shopping,Fintech,USA,133949,7219,0.0539,1.52,10972.88,73,150.31,21583.28,1.97,8,30,2024,3,10610.4,1,Low ROAS,-2.097489385,1.2935824062210295
9/15/2024,TikTok Ads,Display,Fintech,Australia,105400,7704,0.0731,1.11,8551.44,442,19.35,49251.38,5.76,9,15,2024,3,40699.939999999995,2,High ROAS,0.689322826538113,1.9207809352881957
8/4/2024,Google Ads,Shopping,EdTech,USA,63959,2014,0.0315,2.28,4591.92,150,30.61,37769.59,8.23,8,4,2024,3,33177.67,0,Medium ROAS,0.40003294600791495,-0.473857457
3/6/2024,Google Ads,Search,SaaS,India,6044,146,0.0242,1.13,164.98,5,33,611.36,3.71,3,6,2024,1,446.38,0,Medium ROAS,-0.185279151,-0.839371915
4/8/2024,Google Ads,Shopping,Fintech,USA,90945,3637,0.04,3.02,10983.74,145,75.75,21488.5,1.96,4,8,2024,2,10504.76,1,Low ROAS,-0.957686456,0.23777596887316563
2/1/2024,Google Ads,Search,SaaS,UK,73681,4457,0.0605,1.77,7888.89,95,83.04,11815.26,1.5,2,1,2024,1,3926.37,1,Low ROAS,-0.951754517,1.4530629624404399
12/14/2024,Google Ads,Display,Healthcare,Australia,195545,8799,0.045,2.98,26221.02,444,59.06,122723.09,4.68,12,14,2024,4,96502.06999999999,0,Medium ROAS,-0.342082447,0.4413065711787062
7/14/2024,Google Ads,Shopping,E-commerce,USA,46846,2183,0.0466,3.36,7334.88,46,159.45,5098.84,0.7,7,14,2024,3,-2236.04,1,Low ROAS,-2.450905498,0.9159070156711927
7/3/2024,Google Ads,Shopping,Healthcare,Canada,183428,4549,0.0248,2.11,9598.39,135,71.1,6604,0.69,7,3,2024,3,-2994.39,0,Medium ROAS,-1.146444826,-0.643427472
5/9/2024,Google Ads,Shopping,EdTech,Australia,173913,5860,0.0337,3.46,20275.6,111,182.66,20779.66,1.02,5,9,2024,2,504.0600000000013,1,Low ROAS,-2.921792457,0.2447682952149946
5/5/2024,Google Ads,Video,SaaS,USA,190541,9527,0.05,2.17,20673.59,157,131.68,5416.71,0.26,5,5,2024,2,-15256.88,1,Low ROAS,-1.998252413,1.0234557301649976
9/11/2024,TikTok Ads,Video,SaaS,Canada,122116,5507,0.0451,0.98,5396.86,110,49.06,3555.98,0.66,9,11,2024,3,-1840.88,0,Medium ROAS,-0.60011478,0.4565544339853216
3/23/2024,Google Ads,Display,Fintech,India,47879,1149,0.024,3.06,3515.94,25,140.64,3124.11,0.89,3,23,2024,1,-391.83,1,Low ROAS,-2.308906609,-0.45686485
10/8/2024,Meta Ads,Search,Healthcare,USA,164876,5820,0.0353,0.74,4306.8,463,9.3,73917.74,17.16,10,8,2024,4,69610.94,2,High ROAS,1.744746825894485,-0.422165501
5/13/2024,Meta Ads,Display,SaaS,USA,163253,1779,0.0109,0.51,907.29,121,7.5,18762.73,20.68,5,13,2024,2,17855.44,0,Medium ROAS,1.937880259424987,-1.87739958
10/4/2024,Meta Ads,Shopping,Fintech,India,120631,1532,0.0127,0.77,1179.64,114,10.35,25286.78,21.44,10,4,2024,4,24107.14,0,Medium ROAS,1.9862449660753287,-1.77183611
4/29/2024,Meta Ads,Display,Fintech,Australia,12610,197,0.0157,0.66,130.02,11,11.82,2637.16,20.28,4,29,2024,2,2507.14,0,Medium ROAS,1.8639198676581485,-1.580869529
1/12/2024,Meta Ads,Video,Healthcare,UK,62676,595,0.0095,2.42,1439.9,32,45,1319.08,0.92,1,12,2024,1,-120.82,0,Medium ROAS,-0.813331493,-1.619037653
7/10/2024,Google Ads,Search,Fintech,UK,59943,2163,0.0361,3.29,7116.27,114,62.42,4800.81,0.67,7,10,2024,3,-2315.46,0,Medium ROAS,-0.903409869,-0.018960444
10/20/2024,Meta Ads,Display,SaaS,USA,78302,900,0.0115,0.49,441,52,8.48,6354.23,14.41,10,20,2024,4,5913.23,0,Medium ROAS,1.2587608164904458,-1.771918945
9/4/2024,Google Ads,Video,EdTech,UK,154805,9535,0.0616,0.96,9153.6,525,17.44,18155.37,1.98,9,4,2024,3,9001.769999999999,2,High ROAS,0.21906077347782082,1.2898491029421981
5/9/2024,TikTok Ads,Video,Fintech,Australia,41839,2991,0.0715,0.99,2961.09,45,65.8,9665.89,3.26,5,9,2024,2,6704.799999999999,2,High ROAS,-0.376900851,2.0120998218394033
6/17/2024,Meta Ads,Shopping,SaaS,India,127872,2953,0.0231,0.59,1742.27,150,11.62,15282.38,8.77,6,17,2024,2,13540.109999999999,0,Medium ROAS,0.7058500648874512,-1.029687105
11/4/2024,Google Ads,Display,Fintech,Germany,146779,5019,0.0342,2.22,11142.18,349,31.93,91145.36,8.18,11,4,2024,4,80003.18,0,Medium ROAS,0.3958518711984682,-0.312693168
6/26/2024,Google Ads,Shopping,EdTech,USA,133588,6545,0.049,1.68,10995.6,241,45.62,34421.71,3.13,6,26,2024,2,23426.11,0,Medium ROAS,-0.24492809,0.6439256599114591
1/29/2024,Google Ads,Video,Fintech,UK,82462,3916,0.0475,2.1,8223.6,199,41.32,48785.37,5.93,1,29,2024,1,40561.770000000004,2,High ROAS,0.11299329494567563,0.5125083786432912
1/18/2024,Google Ads,Display,E-commerce,Australia,55248,1646,0.0298,2.6,4279.6,43,99.53,12311.15,2.88,1,18,2024,1,8031.549999999999,1,Low ROAS,-1.350837635,-0.281726861
8/9/2024,Google Ads,Display,Healthcare,UAE,90374,2349,0.026,0.97,2278.53,69,33.02,5506.03,2.42,8,9,2024,3,3227.4999999999995,0,Medium ROAS,-0.307347696,-0.721313318
3/6/2024,Meta Ads,Video,EdTech,USA,104976,1238,0.0118,1.52,1881.76,16,117.61,4162.98,2.21,3,6,2024,1,2281.2199999999993,1,Low ROAS,-1.884700561,-1.254528021
11/10/2024,Google Ads,Display,SaaS,Australia,124774,3481,0.0279,1.21,4212.01,113,37.27,4447.19,1.06,11,10,2024,4,235.17999999999938,0,Medium ROAS,-0.50758452,-0.582423801
8/14/2024,Google Ads,Search,SaaS,USA,109263,2829,0.0259,0.88,2489.52,129,19.3,14321.34,5.75,8,14,2024,3,11831.82,0,Medium ROAS,0.27860611498608856,-0.809290144
6/13/2024,Google Ads,Video,Fintech,UAE,105814,6126,0.0579,2.79,17091.54,289,59.14,45447.24,2.66,6,13,2024,2,28355.699999999997,2,High ROAS,-0.446374597,1.2094377563793852
8/16/2024,TikTok Ads,Shopping,Healthcare,Canada,41113,2347,0.0571,0.96,2253.12,33,68.28,2659.26,1.18,8,16,2024,3,406.1400000000003,1,Low ROAS,-0.765625232,1.2099767064338312
1/15/2024,Google Ads,Search,SaaS,Canada,43098,1620,0.0376,2.73,4422.6,39,113.4,7135.44,1.61,1,15,2024,1,2712.8399999999992,1,Low ROAS,-1.652973567,0.2299528753001715
8/28/2024,Meta Ads,Display,E-commerce,Canada,25991,309,0.0119,1.52,469.68,14,33.55,2306.63,4.91,8,28,2024,3,1836.95,0,Medium ROAS,-0.173759896,-1.561847476
11/21/2024,Google Ads,Display,EdTech,India,150778,2985,0.0198,1.39,4149.15,59,70.32,16435.61,3.96,11,21,2024,4,12286.460000000001,0,Medium ROAS,-0.828475903,-0.970444539
7/17/2024,Google Ads,Video,EdTech,Germany,113500,7604,0.067,1.3,9885.2,340,29.07,21520.64,2.18,7,17,2024,3,11635.439999999999,2,High ROAS,0.09051352809756368,1.6393282090893773
10/31/2024,Meta Ads,Video,EdTech,UAE,140453,4213,0.03,1.09,4592.17,56,82,4347.77,0.95,10,31,2024,4,-244.4,1,Low ROAS,-1.257987918,-0.308628586
4/21/2024,TikTok Ads,Display,SaaS,Germany,27936,1402,0.0502,1.32,1850.64,99,18.69,26865.9,14.52,4,21,2024,2,25015.260000000002,2,High ROAS,1.434268530739212,0.4997751703205375
2/27/2024,TikTok Ads,Display,SaaS,UK,133303,4225,0.0317,1.53,6464.25,139,46.51,8508.68,1.32,2,27,2024,1,2044.4300000000003,0,Medium ROAS,-0.603211723,-0.334209165
5/2/2024,Google Ads,Video,EdTech,UAE,117333,2898,0.0247,3.93,11389.14,48,237.27,5367.73,0.47,5,2,2024,2,-6021.41,1,Low ROAS,-3.98278853,-0.085331076
9/14/2024,Meta Ads,Display,SaaS,USA,152680,6214,0.0407,2.1,13049.4,283,46.11,13261.37,1.02,9,14,2024,3,211.97000000000116,0,Medium ROAS,-0.550119674,0.18821989379097484
9/20/2024,Google Ads,Display,Healthcare,USA,168384,4681,0.0278,2.57,12030.17,267,45.06,58628.48,4.87,9,20,2024,3,46598.310000000005,0,Medium ROAS,-0.234517979,-0.60287997
8/22/2024,Google Ads,Display,Fintech,Australia,106026,5152,0.0486,1.72,8861.44,240,36.92,50663.13,5.72,8,22,2024,3,41801.689999999995,2,High ROAS,0.1746548894024679,0.5635228452152504
4/22/2024,Google Ads,Search,E-commerce,Germany,107364,4895,0.0456,2.65,12971.75,200,64.86,42108.23,3.25,4,22,2024,2,29136.480000000003,0,Medium ROAS,-0.587310514,0.5109960271083519
6/25/2024,Google Ads,Video,EdTech,UK,132152,7572,0.0573,1.14,8632.08,552,15.64,115644.47,13.4,6,25,2024,2,107012.39,2,High ROAS,1.428351651062088,0.9121782732487964
7/14/2024,Google Ads,Shopping,Fintech,Australia,116695,5799,0.0497,3.13,18150.87,372,48.79,56034.95,3.09,7,14,2024,3,37884.08,0,Medium ROAS,-0.296745128,0.6955553951774133
11/28/2024,Meta Ads,Search,E-commerce,UK,116030,4177,0.036,0.9,3759.3,188,20,8691.11,2.31,11,28,2024,4,4931.81,0,Medium ROAS,-0.011759309,-0.185734335
8/11/2024,TikTok Ads,Search,E-commerce,Australia,164599,11209,0.0681,0.41,4595.69,653,7.04,133415.01,29.03,8,11,2024,3,128819.32,2,High ROAS,3.332405294338511,1.339601148689957
4/18/2024,TikTok Ads,Video,Fintech,India,188844,12860,0.0681,0.98,12602.8,892,14.13,133607.64,10.6,4,18,2024,2,121004.84000000001,2,High ROAS,1.2496331092563366,1.5618671597896454
9/10/2024,TikTok Ads,Search,E-commerce,Canada,90468,5753,0.0636,0.8,4602.4,141,32.64,12042.73,2.62,9,10,2024,3,7440.33,2,High ROAS,0.04738963766886619,1.4500041014414964
6/24/2024,Google Ads,Video,E-commerce,Australia,117223,7935,0.0677,2.02,16028.7,166,96.56,47449.87,2.96,6,24,2024,2,31421.170000000002,1,Low ROAS,-0.962441397,1.899481527778465
3/26/2024,TikTok Ads,Shopping,SaaS,Germany,93478,5786,0.0619,0.42,2430.12,272,8.93,27905.19,11.48,3,26,2024,1,25475.07,2,High ROAS,1.3774295652782276,1.1762237656968801
11/29/2024,Google Ads,Video,EdTech,Canada,9134,228,0.025,1.39,316.92,2,158.46,329.55,1.04,11,29,2024,4,12.629999999999995,1,Low ROAS,-2.585797066,-0.340423244
5/10/2024,Meta Ads,Display,E-commerce,UAE,29485,1341,0.0455,1.41,1890.81,46,41.1,4626.55,2.45,5,10,2024,2,2735.7400000000002,0,Medium ROAS,-0.271296799,0.4335315858900904
12/23/2024,TikTok Ads,Video,SaaS,Canada,22221,1706,0.0768,0.5,853,74,11.53,14659.06,17.19,12,23,2024,4,13806.06,2,High ROAS,2.071129225985743,1.9853735433866835
6/19/2024,Google Ads,Display,SaaS,Germany,178567,8374,0.0469,1.33,11137.42,98,113.65,8808.29,0.79,6,19,2024,2,-2329.13,1,Low ROAS,-1.66365204,0.7775253669920276
10/6/2024,TikTok Ads,Display,E-commerce,Australia,93074,4225,0.0454,1.54,6506.5,300,21.69,11467.08,1.76,10,6,2024,4,4960.58,0,Medium ROAS,-0.017181831,0.3695828342913239
12/24/2024,Google Ads,Search,Healthcare,Australia,155840,4566,0.0293,1.12,5113.92,312,16.39,40138.5,7.85,12,24,2024,4,35024.58,0,Medium ROAS,0.5810703775170223,-0.645066342
7/21/2024,TikTok Ads,Display,E-commerce,India,21956,1611,0.0734,1.41,2271.51,79,28.75,9545.28,4.2,7,21,2024,3,7273.77,2,High ROAS,0.3667189986188808,1.9866823764243988
5/6/2024,Meta Ads,Search,E-commerce,USA,177224,2374,0.0134,1.57,3727.18,142,26.25,18303.42,4.91,5,6,2024,2,14576.239999999998,0,Medium ROAS,-0.037178747,-1.499756477
11/4/2024,Google Ads,Search,EdTech,UAE,93720,2661,0.0284,1.7,4523.7,104,43.5,18904.07,4.18,11,4,2024,4,14380.369999999999,0,Medium ROAS,-0.276385207,-0.566023488
5/28/2024,Google Ads,Display,EdTech,USA,169909,7781,0.0458,2.5,19452.5,124,156.88,26123.28,1.34,5,28,2024,2,6670.779999999999,1,Low ROAS,-2.346211929,0.8540648164581334
8/5/2024,Meta Ads,Video,Healthcare,USA,46548,1047,0.0225,1.55,1622.85,28,57.96,7800.92,4.81,8,5,2024,3,6178.07,0,Medium ROAS,-0.505304755,-0.865191053
12/8/2024,Meta Ads,Search,Healthcare,USA,6875,158,0.0231,1.83,289.14,2,144.57,386.94,1.34,12,8,2024,4,97.80000000000001,1,Low ROAS,-2.335315201,-0.500482092
12/26/2024,Google Ads,Search,SaaS,India,106975,4300,0.0402,2.39,10277,335,30.68,35904.36,3.49,12,26,2024,4,25627.36,0,Medium ROAS,-0.030296631,0.08058269776537733
2/8/2024,Google Ads,Shopping,SaaS,UK,10574,389,0.0368,2.59,1007.51,6,167.92,908.68,0.9,2,8,2024,1,-98.83,1,Low ROAS,-2.658171253,0.3755523394592766
7/16/2024,TikTok Ads,Video,Fintech,Australia,147658,6939,0.047,0.86,5967.54,282,21.16,39581.75,6.63,7,16,2024,3,33614.21,2,High ROAS,0.524356132607799,0.4079331110062391
6/2/2024,Meta Ads,Shopping,SaaS,Canada,52013,1565,0.0301,1.03,1611.95,23,70.08,6481.69,4.02,6,2,2024,2,4869.74,0,Medium ROAS,-0.728445492,-0.376157492
10/18/2024,Google Ads,Search,E-commerce,India,49484,1118,0.0226,2.05,2291.9,79,29.01,18417.53,8.04,10,18,2024,4,16125.63,0,Medium ROAS,0.3294711089419837,-0.991988466
7/4/2024,Google Ads,Search,Healthcare,USA,18877,545,0.0289,3.2,1744,26,67.08,5981,3.43,7,4,2024,3,4237,0,Medium ROAS,-0.750948646,-0.44935353
4/15/2024,Meta Ads,Shopping,Healthcare,UK,106505,1022,0.0096,1.8,1839.6,27,68.13,2467.18,1.34,4,15,2024,2,627.5799999999999,0,Medium ROAS,-1.159153814,-1.539613254
5/25/2024,Google Ads,Search,E-commerce,India,65107,1777,0.0273,1.63,2896.51,128,22.63,29612.56,10.22,5,25,2024,2,26716.050000000003,0,Medium ROAS,0.710483183982931,-0.765160169
3/2/2024,Google Ads,Shopping,SaaS,India,69839,1620,0.0232,1.26,2041.2,80,25.52,22785.52,11.16,3,2,2024,1,20744.32,0,Medium ROAS,0.7260287057190402,-1.002649558
2/27/2024,Google Ads,Video,SaaS,USA,104794,5920,0.0565,3.66,21667.2,359,60.35,21837.83,1.01,2,27,2024,1,170.63000000000102,2,High ROAS,-0.654751418,1.1503057552635902
4/14/2024,Meta Ads,Video,EdTech,USA,33549,1224,0.0365,0.76,930.24,89,10.45,26101.34,28.06,4,14,2024,2,25171.1,2,High ROAS,2.8965693250113946,-0.466157073
2/17/2024,Google Ads,Video,SaaS,Germany,133027,7808,0.0587,1.26,9838.08,153,64.3,22193.12,2.26,2,17,2024,1,12355.039999999999,2,High ROAS,-0.569338005,1.277449536496564
11/12/2024,Meta Ads,Video,EdTech,Germany,27419,1192,0.0435,1.83,2181.36,38,57.4,5935.39,2.72,11,12,2024,4,3754.03,0,Medium ROAS,-0.535775756,0.370028112664637
5/24/2024,Google Ads,Video,Healthcare,Canada,102648,2330,0.0227,2.55,5941.5,157,37.84,28653.63,4.82,5,24,2024,2,22712.13,0,Medium ROAS,-0.162015756,-0.921719283
1/20/2024,Google Ads,Display,E-commerce,Canada,181687,8321,0.0458,3.14,26127.94,651,40.14,189283.47,7.24,1,20,2024,1,163155.53,2,High ROAS,0.25769185854586174,0.3960986875788466
7/22/2024,Google Ads,Display,SaaS,UK,166792,6071,0.0364,3.15,19123.65,323,59.21,23590.83,1.23,7,22,2024,3,4467.18,0,Medium ROAS,-0.786839068,-0.018481386
6/26/2024,TikTok Ads,Search,SaaS,USA,7889,416,0.0528,1,416,16,26,2147.95,5.16,6,26,2024,2,1731.9499999999998,2,High ROAS,0.33633820204697995,0.7755727695996592
11/14/2024,Meta Ads,Video,E-commerce,India,129746,4891,0.0377,1.81,8852.71,117,75.66,26101.17,2.95,11,14,2024,4,17248.46,0,Medium ROAS,-0.87073174,0.09378925443778204
3/17/2024,Google Ads,Display,E-commerce,Germany,94506,3269,0.0346,1.56,5099.64,193,26.42,7342.38,1.44,3,17,2024,1,2242.74,0,Medium ROAS,-0.225233565,-0.235653817
5/17/2024,Google Ads,Display,EdTech,Canada,12086,594,0.0492,2.46,1461.24,21,69.58,3418.15,2.34,5,17,2024,2,1956.91,1,Low ROAS,-0.732791239,0.7449583401751474
5/7/2024,TikTok Ads,Display,SaaS,UK,145497,4743,0.0326,0.35,1660.05,313,5.3,81349.35,49,5,7,2024,2,79689.3,2,High ROAS,5.179907587102243,-0.934448116
5/18/2024,Meta Ads,Search,EdTech,UAE,14491,259,0.0179,1.7,440.3,3,146.77,260.32,0.59,5,18,2024,2,-179.98,1,Low ROAS,-2.497644275,-0.785741706
3/13/2024,Meta Ads,Shopping,Fintech,UAE,156043,4478,0.0287,1.33,5955.74,193,30.86,22322.38,3.75,3,13,2024,1,16366.640000000001,0,Medium ROAS,-0.105668149,-0.586757344
7/19/2024,TikTok Ads,Display,Healthcare,UK,115304,3551,0.0308,1.56,5539.56,232,23.88,22178.1,4,7,19,2024,3,16638.539999999997,0,Medium ROAS,0.05734086701198371,-0.491571518
9/24/2024,TikTok Ads,Shopping,Fintech,UAE,132571,9147,0.069,1.02,9329.94,502,18.59,55471.3,5.95,9,24,2024,3,46141.36,2,High ROAS,0.6867613732406197,1.6790276966372437
11/13/2024,Google Ads,Display,E-commerce,UAE,92502,2960,0.032,2.06,6097.6,201,30.34,47885.36,7.85,11,13,2024,4,41787.76,0,Medium ROAS,0.3684806647708274,-0.441761411
11/23/2024,Google Ads,Display,EdTech,USA,133792,6943,0.0519,2.35,16316.05,186,87.72,17630.23,1.08,11,23,2024,4,1314.1800000000003,1,Low ROAS,-1.150476717,0.9759795755971002
12/26/2024,Google Ads,Display,EdTech,UK,77258,3963,0.0513,1.8,7133.4,135,52.84,34518.13,4.84,12,26,2024,4,27384.729999999996,2,High ROAS,-0.164992305,0.7829535494008999
5/10/2024,Google Ads,Display,EdTech,UAE,74672,2665,0.0357,1.56,4157.4,129,32.23,32318.91,7.77,5,10,2024,2,28161.510000000002,0,Medium ROAS,0.3601556503825848,-0.220509016
4/18/2024,TikTok Ads,Search,Healthcare,Australia,41558,1757,0.0423,1.21,2125.97,72,29.53,18414.15,8.66,4,18,2024,2,16288.180000000002,2,High ROAS,0.5580318193857794,0.14252947987089626
12/5/2024,Google Ads,Shopping,Healthcare,Australia,134560,5947,0.0442,2.84,16889.48,144,117.29,23257.77,1.38,12,5,2024,4,6368.290000000001,1,Low ROAS,-1.685897665,0.6273112235218418
5/26/2024,TikTok Ads,Search,E-commerce,Canada,143518,10491,0.0731,0.85,8917.35,313,28.49,46285.52,5.19,5,26,2024,2,37368.17,2,High ROAS,0.473944549268083,1.9577995847965841
10/9/2024,Meta Ads,Video,Fintech,UK,7402,91,0.0124,2.08,189.28,6,31.55,1105.17,5.84,10,9,2024,4,915.8900000000001,0,Medium ROAS,-0.036521252,-1.549693032
9/25/2024,Google Ads,Shopping,EdTech,Australia,49225,2367,0.0481,1.84,4355.28,137,31.79,8811.53,2.02,9,25,2024,3,4456.250000000001,0,Medium ROAS,-0.136929238,0.5570804294891128
7/28/2024,Google Ads,Video,Healthcare,India,173678,11428,0.0658,2.11,24113.08,310,77.78,83080.36,3.45,7,28,2024,3,58967.28,2,High ROAS,-0.608972607,1.720854232352064
3/7/2024,Meta Ads,Display,Healthcare,Australia,92793,1261,0.0136,0.37,466.57,80,5.83,13024.34,27.92,3,7,2024,1,12557.77,2,High ROAS,2.760681174503274,-1.80477976
8/9/2024,TikTok Ads,Video,SaaS,UK,122408,6671,0.0545,1.17,7805.07,293,26.64,67215.82,8.61,8,9,2024,3,59410.75000000001,2,High ROAS,0.7077166753524463,0.8389398497126318
7/4/2024,TikTok Ads,Search,E-commerce,UAE,162826,7815,0.048,1.64,12816.6,120,106.81,13520.75,1.05,7,4,2024,3,704.1499999999996,1,Low ROAS,-1.510644192,0.8152374845429767
7/10/2024,Meta Ads,Shopping,Healthcare,India,134614,3190,0.0237,1.78,5678.2,188,30.2,41736.54,7.35,7,10,2024,3,36058.340000000004,0,Medium ROAS,0.24541496678084224,-0.916919732
3/18/2024,Google Ads,Shopping,Fintech,India,116451,3388,0.0291,3.39,11485.32,188,61.09,28791.61,2.51,3,18,2024,1,17306.29,0,Medium ROAS,-0.745822075,-0.448127539
2/13/2024,Google Ads,Search,E-commerce,Germany,188276,11277,0.0599,2.48,27966.96,554,50.48,89376.47,3.2,2,13,2024,1,61409.51,2,High ROAS,-0.224920228,1.2900422778954597
7/14/2024,Meta Ads,Search,Fintech,Australia,165552,4337,0.0262,2.22,9628.14,132,72.94,21448.35,2.23,7,14,2024,3,11820.21,0,Medium ROAS,-1.001397194,-0.572805462
8/18/2024,Meta Ads,Video,EdTech,UK,82271,3397,0.0413,0.52,1766.44,36,49.07,6412.73,3.63,8,18,2024,3,4646.289999999999,0,Medium ROAS,-0.317028323,0.20484193822839328
12/30/2024,TikTok Ads,Search,Fintech,Germany,61921,3814,0.0616,0.31,1182.34,50,23.65,8842.35,7.48,12,30,2024,4,7660.01,2,High ROAS,0.699719436594193,1.2516533021183898
9/26/2024,Google Ads,Shopping,E-commerce,Canada,161089,6540,0.0406,2.1,13734,285,48.19,49746.79,3.62,9,26,2024,3,36012.79,0,Medium ROAS,-0.309289241,0.1614884558200399
9/13/2024,Google Ads,Shopping,Healthcare,USA,85618,2679,0.0313,0.92,2464.68,74,33.31,6024.46,2.44,9,13,2024,3,3559.78,0,Medium ROAS,-0.264031244,-0.414000864
12/12/2024,Meta Ads,Search,Healthcare,Australia,30457,606,0.0199,0.58,351.48,34,10.34,4981.94,14.17,12,12,2024,4,4630.459999999999,0,Medium ROAS,1.2747793689727733,-1.277202127
1/25/2024,TikTok Ads,Search,E-commerce,India,46420,1880,0.0405,1.9,3572,113,31.61,5769.59,1.62,1,25,2024,1,2197.59,0,Medium ROAS,-0.242580162,0.12119836893207188
8/21/2024,Google Ads,Search,E-commerce,UK,180746,5024,0.0278,1.28,6430.72,64,100.48,17709.21,2.75,8,21,2024,3,11278.489999999998,1,Low ROAS,-1.398153138,-0.39279624
6/26/2024,TikTok Ads,Search,SaaS,Germany,131244,5604,0.0427,0.38,2129.52,229,9.3,65541.49,30.78,6,26,2024,2,63411.97000000001,2,High ROAS,3.2596310547875293,-0.140707477
3/1/2024,Google Ads,Search,E-commerce,Germany,86678,2158,0.0249,1.45,3129.1,163,19.2,27708.88,8.86,3,1,2024,1,24579.780000000002,0,Medium ROAS,0.6028156003664011,-0.900931024
11/3/2024,Google Ads,Display,EdTech,Canada,70226,4037,0.0575,2.16,8719.92,240,36.33,68153.47,7.82,11,3,2024,4,59433.55,2,High ROAS,0.4856919376397057,1.0537018104714633
12/1/2024,Google Ads,Search,Fintech,Germany,124119,6416,0.0517,2.55,16360.8,358,45.7,48445.72,2.96,12,1,2024,4,32084.920000000002,0,Medium ROAS,-0.240904994,0.8021910118259333
5/16/2024,Google Ads,Shopping,Healthcare,UAE,126292,5165,0.0409,1.49,7695.85,110,69.96,14074.18,1.83,5,16,2024,2,6378.33,0,Medium ROAS,-0.865721735,0.2716647767057904
2/23/2024,Google Ads,Video,E-commerce,Canada,189935,10161,0.0535,1.49,15139.89,615,24.62,31748.86,2.1,2,23,2024,1,16608.97,2,High ROAS,0.03989019448855552,0.8443227510866249
4/16/2024,Google Ads,Display,EdTech,UAE,103066,2380,0.0231,2.49,5926.2,121,48.98,20395.26,3.44,4,16,2024,2,14469.059999999998,0,Medium ROAS,-0.494025419,-0.846091015
3/30/2024,Meta Ads,Shopping,E-commerce,USA,11083,193,0.0175,0.83,160.19,11,14.56,912.82,5.7,3,30,2024,1,752.6300000000001,0,Medium ROAS,0.28043999540328646,-1.310618492
4/25/2024,Meta Ads,Display,EdTech,UAE,6074,128,0.0212,1.51,193.28,5,38.66,1253.71,6.49,4,25,2024,2,1060.43,0,Medium ROAS,-0.011083275,-1.02367646
10/11/2024,TikTok Ads,Video,Healthcare,Canada,54752,2814,0.0514,0.86,2420.04,137,17.66,13580.22,5.61,10,11,2024,4,11160.18,2,High ROAS,0.5132225711727895,0.6615737810653364
2/10/2024,Meta Ads,Video,Healthcare,UK,141313,4762,0.0337,1.05,5000.1,207,24.16,26737.15,5.35,2,10,2024,1,21737.050000000003,0,Medium ROAS,0.22159843342924315,-0.337417785
11/28/2024,TikTok Ads,Display,EdTech,USA,34669,1965,0.0567,1.61,3163.65,74,42.75,12153.4,3.84,11,28,2024,4,8989.75,2,High ROAS,-0.05377833,1.0719496188803228
3/17/2024,Meta Ads,Display,E-commerce,Australia,104714,1015,0.0097,0.93,943.95,78,12.1,20952.03,22.2,3,17,2024,1,20008.079999999998,0,Medium ROAS,2.0114790921722645,-1.947617811
5/30/2024,TikTok Ads,Video,Healthcare,UAE,109733,6616,0.0603,0.91,6020.56,516,11.67,53965.61,8.96,5,30,2024,2,47945.05,2,High ROAS,1.0487668471637754,1.1200552734368399
9/16/2024,TikTok Ads,Display,SaaS,USA,67502,5859,0.0868,0.48,2812.32,395,7.12,42271.31,15.03,9,16,2024,3,39458.99,2,High ROAS,2.002688742360099,2.572105111716919
4/24/2024,Google Ads,Display,E-commerce,Canada,129121,4893,0.0379,2.56,12526.08,137,91.43,7241.16,0.58,4,24,2024,2,-5284.92,1,Low ROAS,-1.38826762,0.18414759854987758
3/25/2024,Google Ads,Video,Fintech,USA,173102,4414,0.0255,3.4,15007.6,341,44.01,52487.34,3.5,3,25,2024,1,37479.74,0,Medium ROAS,-0.382656873,-0.724716932
3/27/2024,Google Ads,Shopping,EdTech,Canada,140607,6397,0.0455,1.43,9147.71,393,23.28,82224.93,8.99,3,27,2024,1,73077.22,2,High ROAS,0.7267739350486153,0.3029443879927409
1/11/2024,Google Ads,Search,Healthcare,Germany,48351,2156,0.0446,3.16,6812.96,83,82.08,7504.87,1.1,1,11,2024,1,691.9099999999999,1,Low ROAS,-1.116390743,0.5344798971687474
4/6/2024,TikTok Ads,Video,Fintech,Germany,118135,8151,0.069,0.69,5624.19,428,13.14,64189.34,11.41,4,6,2024,2,58565.149999999994,2,High ROAS,1.3604786585610515,1.6018614268418805
6/25/2024,TikTok Ads,Search,Fintech,UK,20185,878,0.0435,0.61,535.58,27,19.84,7476.28,13.96,6,25,2024,2,6940.7,2,High ROAS,1.2968977541636353,0.1221642564620585
11/29/2024,TikTok Ads,Video,E-commerce,Australia,50802,3617,0.0712,0.42,1519.14,279,5.44,22644.29,14.91,11,29,2024,4,21125.15,2,High ROAS,1.882665881145033,1.6654280003209159
8/14/2024,Meta Ads,Shopping,E-commerce,Canada,34048,694,0.0204,1.45,1006.3,49,20.54,12555.06,12.48,8,14,2024,3,11548.76,0,Medium ROAS,0.9265318167834321,-1.195630722
2/23/2024,TikTok Ads,Video,SaaS,UAE,56672,2397,0.0423,0.48,1150.56,138,8.34,33165.74,28.83,2,23,2024,1,32015.179999999997,2,High ROAS,3.064723544602459,-0.146105024
5/15/2024,Google Ads,Video,Fintech,UAE,128962,7337,0.0569,1.35,9904.95,226,43.83,26098.81,2.63,5,15,2024,2,16193.86,2,High ROAS,-0.199180132,1.1001866058719505
9/22/2024,Meta Ads,Video,Healthcare,UK,15532,593,0.0382,1.43,847.99,45,18.84,2243.79,2.65,9,22,2024,3,1395.8,0,Medium ROAS,0.06321430372533735,-0.06606635
8/15/2024,Google Ads,Video,Fintech,Australia,154666,5939,0.0384,1.28,7601.92,366,20.77,24965.13,3.28,8,15,2024,3,17363.21,0,Medium ROAS,0.0993877407951955,-0.054755592
8/22/2024,TikTok Ads,Video,E-commerce,USA,9722,455,0.0469,1.21,550.55,29,18.98,3533.89,6.42,8,22,2024,3,2983.34,2,High ROAS,0.5380129604112147,0.39704226036887685
8/10/2024,Google Ads,Display,Fintech,Australia,24464,511,0.0209,1.12,572.32,20,28.62,5921.83,10.35,8,10,2024,3,5349.51,0,Medium ROAS,0.5673004884358386,-1.116488687
2/9/2024,Meta Ads,Video,E-commerce,India,170413,3936,0.0231,0.71,2794.56,63,44.36,12671.79,4.53,2,9,2024,1,9877.230000000001,0,Medium ROAS,-0.299757852,-0.873431143
3/12/2024,TikTok Ads,Video,Fintech,Germany,109205,4499,0.0412,0.84,3779.16,49,77.13,13660.38,3.61,3,12,2024,1,9881.22,1,Low ROAS,-0.79487881,0.2940921267406597
8/20/2024,Google Ads,Shopping,E-commerce,Germany,161926,5424,0.0335,3.29,17844.96,87,205.11,11807.21,0.66,8,20,2024,3,-6037.75,1,Low ROAS,-3.341786243,0.31293596120735495
10/14/2024,Meta Ads,Search,E-commerce,UK,125725,1646,0.0131,0.81,1333.26,19,70.17,2319.58,1.74,10,14,2024,4,986.3199999999999,0,Medium ROAS,-1.120636753,-1.334586652
5/17/2024,TikTok Ads,Video,Healthcare,UAE,116301,4198,0.0361,1.45,6087.1,212,28.71,37780.9,6.21,5,17,2024,2,31693.800000000003,0,Medium ROAS,0.2570627276980315,-0.192482254
12/12/2024,Google Ads,Shopping,SaaS,Canada,88251,2665,0.0302,1.29,3437.85,151,22.77,17509.21,5.09,12,12,2024,4,14071.359999999999,0,Medium ROAS,0.18699158547430164,-0.541754348
10/12/2024,Google Ads,Video,EdTech,Germany,185378,3244,0.0175,1.82,5904.08,246,24,67552.8,11.44,10,12,2024,4,61648.72,0,Medium ROAS,0.7319982955147875,-1.340482057
8/13/2024,Meta Ads,Shopping,SaaS,USA,177905,5532,0.0311,0.98,5421.36,370,14.65,14673.05,2.71,8,13,2024,3,9251.689999999999,0,Medium ROAS,0.07876175912114437,-0.491528828
8/16/2024,Meta Ads,Video,E-commerce,Canada,122845,2714,0.0221,0.57,1546.98,143,10.82,36419.79,23.54,8,16,2024,3,34872.81,2,High ROAS,2.2836924528400537,-1.249155653
6/17/2024,Meta Ads,Video,Healthcare,Germany,36017,1210,0.0336,1.01,1222.1,28,43.65,1258.31,1.03,6,17,2024,2,36.210000000000036,0,Medium ROAS,-0.569173466,-0.230858654
5/13/2024,Google Ads,Search,EdTech,USA,71267,3962,0.0556,0.93,3684.66,287,12.84,50107.59,13.6,5,13,2024,2,46422.92999999999,2,High ROAS,1.4822502629272414,0.8022380247934927
1/4/2024,Meta Ads,Display,EdTech,India,97152,1156,0.0119,0.54,624.24,43,14.52,4965.75,7.95,1,4,2024,1,4341.51,0,Medium ROAS,0.47203819289352855,-1.658863245
9/3/2024,Meta Ads,Shopping,E-commerce,USA,33834,906,0.0268,0.88,797.28,23,34.66,2361.23,2.96,9,3,2024,3,1563.95,0,Medium ROAS,-0.270633461,-0.675310594
12/14/2024,TikTok Ads,Shopping,E-commerce,Canada,183775,7093,0.0386,1,7093,373,19.02,88634,12.5,12,14,2024,4,81541,2,High ROAS,1.1126694940022512,-0.148308988
8/31/2024,Meta Ads,Search,Fintech,UAE,199405,5204,0.0261,0.96,4995.84,333,15,25169.83,5.04,8,31,2024,3,20173.99,0,Medium ROAS,0.2774982784789918,-0.804613004
3/19/2024,TikTok Ads,Search,Healthcare,Germany,169512,9475,0.0559,1.41,13359.75,203,65.81,26995.02,2.02,3,19,2024,1,13635.27,1,Low ROAS,-0.644802779,1.123184735081725
11/6/2024,Google Ads,Display,EdTech,India,14884,541,0.0364,3.25,1758.25,43,40.89,4123.58,2.35,11,6,2024,4,2365.33,0,Medium ROAS,-0.357535601,-0.09243865
11/19/2024,TikTok Ads,Shopping,Healthcare,Germany,47623,1695,0.0356,1.85,3135.75,36,87.1,9884.86,3.15,11,19,2024,4,6749.110000000001,1,Low ROAS,-1.061291086,0.008832404691493694
11/24/2024,Meta Ads,Search,E-commerce,USA,102780,1952,0.019,1.2,2342.4,63,37.18,16160.9,6.9,11,24,2024,4,13818.5,0,Medium ROAS,0.03849383272114058,-1.160335438
2/10/2024,Google Ads,Shopping,Healthcare,Australia,167717,4142,0.0247,1.73,7165.66,71,100.92,15937.54,2.22,2,10,2024,1,8771.880000000001,1,Low ROAS,-1.489004652,-0.564908071
9/5/2024,Meta Ads,Search,E-commerce,UK,189598,6673,0.0352,1.99,13279.27,170,78.11,36177.68,2.72,9,5,2024,3,22898.41,0,Medium ROAS,-0.958429752,-0.040054991
1/21/2024,TikTok Ads,Display,SaaS,Germany,92273,6237,0.0676,1.41,8794.17,291,30.22,72065.02,8.19,1,21,2024,1,63270.850000000006,2,High ROAS,0.7163340853328688,1.6132498013728733
9/5/2024,Google Ads,Display,Fintech,UK,118884,5932,0.0499,2.95,17499.4,450,38.89,121374.91,6.94,9,5,2024,3,103875.51000000001,2,High ROAS,0.28255295491490917,0.6322434440475168
4/4/2024,Google Ads,Search,Healthcare,Australia,84303,4417,0.0524,3.12,13781.04,100,137.81,20354.89,1.48,4,4,2024,2,6573.8499999999985,1,Low ROAS,-1.951186067,1.169856694590223
1/4/2024,Google Ads,Video,EdTech,Germany,89730,4621,0.0515,2.68,12384.28,277,44.71,13483.54,1.09,1,4,2024,1,1099.2600000000002,0,Medium ROAS,-0.425045446,0.8073991234037569
11/30/2024,Google Ads,Search,SaaS,UK,174737,5207,0.0298,1.44,7498.08,398,18.84,90351.24,12.05,11,30,2024,4,82853.16,0,Medium ROAS,0.991257196818347,-0.653060073
9/10/2024,Google Ads,Shopping,Healthcare,Germany,145508,7158,0.0492,1.44,10307.52,566,18.21,76404.29,7.41,9,10,2024,3,66096.76999999999,2,High ROAS,0.6764812546352078,0.5168179944809228
4/24/2024,Google Ads,Shopping,EdTech,Australia,75649,1792,0.0237,2.78,4981.76,110,45.29,12588.99,2.53,4,24,2024,2,7607.23,0,Medium ROAS,-0.523277252,-0.814064907
3/25/2024,TikTok Ads,Display,E-commerce,UK,85522,3378,0.0395,0.35,1182.3,167,7.08,30312.31,25.64,3,25,2024,1,29130.010000000002,2,High ROAS,2.7219603878975165,-0.277987899
11/19/2024,Meta Ads,Shopping,Healthcare,Canada,19588,434,0.0222,1.77,768.18,5,153.64,560.03,0.73,11,19,2024,4,-208.15,1,Low ROAS,-2.561596169,-0.515324851
11/2/2024,TikTok Ads,Video,E-commerce,Canada,92985,8024,0.0863,0.85,6820.4,520,13.12,150774.99,22.11,11,2,2024,4,143954.59,2,High ROAS,2.6508222728093904,2.4872792053220145
3/21/2024,Google Ads,Video,E-commerce,USA,134198,2670,0.0199,3.15,8410.5,71,118.46,14769.75,1.76,3,21,2024,1,6359.25,1,Low ROAS,-1.876564131,-0.778316288
12/6/2024,TikTok Ads,Search,E-commerce,Canada,25951,809,0.0312,0.48,388.32,61,6.37,10397.04,26.77,12,6,2024,4,10008.720000000001,2,High ROAS,2.782135208446862,-0.772611227
10/19/2024,Google Ads,Shopping,E-commerce,UK,55385,1678,0.0303,1.44,2416.32,64,37.76,18110.48,7.5,10,19,2024,4,15694.16,0,Medium ROAS,0.1908544847354115,-0.51124873
1/1/2024,Google Ads,Search,SaaS,India,21702,1000,0.0461,3.17,3170,17,186.47,3670.88,1.16,1,1,2024,1,500.8800000000001,1,Low ROAS,-2.863515302,0.9733423868522673
2/27/2024,TikTok Ads,Search,SaaS,UAE,195972,13796,0.0704,0.5,6898,645,10.69,54701.33,7.93,2,27,2024,1,47803.33,2,High ROAS,1.0434959328592308,1.7120023756668339
9/12/2024,Meta Ads,Search,Healthcare,UAE,73447,2401,0.0327,1.44,3457.44,93,37.18,11150.38,3.23,9,12,2024,3,7692.939999999999,0,Medium ROAS,-0.233211488,-0.32844914
10/17/2024,Meta Ads,Search,Healthcare,UAE,55867,1681,0.0301,1.98,3328.38,32,104.01,3790.94,1.14,10,17,2024,4,462.55999999999995,1,Low ROAS,-1.609351763,-0.23051402
5/19/2024,Google Ads,Display,Fintech,UK,64567,1439,0.0223,2.29,3295.31,64,51.49,4231.38,1.28,5,19,2024,2,936.0700000000002,0,Medium ROAS,-0.773498419,-0.86063898
7/2/2024,TikTok Ads,Shopping,SaaS,Canada,97254,3374,0.0347,1.65,5567.1,63,88.37,17255.15,3.1,7,2,2024,3,11688.050000000001,1,Low ROAS,-1.095935184,-0.038393344
1/20/2024,Meta Ads,Shopping,Healthcare,UK,147897,2144,0.0145,1.94,4159.36,24,173.31,3826.61,0.92,1,20,2024,1,-332.75,1,Low ROAS,-2.941197418,-0.896263167
9/13/2024,Meta Ads,Display,Healthcare,Germany,115379,5134,0.0445,2.41,12372.94,391,31.64,109895.16,8.88,9,13,2024,3,97522.22,2,High ROAS,0.5648882530801593,0.2745384864971562
3/3/2024,Google Ads,Search,Fintech,UK,51566,1531,0.0297,1.39,2128.09,112,19,6716.48,3.16,3,3,2024,1,4588.389999999999,0,Medium ROAS,0.0408971414631193,-0.562646422
6/18/2024,Google Ads,Search,Healthcare,UAE,184889,6212,0.0336,2.17,13480.04,73,184.66,2434.91,0.18,6,18,2024,2,-11045.13,1,Low ROAS,-3.045967329,0.2547811210510261
4/17/2024,TikTok Ads,Shopping,EdTech,Australia,100028,7402,0.074,0.73,5403.46,100,54.03,7280.48,1.35,4,17,2024,2,1877.0199999999995,2,High ROAS,-0.359392783,2.1374769254716117
7/31/2024,TikTok Ads,Search,EdTech,India,29741,1287,0.0433,1.23,1583.01,55,28.78,6012.36,3.8,7,31,2024,3,4429.349999999999,0,Medium ROAS,0.06183207163974234,0.25012818399935866
3/12/2024,Google Ads,Shopping,Fintech,Australia,155033,5782,0.0373,2.17,12546.94,248,50.59,71470.23,5.7,3,12,2024,1,58923.28999999999,0,Medium ROAS,-0.1570843,-0.04365183
8/15/2024,TikTok Ads,Shopping,Fintech,Canada,13562,790,0.0583,1.18,932.2,40,23.3,7014.55,7.52,8,15,2024,3,6082.35,2,High ROAS,0.6812023077946218,1.0591708740954648
1/18/2024,Meta Ads,Shopping,Healthcare,UAE,84830,2612,0.0308,1.98,5171.76,84,61.57,6284.59,1.22,1,18,2024,1,1112.83,0,Medium ROAS,-0.876544758,-0.334298453
5/21/2024,Meta Ads,Shopping,Healthcare,Germany,119427,1146,0.0096,1.93,2211.78,27,81.92,5094.36,2.3,5,21,2024,2,2882.5799999999995,0,Medium ROAS,-1.29027801,-1.503344451
8/15/2024,Google Ads,Shopping,EdTech,India,175623,9483,0.054,0.97,9198.51,268,34.32,79311.56,8.62,8,15,2024,3,70113.05,2,High ROAS,0.5744668887589056,0.835864514938344
7/25/2024,Google Ads,Search,SaaS,Australia,93919,4968,0.0529,2.55,12668.4,308,41.13,66254.75,5.23,7,25,2024,3,53586.35,2,High ROAS,0.0886225228404403,0.8317300009838151
11/4/2024,TikTok Ads,Display,Fintech,UAE,46190,3030,0.0656,0.42,1272.6,183,6.95,38945.83,30.6,11,4,2024,4,37673.23,2,High ROAS,3.4793904643061597,1.1778057634562724
10/29/2024,Meta Ads,Display,Healthcare,Australia,152996,3136,0.0205,1.79,5613.44,82,68.46,6472.17,1.15,10,29,2024,4,858.7300000000005,0,Medium ROAS,-1.090176082,-0.906006563
6/3/2024,TikTok Ads,Shopping,E-commerce,UAE,62600,3142,0.0502,0.71,2230.82,245,9.11,17495.08,7.84,6,3,2024,2,15264.260000000002,2,High ROAS,0.8849696482868791,0.5392801078999302
2/29/2024,Meta Ads,Search,E-commerce,UAE,36127,610,0.0169,1.11,677.1,45,15.05,6906.4,10.2,2,29,2024,1,6229.299999999999,0,Medium ROAS,0.7461785310230492,-1.392086479
4/28/2024,TikTok Ads,Video,EdTech,India,110940,6512,0.0587,1.41,9181.92,108,85.02,14612.87,1.59,4,28,2024,2,5430.950000000001,1,Low ROAS,-0.991331053,1.3546747310622431
4/1/2024,Meta Ads,Search,E-commerce,UK,91332,3762,0.0412,0.65,2445.3,125,19.56,31285.11,12.79,4,1,2024,2,28839.81,2,High ROAS,1.157028334686533,0.0007772266880398115
8/27/2024,TikTok Ads,Video,EdTech,UAE,149526,4321,0.0289,0.78,3370.38,120,28.09,25118.55,7.45,8,27,2024,3,21748.17,0,Medium ROAS,0.33699616479877464,-0.624361958
4/29/2024,Meta Ads,Search,Healthcare,USA,77746,2861,0.0368,1.04,2975.44,82,36.29,21523.93,7.23,4,29,2024,2,18548.49,0,Medium ROAS,0.24350633808100808,-0.137356135
4/17/2024,Google Ads,Video,Healthcare,UK,105804,3110,0.0294,0.97,3016.7,200,15.08,49067.29,16.27,4,17,2024,2,46050.590000000004,0,Medium ROAS,1.500836651215352,-0.734308787
9/15/2024,Meta Ads,Video,Fintech,Germany,37599,1225,0.0326,1.3,1592.5,73,21.82,19164.89,12.03,9,15,2024,3,17572.39,0,Medium ROAS,0.9630491411355564,-0.48082528
4/14/2024,Google Ads,Shopping,E-commerce,India,9791,519,0.0531,3.95,2050.05,40,51.25,2255.24,1.1,4,14,2024,2,205.1899999999996,0,Medium ROAS,-0.520739686,0.9219338563163576
2/29/2024,Google Ads,Search,Healthcare,USA,34802,1708,0.0491,2.9,4953.2,72,68.79,6827.25,1.38,2,29,2024,1,1874.0500000000002,1,Low ROAS,-0.822531764,0.7468345485853445
10/17/2024,TikTok Ads,Display,Healthcare,India,81394,5192,0.0638,0.94,4880.48,253,19.29,41499.01,8.5,10,17,2024,4,36618.53,2,High ROAS,0.9012654957488816,1.353191172587428
9/6/2024,Google Ads,Shopping,E-commerce,Germany,101299,3504,0.0346,1.8,6307.2,250,25.23,36776.35,5.83,9,6,2024,3,30469.149999999998,0,Medium ROAS,0.26243831753717606,-0.286911653
8/30/2024,Meta Ads,Video,Healthcare,Germany,140431,1544,0.011,0.52,802.88,74,10.85,2904.54,3.62,8,30,2024,3,2101.66,0,Medium ROAS,0.06517329819662045,-1.676728943
6/4/2024,Google Ads,Video,SaaS,Canada,113368,5260,0.0464,1.31,6890.6,168,41.02,8983.58,1.3,6,4,2024,2,2092.9799999999996,0,Medium ROAS,-0.384590399,0.49769058955183
6/18/2024,Google Ads,Display,E-commerce,Germany,89263,3695,0.0414,1.77,6540.15,155,42.19,19291.23,2.95,6,18,2024,2,12751.08,0,Medium ROAS,-0.272150315,0.19469415428798517
8/1/2024,Meta Ads,Display,E-commerce,USA,168947,4510,0.0267,1.94,8749.4,179,48.88,48341.14,5.53,8,1,2024,3,39591.74,0,Medium ROAS,-0.238439526,-0.660696368
6/13/2024,TikTok Ads,Search,EdTech,UAE,139511,8384,0.0601,1.35,11318.4,209,54.16,26357.3,2.33,6,13,2024,2,15038.9,2,High ROAS,-0.378111122,1.323406631587459
9/12/2024,Google Ads,Search,Fintech,UK,25927,1501,0.0579,1.01,1516.01,44,34.45,4091.03,2.7,9,12,2024,3,2575.0200000000004,2,High ROAS,-0.024293292,1.1255761781959541
11/20/2024,Meta Ads,Shopping,E-commerce,Germany,165322,4529,0.0274,1.73,7835.17,167,46.92,38358.92,4.9,11,20,2024,4,30523.75,0,Medium ROAS,-0.266277993,-0.620053231
12/13/2024,Meta Ads,Video,Healthcare,India,149542,2497,0.0167,1.04,2596.88,70,37.1,12612.87,4.86,12,13,2024,4,10015.990000000002,0,Medium ROAS,-0.197414903,-1.271685389
9/17/2024,Meta Ads,Video,Healthcare,UK,20021,462,0.0231,1.57,725.34,20,36.27,4554.08,6.28,9,17,2024,3,3828.74,0,Medium ROAS,0.02352129500457186,-0.919598553
1/16/2024,Google Ads,Shopping,SaaS,UAE,31783,781,0.0246,1.16,905.96,49,18.49,4886.84,5.39,1,16,2024,1,3980.88,0,Medium ROAS,0.24266750440868703,-0.883344579
1/14/2024,Meta Ads,Display,EdTech,India,171020,2616,0.0153,0.44,1151.04,41,28.07,9636.88,8.37,1,14,2024,1,8485.84,0,Medium ROAS,0.31703534211305745,-1.420941764
1/24/2024,Google Ads,Shopping,Fintech,Australia,31325,858,0.0274,2.12,1818.96,43,42.3,2004.67,1.1,1,24,2024,1,185.71000000000004,0,Medium ROAS,-0.592794175,-0.59477668
12/30/2024,Meta Ads,Display,SaaS,Australia,49134,1026,0.0209,0.8,820.8,16,51.3,1025.05,1.25,12,30,2024,4,204.25,0,Medium ROAS,-0.785653883,-0.941933081
4/30/2024,Google Ads,Display,SaaS,India,114599,2028,0.0177,2.43,4928.04,29,169.93,5366.72,1.09,4,30,2024,2,438.6800000000003,1,Low ROAS,-2.838063393,-0.724428493
10/8/2024,Meta Ads,Video,Fintech,UK,198581,1985,0.01,1.76,3493.6,38,91.94,8029.71,2.3,10,8,2024,4,4536.110000000001,0,Medium ROAS,-1.456364608,-1.446349707
7/21/2024,Google Ads,Video,SaaS,Canada,157890,9204,0.0583,3.37,31017.48,321,96.63,10260.33,0.33,7,21,2024,3,-20757.15,1,Low ROAS,-1.325472003,1.3843286409509667
4/4/2024,Google Ads,Search,EdTech,Germany,161215,5948,0.0369,2.27,13501.96,439,30.76,105685.25,7.83,4,4,2024,2,92183.29000000001,0,Medium ROAS,0.4018583811893983,-0.156714941
1/30/2024,TikTok Ads,Video,Fintech,India,48147,3562,0.074,0.42,1496.04,163,9.18,41382.29,27.66,1,30,2024,1,39886.25,2,High ROAS,3.201598310808605,1.7028250196082007
4/4/2024,Meta Ads,Video,EdTech,USA,90818,3287,0.0362,0.8,2629.6,123,21.38,11242.68,4.28,4,4,2024,2,8613.08,0,Medium ROAS,0.1764312672988324,-0.190700584
6/28/2024,Google Ads,Video,SaaS,India,118415,6500,0.0549,1.74,11310,458,24.69,110383.15,9.76,6,28,2024,2,99073.15,2,High ROAS,0.866669429740909,0.8431121203733637
11/13/2024,TikTok Ads,Shopping,SaaS,Germany,113886,4965,0.0436,1.34,6653.1,141,47.19,24007.44,3.61,11,13,2024,4,17354.339999999997,0,Medium ROAS,-0.26734058,0.3317344749845526
3/29/2024,Meta Ads,Display,Healthcare,USA,113668,2864,0.0252,1.57,4496.48,81,55.51,6109.21,1.36,3,29,2024,1,1612.7300000000005,0,Medium ROAS,-0.807786403,-0.68018196
6/21/2024,Meta Ads,Shopping,Healthcare,Australia,76880,1798,0.0234,1.18,2121.64,91,23.31,8926.11,4.21,6,21,2024,2,6804.470000000001,0,Medium ROAS,0.02499403527518182,-0.923767243
9/28/2024,Google Ads,Search,EdTech,Australia,138438,4734,0.0342,3.54,16758.36,191,87.74,38220.88,2.28,9,28,2024,3,21462.519999999997,1,Low ROAS,-1.176952171,-0.060618555
11/10/2024,Google Ads,Search,E-commerce,Germany,34764,1251,0.036,0.83,1038.33,83,12.51,3361.16,3.24,11,10,2024,4,2322.83,0,Medium ROAS,0.21403643144626006,-0.22105101
3/27/2024,Meta Ads,Video,Fintech,Canada,61387,1608,0.0262,2.09,3360.72,96,35.01,12312.27,3.66,3,27,2024,1,8951.550000000001,0,Medium ROAS,-0.207224776,-0.716363445
11/1/2024,TikTok Ads,Shopping,SaaS,UAE,139607,10289,0.0737,0.91,9362.99,580,16.14,94107.07,10.05,11,1,2024,4,84744.08,2,High ROAS,1.205746769651095,1.8984767380526306
2/3/2024,Meta Ads,Shopping,EdTech,UK,48271,1182,0.0245,1.94,2293.08,30,76.44,2529.5,1.1,2,3,2024,1,236.42000000000007,0,Medium ROAS,-1.195756214,-0.6471462
11/21/2024,TikTok Ads,Search,EdTech,Australia,181833,10018,0.0551,0.48,4808.64,686,7.01,153650.81,31.95,11,21,2024,4,148842.16999999998,2,High ROAS,3.5308313798839386,0.5561709508140148
5/20/2024,Meta Ads,Video,E-commerce,USA,83678,2761,0.033,1.66,4583.26,35,130.95,4630.48,1.01,5,20,2024,2,47.219999999999345,1,Low ROAS,-2.05387284,0.029652695698307682
4/25/2024,Google Ads,Search,SaaS,Australia,32898,1743,0.053,1.17,2039.31,130,15.69,31968.71,15.68,4,25,2024,2,29929.399999999998,2,High ROAS,1.632927883236264,0.6391057881695849
9/3/2024,Meta Ads,Search,Healthcare,Germany,36153,882,0.0244,1.68,1481.76,62,23.9,16744.05,11.3,9,3,2024,3,15262.289999999999,0,Medium ROAS,0.7787898201568678,-0.94022316
6/14/2024,Meta Ads,Search,Healthcare,USA,140372,4548,0.0324,1.44,6549.12,125,52.39,23552.19,3.6,6,14,2024,2,17003.07,0,Medium ROAS,-0.453809855,-0.298385269
1/27/2024,TikTok Ads,Video,SaaS,UAE,196889,9568,0.0486,0.93,8898.24,137,64.95,34964.66,3.93,1,27,2024,1,26066.420000000006,0,Medium ROAS,-0.490322765,0.6775008788624723
2/11/2024,TikTok Ads,Display,EdTech,UK,77467,3300,0.0426,1.01,3333,180,18.52,42781.66,12.84,2,11,2024,1,39448.66,2,High ROAS,1.1921287072988884,0.07769977406135384
2/11/2024,Google Ads,Shopping,Fintech,UAE,29016,1088,0.0375,2.06,2241.28,56,40.02,9936.27,4.43,2,11,2024,1,7694.99,0,Medium ROAS,-0.111726702,-0.054136319
7/11/2024,Meta Ads,Shopping,Healthcare,Canada,117200,1699,0.0145,1.94,3296.06,113,29.17,30970.48,9.4,7,11,2024,3,27674.42,0,Medium ROAS,0.40115752453525416,-1.474578911
5/5/2024,Google Ads,Shopping,SaaS,Germany,134157,3407,0.0254,2.41,8210.87,147,55.86,41434.67,5.05,5,5,2024,2,33223.799999999996,0,Medium ROAS,-0.418985892,-0.70713603
3/26/2024,Google Ads,Display,Fintech,India,161434,6328,0.0392,0.77,4872.56,263,18.53,25426.86,5.22,3,26,2024,1,20554.3,0,Medium ROAS,0.35086166964847043,-0.036928044
7/14/2024,TikTok Ads,Shopping,SaaS,Canada,62888,3307,0.0526,0.61,2017.27,55,36.68,12898.32,6.39,7,14,2024,3,10881.05,2,High ROAS,0.28485911782981166,0.7868593675650349
5/13/2024,Google Ads,Video,SaaS,Canada,108187,2423,0.0224,2.67,6469.41,179,36.14,29012.87,4.48,5,13,2024,2,22543.46,0,Medium ROAS,-0.172066186,-0.941157172
8/19/2024,Meta Ads,Search,E-commerce,Canada,199363,3847,0.0193,0.9,3462.3,73,47.43,11133.49,3.22,8,19,2024,3,7671.19,0,Medium ROAS,-0.524273743,-1.0687504
4/29/2024,Meta Ads,Video,SaaS,Australia,59160,958,0.0162,1,958,35,27.37,7848.99,8.19,4,29,2024,2,6890.99,0,Medium ROAS,0.3175385634520748,-1.369315088
11/21/2024,Google Ads,Shopping,E-commerce,Australia,78551,2411,0.0307,3.38,8149.18,92,88.58,8262.09,1.01,11,21,2024,4,112.90999999999985,1,Low ROAS,-1.356861368,-0.24655196
10/3/2024,Meta Ads,Display,SaaS,USA,186711,7748,0.0415,0.58,4493.84,536,8.38,89187.58,19.85,10,3,2024,4,84693.74,2,High ROAS,2.1007213437275323,-0.095615898
10/4/2024,Meta Ads,Shopping,SaaS,UK,5528,108,0.0196,2.02,218.16,7,31.17,2000.84,9.17,10,4,2024,4,1782.6799999999998,0,Medium ROAS,0.38717183583648374,-1.170365936
12/7/2024,Google Ads,Shopping,SaaS,Canada,144535,7588,0.0525,3.1,23522.8,445,52.86,105358.98,4.48,12,7,2024,4,81836.18,2,High ROAS,-0.193234281,0.856301779678369
8/8/2024,Meta Ads,Search,E-commerce,UAE,8188,272,0.0333,1.16,315.52,14,22.54,3745.84,11.87,8,8,2024,3,3430.32,0,Medium ROAS,0.9399127342216251,-0.436183252
8/5/2024,Google Ads,Display,Fintech,Canada,71151,4368,0.0614,3.23,14108.64,202,69.84,51341.85,3.64,8,5,2024,3,37233.21,2,High ROAS,-0.492638214,1.4374869509257737
3/6/2024,Meta Ads,Shopping,EdTech,Germany,171797,5153,0.03,0.54,2782.62,255,10.91,52673.17,18.93,3,6,2024,1,49890.549999999996,2,High ROAS,1.8599117975998205,-0.742318074
2/18/2024,TikTok Ads,Search,EdTech,Australia,173050,8565,0.0495,0.69,5909.85,414,14.28,118511.79,20.05,2,18,2024,1,112601.93999999999,2,High ROAS,2.0917533045707355,0.3848825786426906
9/4/2024,TikTok Ads,Video,E-commerce,Canada,178269,8646,0.0485,0.63,5446.98,93,58.57,10627.54,1.95,9,4,2024,3,5180.560000000001,0,Medium ROAS,-0.59409517,0.6714629053066995
12/21/2024,Google Ads,Display,E-commerce,UAE,164028,5905,0.036,1,5905,377,15.66,25718.59,4.36,12,21,2024,4,19813.59,0,Medium ROAS,0.28000965881196493,-0.222457956
2/1/2024,TikTok Ads,Video,Healthcare,Australia,184504,15479,0.0839,0.8,12383.2,538,23.02,112251.74,9.06,2,1,2024,1,99868.54000000001,2,High ROAS,1.0725931691519086,2.5223374639423404
10/19/2024,TikTok Ads,Shopping,Healthcare,India,119515,6824,0.0571,0.86,5868.64,89,65.94,25992.88,4.43,10,19,2024,4,20124.24,2,High ROAS,-0.37990196,1.1670993141196493
10/18/2024,Meta Ads,Search,EdTech,USA,108591,2084,0.0192,2.16,4501.44,31,145.21,6469.19,1.44,10,18,2024,4,1967.75,1,Low ROAS,-2.369414005,-0.72496828
5/11/2024,Meta Ads,Shopping,EdTech,UK,68472,2601,0.038,1.38,3589.38,63,56.97,17508.47,4.88,5,11,2024,2,13919.09,0,Medium ROAS,-0.346292986,0.027217816313239777
9/21/2024,TikTok Ads,Shopping,Fintech,USA,170201,7931,0.0466,1.05,8327.55,182,45.76,10360.55,1.24,9,21,2024,3,2033,0,Medium ROAS,-0.469454556,0.5259211945528881
3/9/2024,Google Ads,Video,EdTech,Australia,92340,2502,0.0271,1.96,4903.92,153,32.05,27593.24,5.63,3,9,2024,1,22689.32,0,Medium ROAS,0.060498183251443766,-0.695507767
4/11/2024,TikTok Ads,Search,SaaS,USA,136940,4683,0.0342,0.69,3231.27,137,23.59,12153.39,3.76,4,11,2024,2,8922.119999999999,0,Medium ROAS,0.06625826997015316,-0.293315814
12/24/2024,Google Ads,Search,EdTech,Australia,106311,5762,0.0542,0.92,5301.04,434,12.21,55571.88,10.48,12,24,2024,4,50270.84,2,High ROAS,1.148456574747656,0.7527056741004816
3/15/2024,TikTok Ads,Shopping,E-commerce,Canada,120016,3336,0.0278,1.33,4436.88,43,103.18,5864.19,1.32,3,15,2024,1,1427.3099999999995,1,Low ROAS,-1.596139046,-0.368285658
10/22/2024,Meta Ads,Display,SaaS,Germany,193946,7854,0.0405,1.89,14844.06,461,32.2,86871.54,5.85,10,22,2024,4,72027.48,0,Medium ROAS,0.19792936638326794,0.07767702590927561
9/24/2024,TikTok Ads,Shopping,E-commerce,Australia,138780,4135,0.0298,0.85,3514.75,86,40.87,7373.66,2.1,9,24,2024,3,3858.91,0,Medium ROAS,-0.441222206,-0.471554866
7/27/2024,Meta Ads,Display,SaaS,UK,51365,873,0.017,0.7,611.1,19,32.16,2655.69,4.35,7,27,2024,3,2044.5900000000001,0,Medium ROAS,-0.165522568,-1.265538997
3/6/2024,Google Ads,Shopping,Healthcare,UK,185903,4647,0.025,2.96,13755.12,342,40.22,58276.63,4.24,3,6,2024,1,44521.509999999995,0,Medium ROAS,-0.244058547,-0.774405942
3/1/2024,TikTok Ads,Display,SaaS,Australia,61232,2951,0.0482,0.75,2213.25,51,43.4,15061.62,6.81,3,1,2024,1,12848.37,2,High ROAS,0.1776017581147913,0.5505555897344311
10/6/2024,TikTok Ads,Display,SaaS,USA,122286,7642,0.0625,1.47,11233.74,201,55.89,60002.91,5.34,10,6,2024,4,48769.170000000006,2,High ROAS,-0.065950381,1.435678840887397
3/6/2024,TikTok Ads,Shopping,Healthcare,UK,60114,4917,0.0818,1.35,6637.95,279,23.79,15410.94,2.32,3,6,2024,1,8772.990000000002,2,High ROAS,0.3234907437360338,2.475999894725191
2/4/2024,Meta Ads,Display,Healthcare,Australia,124004,2083,0.0168,1.51,3145.33,49,64.19,9959.37,3.17,2,4,2024,1,6814.040000000001,0,Medium ROAS,-0.834965552,-1.156175842
2/5/2024,TikTok Ads,Search,E-commerce,UK,168322,4965,0.0295,0.91,4518.15,228,19.82,49052.14,10.86,2,5,2024,1,44533.99,0,Medium ROAS,0.8453291646703301,-0.654295797
5/9/2024,Meta Ads,Display,Healthcare,Germany,113957,3008,0.0264,2.33,7008.64,127,55.19,17960.45,2.56,5,9,2024,2,10951.810000000001,0,Medium ROAS,-0.664135062,-0.624768329
2/4/2024,Google Ads,Search,SaaS,USA,137290,5011,0.0365,1.56,7817.16,323,24.2,28440.57,3.64,2,4,2024,1,20623.41,0,Medium ROAS,0.06315853047711985,-0.156933192
5/21/2024,Meta Ads,Video,Fintech,UAE,12253,468,0.0382,0.77,360.36,9,40.04,1433.96,3.98,5,21,2024,2,1073.6,0,Medium ROAS,-0.153902149,-0.008739278
12/21/2024,Google Ads,Video,EdTech,Australia,109216,5777,0.0529,3.06,17677.62,140,126.27,11237.04,0.64,12,21,2024,4,-6440.58,1,Low ROAS,-1.841009469,1.1688193634563213
3/3/2024,Google Ads,Shopping,Fintech,Canada,166215,9158,0.0551,0.72,6593.76,112,58.87,29121.09,4.42,3,3,2024,1,22527.33,2,High ROAS,-0.278717487,1.0276379569042586
11/29/2024,Meta Ads,Shopping,SaaS,India,140678,5655,0.0402,2.07,11705.85,154,76.01,7932.09,0.68,11,29,2024,4,-3773.76,1,Low ROAS,-1.096666631,0.26399525809525715
7/19/2024,Google Ads,Search,E-commerce,UAE,176066,5264,0.0299,1.58,8317.12,119,69.89,28182.41,3.39,7,19,2024,3,19865.29,0,Medium ROAS,-0.794064417,-0.381588532
4/29/2024,Google Ads,Search,Healthcare,Canada,59418,1996,0.0336,1.65,3293.4,80,41.17,3528.5,1.07,4,29,2024,2,235.0999999999999,0,Medium ROAS,-0.522945195,-0.239669345
1/27/2024,Google Ads,Search,EdTech,UAE,143183,5784,0.0404,0.86,4974.24,432,11.51,88233.11,17.74,1,27,2024,1,83258.87,2,High ROAS,1.813472164217606,-0.125958551
7/19/2024,Meta Ads,Shopping,E-commerce,India,194059,3434,0.0177,1.36,4670.24,193,24.2,7460.79,1.6,7,19,2024,3,2790.55,0,Medium ROAS,-0.317604328,-1.22235943
8/2/2024,Google Ads,Shopping,SaaS,UAE,98899,2185,0.0221,3.16,6904.6,171,40.38,45859.64,6.64,8,2,2024,3,38955.04,0,Medium ROAS,-0.016388058,-0.967423063
2/25/2024,Meta Ads,Search,E-commerce,UK,129494,1631,0.0126,2.14,3490.34,108,32.32,28288.04,8.1,2,25,2024,1,24797.7,0,Medium ROAS,0.19287709324827862,-1.559840978
3/3/2024,TikTok Ads,Shopping,SaaS,UAE,191443,6872,0.0359,1.67,11476.24,422,27.19,108198.8,9.43,3,3,2024,1,96722.56,0,Medium ROAS,0.6239750010640039,-0.243833781
12/30/2024,TikTok Ads,Search,SaaS,Australia,61950,4076,0.0658,0.3,1222.8,97,12.61,26763.8,21.89,12,30,2024,4,25541,2,High ROAS,2.4577346424274253,1.3022196771137409
11/8/2024,Google Ads,Shopping,SaaS,UK,34605,809,0.0234,1.76,1423.84,40,35.6,5146.88,3.61,11,8,2024,4,3723.04,0,Medium ROAS,-0.24688572,-0.875781474
1/31/2024,TikTok Ads,Shopping,Fintech,UAE,127790,7015,0.0549,1.23,8628.45,422,20.45,90118.48,10.44,1,31,2024,1,81490.03,2,High ROAS,1.0108414782967312,0.8214676921470626
1/9/2024,TikTok Ads,Search,Healthcare,Germany,96310,6905,0.0717,1.28,8838.4,247,35.78,8632.99,0.98,1,9,2024,1,-205.41,2,High ROAS,-0.109961596,1.9467585520497985
9/5/2024,Google Ads,Shopping,Fintech,India,197589,4781,0.0242,1.6,7649.6,225,34,12329.91,1.61,9,5,2024,3,4680.3099999999995,0,Medium ROAS,-0.425851308,-0.813396647
2/17/2024,Meta Ads,Video,E-commerce,USA,118566,3711,0.0313,1.13,4193.43,58,72.3,14643.53,3.49,2,17,2024,1,10450.1,0,Medium ROAS,-0.812022352,-0.293545925
9/25/2024,Meta Ads,Shopping,Healthcare,Germany,199451,3989,0.02,1.28,5105.92,110,46.42,8236.16,1.61,9,25,2024,3,3130.24,0,Medium ROAS,-0.672558518,-1.014352217
10/23/2024,Google Ads,Display,SaaS,UAE,88251,5965,0.0676,0.82,4891.3,133,36.78,14897.06,3.05,10,23,2024,4,10005.759999999998,2,High ROAS,0.05791252780675606,1.6907237077749253
1/15/2024,Google Ads,Display,Fintech,Canada,55406,2648,0.0478,1.9,5031.2,149,33.77,22127.3,4.4,1,15,2024,1,17096.1,0,Medium ROAS,0.08042412254917716,0.5208104513803096
2/16/2024,TikTok Ads,Display,Fintech,Australia,141447,9873,0.0698,1.39,13723.47,588,23.34,86774.51,6.32,2,16,2024,1,73051.04,2,High ROAS,0.6527410727620329,1.7373687820770505
2/6/2024,Google Ads,Video,EdTech,UK,73591,2649,0.036,2.83,7496.67,161,46.56,45161.9,6.02,2,6,2024,1,37665.23,0,Medium ROAS,-0.06611201,-0.135903962
2/25/2024,Google Ads,Video,Fintech,India,66477,2718,0.0409,2.86,7773.48,160,48.58,16856.48,2.17,2,25,2024,1,9083,0,Medium ROAS,-0.467704624,0.19576016291712323
8/28/2024,Meta Ads,Video,E-commerce,UAE,196386,6794,0.0346,0.81,5503.14,506,10.88,34412.06,6.25,8,28,2024,3,28908.92,0,Medium ROAS,0.5500088688935967,-0.339921658
10/28/2024,Google Ads,Display,Fintech,Canada,78927,3172,0.0402,3.2,10150.4,62,163.72,7568.63,0.75,10,28,2024,4,-2581.77,1,Low ROAS,-2.573501139,0.5596271670696553
12/10/2024,Google Ads,Display,SaaS,Canada,184857,3419,0.0185,2.57,8786.83,248,35.43,70137.51,7.98,12,10,2024,4,61350.67999999999,0,Medium ROAS,0.1787797767303531,-1.206789404
8/30/2024,TikTok Ads,Display,EdTech,India,122174,6499,0.0532,0.88,5719.12,413,13.85,58791.38,10.28,8,30,2024,3,53072.259999999995,2,High ROAS,1.090706419445463,0.7025602999561622
7/26/2024,Google Ads,Search,SaaS,Germany,108719,4207,0.0387,3.2,13462.4,121,111.26,21018.47,1.56,7,26,2024,3,7556.0700000000015,1,Low ROAS,-1.612517302,0.28688260832951223
11/8/2024,Meta Ads,Shopping,Healthcare,Australia,186949,3140,0.0168,0.6,1884,186,10.13,30294.1,16.08,11,8,2024,4,28410.1,0,Medium ROAS,1.4547869822369863,-1.477764943
9/12/2024,Google Ads,Video,E-commerce,UK,193869,13124,0.0677,2.93,38453.32,264,145.66,67604.89,1.76,9,12,2024,3,29151.57,1,Low ROAS,-1.921145365,2.0783097862830915
7/28/2024,Google Ads,Search,EdTech,Australia,158535,3836,0.0242,2.16,8285.76,120,69.05,12930.51,1.56,7,28,2024,3,4644.75,0,Medium ROAS,-1.024316719,-0.69441949
12/14/2024,TikTok Ads,Search,EdTech,UAE,148949,12332,0.0828,1.01,12455.32,546,22.81,95805.85,7.69,12,14,2024,4,83350.53,2,High ROAS,0.9206755982521418,2.4727460127680265
7/19/2024,Google Ads,Display,Fintech,USA,184810,7447,0.0403,3.12,23234.64,334,69.56,51289.24,2.21,7,19,2024,3,28054.6,0,Medium ROAS,-0.823700948,0.23152078228380976
7/16/2024,Meta Ads,Video,E-commerce,USA,85989,997,0.0116,1.69,1684.93,37,45.54,4865.84,2.89,7,16,2024,3,3180.91,0,Medium ROAS,-0.594401577,-1.516947928
2/16/2024,Meta Ads,Shopping,Fintech,Canada,35755,654,0.0183,1.6,1046.4,40,26.16,11846.71,11.32,2,16,2024,1,10800.31,0,Medium ROAS,0.6896228978476813,-1.285620538
10/25/2024,Meta Ads,Video,Fintech,UK,184298,7758,0.0421,1.55,12024.9,351,34.26,91198.92,7.58,10,25,2024,4,79174.02,0,Medium ROAS,0.36122835544887744,0.15856587580035864
3/17/2024,Meta Ads,Video,SaaS,India,22878,619,0.0271,1.01,625.19,43,14.54,8615.57,13.78,3,17,2024,1,7990.379999999999,0,Medium ROAS,1.2247874699001053,-0.84237112
11/16/2024,Meta Ads,Search,Fintech,UK,151539,3455,0.0228,2.05,7082.75,135,52.46,4666.78,0.66,11,16,2024,4,-2415.97,0,Medium ROAS,-0.851594779,-0.821770376
10/26/2024,Google Ads,Display,Healthcare,Australia,180365,6114,0.0339,3.46,21154.44,400,52.89,111623.05,5.28,10,26,2024,4,90468.61,0,Medium ROAS,-0.270306149,-0.228013807
8/22/2024,Meta Ads,Video,Fintech,Australia,30168,1080,0.0358,0.46,496.8,34,14.61,5163.27,10.39,8,22,2024,3,4666.47,0,Medium ROAS,0.9382325470592439,-0.302457042
5/12/2024,Google Ads,Display,Fintech,UAE,26352,1697,0.0644,1.71,2901.87,126,23.03,31980.19,11.02,5,12,2024,2,29078.32,2,High ROAS,1.1115721684599762,1.3734173579569207
1/23/2024,Google Ads,Search,Healthcare,India,57979,2081,0.0359,1.89,3933.09,148,26.57,18788.47,4.78,1,23,2024,1,14855.380000000001,0,Medium ROAS,0.13924326104777118,-0.195894589
10/12/2024,Google Ads,Video,Fintech,Australia,173769,6759,0.0389,2.86,19330.74,158,122.35,21350.44,1.1,10,12,2024,4,2019.699999999997,1,Low ROAS,-1.847440463,0.34087482891640974
9/1/2024,TikTok Ads,Shopping,SaaS,Germany,131206,8279,0.0631,1.53,12666.87,553,22.91,61485.88,4.85,9,1,2024,3,48819.009999999995,2,High ROAS,0.44519338552144905,1.3642104653897666
5/20/2024,Meta Ads,Display,EdTech,UK,64799,842,0.013,1.75,1473.5,52,28.34,15157.93,10.29,5,20,2024,2,13684.43,0,Medium ROAS,0.4969426503594415,-1.573718838
1/16/2024,Meta Ads,Shopping,E-commerce,UK,167893,4432,0.0264,0.58,2570.56,66,38.95,15989.78,6.22,1,16,2024,1,13419.220000000001,0,Medium ROAS,0.0004785519151490384,-0.719027508
4/29/2024,Google Ads,Display,EdTech,Australia,72474,4022,0.0555,3.11,12508.42,142,88.09,38937.53,3.11,4,29,2024,2,26429.11,1,Low ROAS,-0.909234475,1.1636080255444758
10/25/2024,Meta Ads,Video,EdTech,Canada,138678,1802,0.013,1.9,3423.8,61,56.13,2147.03,0.63,10,25,2024,4,-1276.77,0,Medium ROAS,-1.002126544,-1.375870152
7/6/2024,TikTok Ads,Search,Healthcare,UAE,70195,4239,0.0604,1.42,6019.38,234,25.72,38776.78,6.44,7,6,2024,3,32757.399999999998,2,High ROAS,0.5434933401250319,1.2004315717980827
8/28/2024,Meta Ads,Search,EdTech,USA,73513,2073,0.0282,2.22,4602.06,31,148.45,3401.33,0.74,8,28,2024,3,-1200.73,1,Low ROAS,-2.420520459,-0.185935098
6/2/2024,Google Ads,Search,SaaS,Germany,162786,7406,0.0455,1.45,10738.7,513,20.93,67523.57,6.29,6,2,2024,2,56784.87000000001,2,High ROAS,0.4789929567324071,0.32405554266085207
9/23/2024,Google Ads,Video,Healthcare,USA,133909,5664,0.0423,2.88,16312.32,117,139.42,11886.29,0.73,9,23,2024,3,-4426.03,1,Low ROAS,-2.146145995,0.5991913571567105
1/25/2024,Google Ads,Search,E-commerce,Australia,92185,3779,0.041,1.62,6121.98,82,74.66,11861.33,1.94,1,25,2024,1,5739.35,1,Low ROAS,-0.932673726,0.2921470871948264
6/16/2024,Meta Ads,Search,E-commerce,Australia,136637,4399,0.0322,1.31,5762.69,254,22.69,21909.38,3.8,6,16,2024,2,16146.690000000002,0,Medium ROAS,0.06835470768620681,-0.412465828
6/4/2024,Meta Ads,Display,E-commerce,India,56986,1270,0.0223,0.93,1181.1,13,90.85,3679.26,3.12,6,4,2024,2,2498.1600000000003,1,Low ROAS,-1.243616125,-0.747434201
2/20/2024,Meta Ads,Display,SaaS,UK,148859,3840,0.0258,1.8,6912,250,27.65,22027.39,3.19,2,20,2024,1,15115.39,0,Medium ROAS,-0.136207424,-0.759312427
8/3/2024,Google Ads,Search,EdTech,USA,151900,5270,0.0347,1.11,5849.7,291,20.1,47553.46,8.13,8,3,2024,3,41703.76,0,Medium ROAS,0.5950708481011435,-0.323210897
10/8/2024,Meta Ads,Shopping,EdTech,UAE,155555,4588,0.0295,1.55,7111.4,332,21.42,12719.4,1.79,10,8,2024,4,5608,0,Medium ROAS,-0.147699825,-0.551295443
10/11/2024,Meta Ads,Display,SaaS,Germany,198979,2089,0.0105,1.7,3551.3,66,53.81,7694.86,2.17,10,11,2024,4,4143.5599999999995,0,Medium ROAS,-0.820598759,-1.544878237
12/4/2024,Meta Ads,Search,E-commerce,India,186740,4182,0.0224,0.56,2341.92,47,49.83,8643.08,3.69,12,4,2024,4,6301.16,0,Medium ROAS,-0.487872665,-0.886396185
7/4/2024,Google Ads,Shopping,Fintech,Australia,126246,4203,0.0333,2.05,8616.15,290,29.71,31939.46,3.71,7,4,2024,3,23323.309999999998,0,Medium ROAS,-0.050460894,-0.324152693
2/15/2024,Google Ads,Search,Fintech,Germany,30835,925,0.03,1.96,1813,14,129.5,3805.56,2.1,2,15,2024,1,1992.56,1,Low ROAS,-1.939341177,-0.160493099
12/22/2024,TikTok Ads,Video,EdTech,Canada,112938,3263,0.0289,0.39,1272.57,80,15.91,22895.07,17.99,12,22,2024,4,21622.5,2,High ROAS,1.665621880975363,-0.778930986
12/16/2024,Google Ads,Display,SaaS,Canada,143573,3474,0.0242,1.63,5662.62,131,43.23,11434.82,2.02,12,16,2024,4,5772.2,0,Medium ROAS,-0.538382878,-0.78661873
7/14/2024,TikTok Ads,Display,E-commerce,Canada,113621,10112,0.089,0.99,10010.88,472,21.21,84899.73,8.48,7,14,2024,3,74888.84999999999,2,High ROAS,1.0858080341181457,2.817441902215872
8/31/2024,Meta Ads,Search,Healthcare,UK,125155,5256,0.042,1.07,5623.92,247,22.77,26802.91,4.77,8,31,2024,3,21178.989999999998,0,Medium ROAS,0.2555361295492038,0.14419130073959546
6/26/2024,Meta Ads,Shopping,Fintech,USA,52940,1281,0.0242,1.5,1921.5,37,51.93,8409.06,4.38,6,26,2024,2,6487.5599999999995,0,Medium ROAS,-0.43427092,-0.782613872
9/1/2024,TikTok Ads,Display,SaaS,USA,106069,3139,0.0296,0.5,1569.5,78,20.12,6648.74,4.24,9,1,2024,3,5079.24,0,Medium ROAS,0.1360937490384578,-0.576266556
3/24/2024,Google Ads,Video,EdTech,Canada,185523,6029,0.0325,1.38,8320.02,252,33.02,12404.91,1.49,3,24,2024,1,4084.8899999999994,0,Medium ROAS,-0.349862034,-0.335351737
11/11/2024,TikTok Ads,Shopping,EdTech,India,184969,15407,0.0833,1.34,20645.38,352,58.65,52669.94,2.55,11,11,2024,4,32024.56,2,High ROAS,-0.228893945,2.678080981101739
12/24/2024,Google Ads,Video,Healthcare,Canada,118005,5003,0.0424,1.8,9005.4,63,142.94,6740.12,0.75,12,24,2024,4,-2265.28,1,Low ROAS,-2.202714184,0.616654677562036
9/6/2024,Google Ads,Video,SaaS,India,47176,1278,0.0271,1.43,1827.54,62,29.48,2278.75,1.25,9,6,2024,3,451.21000000000004,0,Medium ROAS,-0.362479373,-0.657063129
12/10/2024,Meta Ads,Video,Fintech,UK,8512,251,0.0296,0.64,160.64,11,14.6,1671.09,10.4,12,10,2024,4,1510.4499999999998,0,Medium ROAS,0.8855454438427185,-0.661201406
6/17/2024,Meta Ads,Shopping,EdTech,Australia,83591,2499,0.0299,1.68,4198.32,84,49.98,18620.43,4.44,6,17,2024,2,14422.11,0,Medium ROAS,-0.345308848,-0.460165438
6/25/2024,Google Ads,Search,E-commerce,UAE,88323,3965,0.0449,2.36,9357.4,95,98.5,8337.4,0.89,6,25,2024,2,-1020,1,Low ROAS,-1.414017228,0.609576883821538
11/28/2024,Google Ads,Video,Healthcare,Germany,24755,811,0.0328,2.48,2011.28,8,251.41,1786.84,0.89,11,28,2024,4,-224.44,1,Low ROAS,-4.106899925,0.42642829031222257
3/4/2024,Google Ads,Video,E-commerce,UAE,99410,4195,0.0422,0.83,3481.85,196,17.76,56004.19,16.08,3,4,2024,1,52522.340000000004,2,High ROAS,1.5465703304479506,0.01713336130063453
1/12/2024,Meta Ads,Video,SaaS,Australia,176250,6204,0.0352,0.65,4032.6,312,12.92,84311.3,20.91,1,12,2024,1,80278.7,2,High ROAS,2.081991015362464,-0.456067115
1/4/2024,Meta Ads,Shopping,EdTech,UK,184729,2586,0.014,0.9,2327.4,201,11.58,16864.93,7.25,1,4,2024,1,14537.53,0,Medium ROAS,0.46550476780836003,-1.539803604
1/16/2024,Google Ads,Search,Healthcare,UK,175381,4226,0.0241,0.91,3845.66,204,18.85,11471.83,2.98,1,16,2024,1,7626.17,0,Medium ROAS,-0.024437543,-0.885115943
10/29/2024,Google Ads,Video,SaaS,UK,174741,7129,0.0408,2.17,15469.93,326,47.45,58786.78,3.8,10,29,2024,4,43316.85,0,Medium ROAS,-0.275857096,0.16861891351226735
1/17/2024,Meta Ads,Shopping,E-commerce,Germany,62033,2667,0.043,1.1,2933.7,135,21.73,14288.2,4.87,1,17,2024,1,11354.5,0,Medium ROAS,0.29248269404010513,0.1974401696589013
4/18/2024,TikTok Ads,Search,Fintech,Canada,6067,201,0.0332,0.63,126.63,12,10.55,2449.28,19.34,4,18,2024,2,2322.65,2,High ROAS,1.9374992251699223,-0.562860786
6/6/2024,Google Ads,Search,SaaS,UAE,187941,9303,0.0495,2.33,21675.99,528,41.05,92564.99,4.27,6,6,2024,2,70889,0,Medium ROAS,-0.041833176,0.6451360810325841
10/23/2024,TikTok Ads,Shopping,EdTech,UAE,16094,535,0.0333,1.81,968.35,8,121.04,469.8,0.49,10,23,2024,4,-498.55,1,Low ROAS,-1.938939713,0.019112320574491196
9/27/2024,Meta Ads,Display,EdTech,India,8599,258,0.0301,0.65,167.7,6,27.95,594.69,3.55,9,27,2024,3,426.99000000000007,0,Medium ROAS,-0.065547274,-0.51346379
1/7/2024,Google Ads,Video,Fintech,UAE,32476,1136,0.035,1.64,1863.04,86,21.66,21754.11,11.68,1,7,2024,1,19891.07,0,Medium ROAS,0.9493546336958735,-0.33878587
1/31/2024,Google Ads,Display,Fintech,Canada,64739,1599,0.0247,3.26,5212.74,109,47.82,22723.24,4.36,1,31,2024,1,17510.5,0,Medium ROAS,-0.362500148,-0.767367377
5/6/2024,Google Ads,Search,EdTech,UK,51666,2965,0.0574,2.92,8657.8,80,108.22,16836.59,1.94,5,6,2024,2,8178.790000000001,1,Low ROAS,-1.357968728,1.3541140100973725
11/3/2024,Meta Ads,Shopping,SaaS,India,39723,1116,0.0281,0.95,1060.2,14,75.73,582.59,0.55,11,3,2024,4,-477.61,0,Medium ROAS,-1.211006802,-0.435406283
12/12/2024,TikTok Ads,Search,Healthcare,Canada,163984,12971,0.0791,1.68,21791.28,962,22.65,170813.74,7.84,12,12,2024,4,149022.46,2,High ROAS,0.9071793341211928,2.2565863410886946
1/10/2024,Meta Ads,Video,Fintech,Australia,51698,1307,0.0253,1.96,2561.72,91,28.15,15551.2,6.07,1,10,2024,1,12989.480000000001,0,Medium ROAS,0.15770199827351258,-0.817531411
2/16/2024,Google Ads,Shopping,SaaS,UAE,50206,2399,0.0478,2.02,4845.98,163,29.73,5571.38,1.15,2,16,2024,1,725.4000000000005,0,Medium ROAS,-0.197332362,0.5421288764084169
10/8/2024,Google Ads,Video,Fintech,UAE,194099,4774,0.0246,2.49,11887.26,134,88.71,8446.21,0.71,10,8,2024,4,-3441.05,1,Low ROAS,-1.44406287,-0.595703707
12/29/2024,TikTok Ads,Video,E-commerce,USA,11820,366,0.031,1.72,629.52,12,52.46,2301.99,3.66,12,29,2024,4,1672.4699999999998,0,Medium ROAS,-0.460780243,-0.379769197
12/16/2024,TikTok Ads,Search,SaaS,USA,56782,3264,0.0575,0.8,2611.2,154,16.96,15749.58,6.03,12,16,2024,4,13138.380000000001,2,High ROAS,0.6228499782768671,1.0075082062879743
8/13/2024,TikTok Ads,Video,SaaS,UK,191894,7138,0.0372,0.77,5496.26,380,14.46,85112.1,15.49,8,13,2024,3,79615.84000000001,2,High ROAS,1.4960954299690234,-0.27686534
1/19/2024,Google Ads,Shopping,Fintech,UK,55075,3056,0.0555,2.36,7212.16,156,46.23,5145.31,0.71,1,19,2024,1,-2066.85,2,High ROAS,-0.45644989,1.0479810068033204
4/28/2024,Google Ads,Shopping,EdTech,India,81830,4091,0.05,1.45,5931.95,49,121.06,7206.83,1.21,4,28,2024,2,1274.88,1,Low ROAS,-1.717358646,0.9773471192936122
12/17/2024,Meta Ads,Search,EdTech,USA,87911,1116,0.0127,0.48,535.68,61,8.78,16688.84,31.15,12,17,2024,4,16153.16,2,High ROAS,3.046926111331989,-1.881621526
9/15/2024,Meta Ads,Search,SaaS,Canada,9521,237,0.0249,1.77,419.49,17,24.68,1502.31,3.58,9,15,2024,3,1082.82,0,Medium ROAS,-0.052239412,-0.82560019
4/14/2024,TikTok Ads,Search,E-commerce,UK,88115,5383,0.0611,0.68,3660.44,121,30.25,28357.39,7.75,4,14,2024,2,24696.95,2,High ROAS,0.6124360929928911,1.2421308721983082
6/24/2024,Google Ads,Shopping,E-commerce,Germany,184030,5649,0.0307,2.23,12597.27,90,139.97,23192.98,1.84,6,24,2024,2,10595.71,1,Low ROAS,-2.138123825,-0.081828367
8/21/2024,Meta Ads,Video,EdTech,UK,151729,4491,0.0296,1.85,8308.35,228,36.44,48165.44,5.8,8,21,2024,3,39857.090000000004,0,Medium ROAS,0.02605498392873706,-0.537904542
2/24/2024,TikTok Ads,Video,SaaS,India,68176,2679,0.0393,1.24,3321.96,173,19.2,19288.91,5.81,2,24,2024,1,15966.95,0,Medium ROAS,0.40322801255258395,-0.035228529
10/12/2024,Meta Ads,Shopping,Healthcare,UAE,160136,6581,0.0411,0.4,2632.4,393,6.7,81942.57,31.13,10,12,2024,4,79310.17000000001,2,High ROAS,3.326989788308447,-0.245801985
4/22/2024,Google Ads,Video,Healthcare,Canada,164504,3322,0.0202,2.07,6876.54,96,71.63,10570.76,1.54,4,22,2024,2,3694.2200000000003,0,Medium ROAS,-1.104895218,-0.916842842
4/20/2024,TikTok Ads,Display,Healthcare,Australia,111399,4155,0.0373,1.22,5069.1,176,28.8,18559.1,3.66,4,20,2024,2,13489.999999999998,0,Medium ROAS,-0.005598276,-0.095332959
7/29/2024,Google Ads,Search,E-commerce,Germany,135011,3496,0.0259,1.89,6607.44,254,26.01,69461.44,10.51,7,29,2024,3,62854,0,Medium ROAS,0.6719936204352555,-0.837833928
8/4/2024,Google Ads,Display,Healthcare,USA,24359,1461,0.06,2.34,3418.74,35,97.68,4110.39,1.2,8,4,2024,3,691.6500000000005,1,Low ROAS,-1.235801174,1.4768421187035616
5/23/2024,Meta Ads,Shopping,Healthcare,UK,130611,2207,0.0169,0.73,1611.11,44,36.62,9567.41,5.94,5,23,2024,2,7956.3,0,Medium ROAS,-0.072532889,-1.273360404
12/3/2024,TikTok Ads,Search,SaaS,UK,156601,8628,0.0551,0.31,2674.68,362,7.39,23745.71,8.88,12,3,2024,4,21071.03,2,High ROAS,1.0674516586504688,0.8056895395775002
11/29/2024,Meta Ads,Search,SaaS,Germany,172967,5016,0.029,2.08,10433.28,331,31.52,75767.62,7.26,11,29,2024,4,65334.34,0,Medium ROAS,0.25958607184329047,-0.604943149
4/13/2024,Google Ads,Shopping,SaaS,Canada,165104,7958,0.0482,3.09,24590.22,105,234.19,29946.1,1.22,4,13,2024,2,5355.879999999997,1,Low ROAS,-3.646412599,1.255412045733817
1/17/2024,Google Ads,Video,Fintech,Canada,49109,1203,0.0245,3.26,3921.78,25,156.87,4734.61,1.21,1,17,2024,1,812.8299999999995,1,Low ROAS,-2.54513352,-0.376544894
12/25/2024,Meta Ads,Shopping,SaaS,UK,46291,1976,0.0427,0.73,1442.48,74,19.49,2307.39,1.6,12,25,2024,4,864.9099999999999,0,Medium ROAS,-0.020473731,0.20770450637679727
8/2/2024,Google Ads,Video,Fintech,Germany,33750,1410,0.0418,1.91,2693.1,106,25.41,5682.79,2.11,8,2,2024,3,2989.69,0,Medium ROAS,-0.0741685,0.17016616622985528
1/26/2024,Meta Ads,Search,Healthcare,USA,177593,1811,0.0102,0.79,1430.69,128,11.18,17092.48,11.95,1,26,2024,1,15661.789999999999,0,Medium ROAS,0.9397740872813641,-1.81151645
3/23/2024,Google Ads,Display,SaaS,India,150465,5311,0.0353,3.13,16623.43,295,56.35,57602.12,3.47,3,23,2024,1,40978.69,0,Medium ROAS,-0.509447424,-0.115871386
12/8/2024,TikTok Ads,Shopping,SaaS,Canada,25860,1569,0.0607,1.08,1694.52,79,21.45,13162.62,7.77,12,8,2024,4,11468.1,2,High ROAS,0.7600069996941516,1.1890434888493746
8/17/2024,Google Ads,Display,SaaS,Germany,41375,2350,0.0568,2.2,5170,148,34.93,14702.27,2.84,8,17,2024,3,9532.27,2,High ROAS,-0.027072908,1.0620686535743913
4/28/2024,Meta Ads,Display,SaaS,UAE,26159,782,0.0299,1.51,1180.82,52,22.71,8689.29,7.36,4,28,2024,2,7508.470000000001,0,Medium ROAS,0.4271522698353311,-0.583734183
2/6/2024,Meta Ads,Display,EdTech,India,184541,3063,0.0166,1.72,5268.36,215,24.5,16566.88,3.14,2,6,2024,1,11298.52,0,Medium ROAS,-0.168238217,-1.301539281
8/31/2024,Meta Ads,Video,E-commerce,UAE,196373,5184,0.0264,0.86,4458.24,173,25.77,36583.06,8.21,8,31,2024,3,32124.82,0,Medium ROAS,0.43545414961240797,-0.784977198
1/10/2024,Google Ads,Video,Healthcare,Australia,131031,6092,0.0465,2.94,17910.48,482,37.16,116431.98,6.5,1,10,2024,1,98521.5,2,High ROAS,0.23539956780334517,0.4344786995281927
1/15/2024,Meta Ads,Search,EdTech,Germany,113269,3182,0.0281,1.53,4868.46,185,26.32,53909.5,11.07,1,15,2024,1,49041.04,0,Medium ROAS,0.7455208163294671,-0.715565808
11/27/2024,TikTok Ads,Video,SaaS,USA,92346,6815,0.0738,0.82,5588.3,469,11.92,125930.93,22.53,11,27,2024,4,120342.62999999999,2,High ROAS,2.6071470441166036,1.7557151404527027
10/5/2024,Google Ads,Search,Fintech,Australia,143241,7133,0.0498,2.06,14693.98,272,54.02,60208.51,4.1,10,5,2024,4,45514.53,0,Medium ROAS,-0.276816377,0.7081446031627935
7/11/2024,Meta Ads,Video,SaaS,UK,194137,2640,0.0136,2.41,6362.4,49,129.84,6668.85,1.05,7,11,2024,3,306.4500000000007,1,Low ROAS,-2.199550233,-1.096608828
1/24/2024,TikTok Ads,Shopping,EdTech,UK,79967,2327,0.0291,1.05,2443.35,43,56.82,11334.87,4.64,1,24,2024,1,8891.52,0,Medium ROAS,-0.446717717,-0.485475425
8/31/2024,Meta Ads,Video,E-commerce,UAE,60919,1851,0.0304,1.79,3313.29,131,25.29,19210.72,5.8,8,31,2024,3,15897.43,0,Medium ROAS,0.22170061261961516,-0.529310696
9/27/2024,TikTok Ads,Search,SaaS,Canada,40886,1782,0.0436,0.55,980.1,132,7.42,28189.38,28.76,9,27,2024,3,27209.280000000002,2,High ROAS,3.0841435258054384,-0.073269691
3/30/2024,TikTok Ads,Shopping,SaaS,India,37646,1874,0.0498,1.1,2061.4,144,14.32,16795.87,8.15,3,30,2024,1,14734.47,2,High ROAS,0.8263385379354167,0.5304141782232328
3/15/2024,Meta Ads,Search,EdTech,Germany,117529,4266,0.0363,1.03,4393.98,308,14.27,62119.33,14.14,3,15,2024,1,57725.350000000006,2,High ROAS,1.3477087977368056,-0.315036572
5/28/2024,TikTok Ads,Video,Fintech,India,150250,7196,0.0479,0.67,4821.32,534,9.03,36153.63,7.5,5,28,2024,2,31332.309999999998,2,High ROAS,0.8301104776545868,0.4096380606066656
5/31/2024,Meta Ads,Video,E-commerce,Germany,196929,2382,0.0121,1.3,3096.6,143,21.65,38447.59,12.42,5,31,2024,2,35350.99,0,Medium ROAS,0.8291726387264775,-1.671299533
10/20/2024,Google Ads,Search,Healthcare,Germany,91491,4053,0.0443,1.74,7052.22,140,50.37,19432.37,2.76,10,20,2024,4,12380.149999999998,0,Medium ROAS,-0.405591637,0.3921136478123107
12/4/2024,Google Ads,Video,E-commerce,UK,154741,6019,0.0389,1.04,6259.76,220,28.45,38586.7,6.16,12,4,2024,4,32326.939999999995,0,Medium ROAS,0.2804892082313268,-0.030873101
10/27/2024,TikTok Ads,Display,E-commerce,India,72963,5618,0.077,0.48,2696.64,412,6.55,16464.01,6.11,10,27,2024,4,13767.369999999999,2,High ROAS,0.97712647457019,2.0993346520621534
9/15/2024,Google Ads,Video,Fintech,USA,194281,5906,0.0304,2.5,14765,371,39.8,20958.57,1.42,9,15,2024,3,6193.57,0,Medium ROAS,-0.490316557,-0.433150203
9/28/2024,Meta Ads,Display,E-commerce,UAE,92844,3277,0.0353,1.81,5931.37,63,94.15,10318.61,1.74,9,28,2024,3,4387.240000000001,1,Low ROAS,-1.333369814,0.030475324958305808
5/11/2024,Google Ads,Video,SaaS,UAE,132441,2436,0.0184,2.09,5091.24,135,37.71,8958.33,1.76,5,11,2024,2,3867.09,0,Medium ROAS,-0.523102073,-1.137941311
10/8/2024,Meta Ads,Search,EdTech,Germany,110977,2829,0.0255,0.66,1867.14,48,38.9,10643.48,5.7,10,8,2024,4,8776.34,0,Medium ROAS,-0.06188247,-0.765656506
9/30/2024,Google Ads,Search,Healthcare,UAE,50076,2964,0.0592,3.4,10077.6,94,107.21,28058.66,2.78,9,30,2024,3,17981.059999999998,1,Low ROAS,-1.235762443,1.4457731625954324
10/30/2024,Google Ads,Search,SaaS,Australia,180590,4857,0.0269,1.51,7334.07,333,22.02,91782.77,12.51,10,30,2024,4,84448.70000000001,0,Medium ROAS,0.9612116460914126,-0.814997655
6/19/2024,Meta Ads,Search,Fintech,UAE,153530,3899,0.0254,2.31,9006.69,302,29.82,21392.38,2.38,6,19,2024,2,12385.69,0,Medium ROAS,-0.262673258,-0.766399704
1/5/2024,Google Ads,Video,SaaS,India,135223,3285,0.0243,3.02,9920.7,201,49.36,46154.22,4.65,1,5,2024,1,36233.520000000004,0,Medium ROAS,-0.361154966,-0.78841958
12/30/2024,Meta Ads,Display,EdTech,USA,108152,4250,0.0393,0.72,3060,160,19.12,12452.25,4.07,12,30,2024,4,9392.25,0,Medium ROAS,0.21927227325297047,-0.016776362
3/3/2024,Google Ads,Video,Healthcare,Germany,76442,2392,0.0313,1.64,3922.88,160,24.52,14390.19,3.67,3,3,2024,1,10467.310000000001,0,Medium ROAS,0.015713921447804414,-0.456938449
11/12/2024,Google Ads,Video,EdTech,Germany,57335,1869,0.0326,2.75,5139.75,133,38.64,11136.73,2.17,11,12,2024,4,5996.98,0,Medium ROAS,-0.371678049,-0.317893842
11/25/2024,TikTok Ads,Display,SaaS,UK,82661,4769,0.0577,1.33,6342.77,271,23.41,79985.87,12.61,11,25,2024,4,73643.09999999999,2,High ROAS,1.2162063161799712,0.9700703774675861
4/30/2024,Google Ads,Shopping,Fintech,India,72902,4942,0.0678,3.3,16308.6,323,50.49,33499.38,2.05,4,30,2024,2,17190.78,2,High ROAS,-0.278857953,1.759379728090739
2/1/2024,Meta Ads,Search,E-commerce,UK,63528,711,0.0112,1.49,1059.39,23,46.06,4567.68,4.31,2,1,2024,1,3508.29,0,Medium ROAS,-0.455450536,-1.553605727
12/18/2024,TikTok Ads,Shopping,Fintech,USA,169238,6583,0.0389,0.53,3488.99,507,6.88,146453.92,41.98,12,18,2024,4,142964.93000000002,2,High ROAS,4.4603325530964355,-0.489186571
12/6/2024,Meta Ads,Display,SaaS,Canada,14815,189,0.0128,0.55,103.95,3,34.65,142.69,1.37,12,6,2024,4,38.739999999999995,0,Medium ROAS,-0.561556664,-1.467984541
8/21/2024,TikTok Ads,Search,Healthcare,Germany,47278,2803,0.0593,1.69,4737.07,201,23.57,39448.18,8.33,8,21,2024,3,34711.11,2,High ROAS,0.7715949614991242,1.1092067871317117
2/17/2024,Google Ads,Video,Fintech,UAE,15046,400,0.0266,1.18,472,4,118,142.71,0.3,2,17,2024,1,-329.29,1,Low ROAS,-1.965999496,-0.376638446
8/4/2024,Meta Ads,Shopping,SaaS,Canada,58968,1715,0.0291,1.49,2555.35,127,20.12,13332.87,5.22,8,4,2024,3,10777.52,0,Medium ROAS,0.23611500414328104,-0.615731007
2/21/2024,Google Ads,Search,Healthcare,India,13083,707,0.0541,2.38,1682.66,41,41.04,10442.74,6.21,2,21,2024,1,8760.08,2,High ROAS,0.2049517005525497,0.8902880487025691
12/17/2024,TikTok Ads,Search,SaaS,Germany,109222,7306,0.0669,1.09,7963.54,124,64.22,12349.14,1.55,12,17,2024,4,4385.599999999999,2,High ROAS,-0.572283703,1.7591001950066865
4/4/2024,TikTok Ads,Search,SaaS,UK,45382,2246,0.0495,1.59,3571.14,46,77.63,2662.9,0.75,4,4,2024,2,-908.24,1,Low ROAS,-1.035744422,0.806620732573361
9/15/2024,Meta Ads,Display,Healthcare,UAE,196432,6501,0.0331,0.4,2600.4,462,5.63,52195.74,20.07,9,15,2024,3,49595.34,2,High ROAS,2.0976339940168844,-0.593124957
12/5/2024,TikTok Ads,Search,EdTech,India,71470,2065,0.0289,1.18,2436.7,37,65.86,10377.15,4.26,12,5,2024,4,7940.45,0,Medium ROAS,-0.641908171,-0.462406939
1/1/2024,TikTok Ads,Display,SaaS,USA,103026,9066,0.088,1.43,12964.38,278,46.63,46631,3.6,1,1,2024,1,33666.62,2,High ROAS,0.12721741302170103,2.8980097450879394
7/13/2024,Meta Ads,Display,Fintech,India,140793,2886,0.0205,1.52,4386.72,141,31.11,12104.44,2.76,7,13,2024,3,7717.72,0,Medium ROAS,-0.286648873,-1.049541451
7/24/2024,Meta Ads,Search,Fintech,Canada,8970,306,0.0342,0.6,183.6,22,8.35,4976.05,27.1,7,24,2024,3,4792.45,2,High ROAS,2.809864154874644,-0.595953765
12/18/2024,Meta Ads,Display,Fintech,Germany,177825,4285,0.0241,0.78,3342.3,163,20.5,29602.7,8.86,12,18,2024,4,26260.4,0,Medium ROAS,0.5738585075164031,-0.942809483
12/7/2024,Meta Ads,Display,SaaS,UAE,122512,4532,0.037,1.84,8338.88,61,136.7,5305.8,0.64,12,7,2024,4,-3033.08,1,Low ROAS,-2.155795282,0.2844207765885947
6/9/2024,Google Ads,Search,EdTech,Canada,107548,4258,0.0396,3.2,13625.6,145,93.97,17656.92,1.3,6,9,2024,2,4031.319999999998,1,Low ROAS,-1.339786567,0.2833100160666429
7/6/2024,TikTok Ads,Display,Healthcare,UK,89224,5255,0.0589,1.99,10457.45,336,31.12,94667.83,9.05,7,6,2024,3,84210.38,2,High ROAS,0.7170296423027667,1.103836441569286
10/27/2024,Meta Ads,Display,E-commerce,UK,100561,3781,0.0376,1.39,5255.59,124,42.38,34626.86,6.59,10,27,2024,4,29371.27,0,Medium ROAS,0.07924488606004736,-0.063619333
5/31/2024,Google Ads,Search,Fintech,UAE,50111,2320,0.0463,2.73,6333.6,153,41.4,30016.66,4.74,5,31,2024,2,23683.059999999998,0,Medium ROAS,-0.025531602,0.45617615138565953
3/22/2024,Google Ads,Display,SaaS,Germany,65985,1445,0.0219,0.82,1184.9,63,18.81,4237.85,3.58,3,22,2024,1,3052.9500000000003,0,Medium ROAS,0.02100583695097251,-1.018953359
7/25/2024,Meta Ads,Video,E-commerce,Germany,93257,1930,0.0207,1.32,2547.6,102,24.98,26767.95,10.51,7,25,2024,3,24220.350000000002,0,Medium ROAS,0.6441996559733695,-1.142078234
12/24/2024,TikTok Ads,Search,SaaS,India,102847,6458,0.0628,1.17,7555.86,314,24.06,81199.4,10.75,12,24,2024,4,73643.54,2,High ROAS,1.0514716814103466,1.287260393808707
2/18/2024,Meta Ads,Search,SaaS,UAE,161738,5046,0.0312,1.66,8376.36,258,32.47,29417.67,3.51,2,18,2024,1,21041.309999999998,0,Medium ROAS,-0.136731154,-0.434136529
5/7/2024,Meta Ads,Shopping,Healthcare,Australia,46516,772,0.0166,0.59,455.48,39,11.68,4874.74,10.7,5,7,2024,2,4419.26,0,Medium ROAS,0.8538487853606109,-1.426205994
11/2/2024,Google Ads,Video,SaaS,Canada,7802,340,0.0437,2.37,805.8,14,57.56,799.08,0.99,11,2,2024,4,-6.72,0,Medium ROAS,-0.720988547,0.4007515126373344
10/22/2024,Google Ads,Search,EdTech,USA,15960,750,0.047,1.72,1290,40,32.25,6919.55,5.36,10,22,2024,4,5629.55,0,Medium ROAS,0.2014287811452236,0.45907313986529263
1/16/2024,TikTok Ads,Shopping,SaaS,Australia,55701,4138,0.0743,0.34,1406.92,229,6.14,20016.59,14.23,1,16,2024,1,18609.67,2,High ROAS,1.825360833126941,1.8544117289126139
6/30/2024,Google Ads,Display,E-commerce,India,64757,3976,0.0614,1.43,5685.68,58,98.03,4380.33,0.77,6,30,2024,2,-1305.35,1,Low ROAS,-1.275343224,1.5636265097654252
4/4/2024,TikTok Ads,Search,SaaS,UK,199291,16660,0.0836,1.16,19325.6,1016,19.02,207611.26,10.74,4,4,2024,2,188285.66,2,High ROAS,1.3165944188014227,2.473392217758093
9/18/2024,TikTok Ads,Shopping,EdTech,UK,116800,8351,0.0715,0.7,5845.7,493,11.86,80828.76,13.83,9,18,2024,3,74983.06,2,High ROAS,1.6616115585193996,1.7160947516894371
10/30/2024,Meta Ads,Shopping,Healthcare,Canada,88470,2459,0.0278,0.99,2434.41,165,14.75,44145,18.13,10,30,2024,4,41710.59,2,High ROAS,1.6905954830347747,-0.847980314
3/7/2024,TikTok Ads,Display,Healthcare,Australia,186782,14270,0.0764,1.08,15411.6,931,16.55,224929.42,14.59,3,7,2024,1,209517.82,2,High ROAS,1.705799172019762,2.007177341035267
12/8/2024,Google Ads,Display,Healthcare,UAE,121832,6786,0.0557,1.18,8007.48,139,57.61,28929.72,3.61,12,8,2024,4,20922.24,2,High ROAS,-0.338441492,1.0667993893143322
9/11/2024,Google Ads,Video,E-commerce,USA,88514,1610,0.0182,0.86,1384.6,77,17.98,22165.04,16.01,9,11,2024,3,20780.440000000002,0,Medium ROAS,1.3266646359448284,-1.369510559
10/14/2024,Meta Ads,Display,Fintech,India,125424,3787,0.0302,0.48,1817.76,253,7.18,36320.54,19.98,10,14,2024,4,34502.78,2,High ROAS,2.036597575218257,-0.75465252
12/6/2024,TikTok Ads,Video,Healthcare,UAE,23883,1332,0.0558,1.56,2077.92,66,31.48,10903.46,5.25,12,6,2024,4,8825.539999999999,2,High ROAS,0.2792777809000267,0.9666396652094684
5/8/2024,Meta Ads,Shopping,E-commerce,Germany,49864,2074,0.0416,1.75,3629.5,73,49.72,14018.44,3.86,5,8,2024,2,10388.94,0,Medium ROAS,-0.300924036,0.22191532836243894
7/27/2024,Google Ads,Video,SaaS,UAE,190890,7616,0.0399,1.16,8834.56,141,62.66,25751.07,2.91,7,27,2024,3,16916.510000000002,0,Medium ROAS,-0.635863333,0.17753694236006368
11/2/2024,Google Ads,Display,EdTech,UK,146295,3394,0.0232,3.41,11573.54,195,59.35,49666.69,4.29,11,2,2024,4,38093.15,0,Medium ROAS,-0.578119274,-0.814411374
9/23/2024,Meta Ads,Search,SaaS,India,29343,346,0.0118,2.01,695.46,7,99.35,672.01,0.97,9,23,2024,3,-23.45,1,Low ROAS,-1.707751852,-1.302888801
9/25/2024,TikTok Ads,Display,EdTech,Australia,154712,10288,0.0665,1.08,11111.04,439,25.31,80440.02,7.24,9,25,2024,3,69328.98000000001,2,High ROAS,0.6886830687474425,1.5432571284627945
4/6/2024,TikTok Ads,Video,EdTech,Germany,60438,5554,0.0919,1.44,7997.76,286,27.96,35506.6,4.44,4,6,2024,2,27508.839999999997,2,High ROAS,0.5665421494315203,3.051455432425559
6/1/2024,Google Ads,Shopping,EdTech,Australia,18149,918,0.0506,1.62,1487.16,14,106.23,3557.93,2.39,6,1,2024,2,2070.7699999999995,1,Low ROAS,-1.335507203,0.9492409936632186
10/2/2024,TikTok Ads,Shopping,SaaS,Germany,39626,1172,0.0296,0.58,679.76,22,30.9,1100.59,1.62,10,2,2024,4,420.8299999999999,0,Medium ROAS,-0.325362222,-0.511647987
4/20/2024,TikTok Ads,Shopping,E-commerce,UAE,103730,4335,0.0418,1.48,6415.8,104,61.69,27379.91,4.27,4,20,2024,2,20964.11,0,Medium ROAS,-0.45808439,0.2695199501193422
6/29/2024,Google Ads,Display,Healthcare,USA,35346,1279,0.0362,2.54,3248.66,48,67.68,1649.56,0.51,6,29,2024,2,-1599.1,0,Medium ROAS,-1.0085935,0.006319404851191505
1/30/2024,Meta Ads,Video,Healthcare,Australia,57776,1490,0.0258,1.18,1758.2,107,16.43,22435.51,12.76,1,30,2024,1,20677.309999999998,0,Medium ROAS,1.0728677544006175,-0.900200217
9/25/2024,Meta Ads,Shopping,SaaS,UAE,178916,4723,0.0264,1.54,7273.42,147,49.48,29612.74,4.07,9,25,2024,3,22339.32,0,Medium ROAS,-0.406691866,-0.660310952
12/15/2024,Meta Ads,Search,Fintech,Canada,34778,705,0.0203,1.56,1099.8,35,31.42,2280.29,2.07,12,15,2024,4,1180.49,0,Medium ROAS,-0.367119129,-1.052637313
6/5/2024,TikTok Ads,Search,Fintech,Australia,179120,8794,0.0491,0.96,8442.24,646,13.07,31918.96,3.78,6,5,2024,2,23476.72,2,High ROAS,0.3760001316715266,0.532724258897792
6/19/2024,Meta Ads,Display,Fintech,UAE,91706,1650,0.018,1.68,2772,80,34.65,8391.32,3.03,6,19,2024,2,5619.32,0,Medium ROAS,-0.33954275,-1.185082453
9/16/2024,Meta Ads,Display,EdTech,Germany,7056,227,0.0322,0.82,186.14,6,31.02,1653.16,8.88,9,16,2024,3,1467.02,0,Medium ROAS,0.46840736699275404,-0.438978611
1/21/2024,Meta Ads,Display,E-commerce,Germany,161646,5253,0.0325,1,5253,228,23.04,43732.39,8.33,1,21,2024,1,38479.39,0,Medium ROAS,0.5474847022796232,-0.442674427
4/5/2024,Google Ads,Video,SaaS,Canada,177115,8005,0.0452,2.9,23214.5,460,50.47,108688.43,4.68,4,5,2024,2,85473.93,0,Medium ROAS,-0.194977108,0.42384752356236005
10/3/2024,TikTok Ads,Search,Healthcare,Australia,141087,10609,0.0752,0.44,4667.96,737,6.33,190244.62,40.76,10,3,2024,4,185576.66,2,High ROAS,4.655411023029146,1.6216447280803339
11/3/2024,TikTok Ads,Video,SaaS,Australia,184745,12451,0.0674,1.67,20793.17,404,51.47,23357.33,1.12,11,3,2024,4,2564.1600000000035,2,High ROAS,-0.397965751,1.7495624708921405
9/10/2024,Google Ads,Shopping,E-commerce,UAE,104969,5773,0.055,1.42,8197.66,142,57.73,24245.52,2.96,9,10,2024,3,16047.86,2,High ROAS,-0.415784941,1.033711491789962
6/3/2024,TikTok Ads,Shopping,Fintech,India,80885,3995,0.0494,0.44,1757.8,79,22.25,10692.34,6.08,6,3,2024,2,8934.54,2,High ROAS,0.468208308845833,0.5563484677920029
4/15/2024,Google Ads,Video,E-commerce,Canada,33807,807,0.0239,2.03,1638.21,25,65.53,5072.77,3.1,4,15,2024,2,3434.5600000000004,0,Medium ROAS,-0.803348327,-0.740236337
3/21/2024,Meta Ads,Search,SaaS,India,198074,5783,0.0292,0.61,3527.63,263,13.41,60037.86,17.02,3,21,2024,1,56510.23,2,High ROAS,1.607232960632574,-0.759589845
11/17/2024,Google Ads,Search,EdTech,UK,115282,4876,0.0423,3.76,18333.76,77,238.1,2427.15,0.13,11,17,2024,4,-15906.61,1,Low ROAS,-3.879977285,0.9391017630417368
2/27/2024,Google Ads,Display,Healthcare,USA,45880,2817,0.0614,1.14,3211.38,62,51.8,2770.83,0.86,2,27,2024,1,-440.55,2,High ROAS,-0.483422103,1.4064400705336506
5/21/2024,Meta Ads,Search,Healthcare,Germany,20993,583,0.0278,1.28,746.24,45,16.58,4493.83,6.02,5,21,2024,2,3747.59,0,Medium ROAS,0.36991505138224984,-0.711492184
3/11/2024,Google Ads,Video,SaaS,Canada,183448,8053,0.0439,2.08,16750.24,351,47.72,74979.38,4.48,3,11,2024,1,58229.14,0,Medium ROAS,-0.181045734,0.34151593089476406
1/21/2024,TikTok Ads,Shopping,EdTech,UAE,119944,9331,0.0778,0.61,5691.91,717,7.94,101587.49,17.85,1,21,2024,1,95895.58,2,High ROAS,2.210868516884739,2.023979951832791
1/27/2024,TikTok Ads,Search,Healthcare,Canada,69198,3529,0.051,0.55,1940.95,256,7.58,15199.33,7.83,1,27,2024,1,13258.38,2,High ROAS,0.9167539633140074,0.5804889625177909
12/8/2024,Meta Ads,Search,Healthcare,UK,46936,2234,0.0476,0.79,1764.86,55,32.09,5977.87,3.39,12,8,2024,4,4213.01,0,Medium ROAS,-0.000449891,0.5144333015874087
7/4/2024,TikTok Ads,Video,EdTech,India,21689,895,0.0413,0.95,850.25,22,38.65,4747.38,5.58,7,4,2024,3,3897.13,0,Medium ROAS,0.06698064985957125,0.14864910016727467
3/14/2024,TikTok Ads,Search,EdTech,India,24504,899,0.0367,1.42,1276.58,41,31.14,3721.4,2.92,3,14,2024,1,2444.82,0,Medium ROAS,-0.129225384,-0.114166823
4/16/2024,Meta Ads,Shopping,E-commerce,Canada,119053,4000,0.0336,1.01,4040,152,26.58,25959.16,6.43,4,16,2024,2,21919.16,0,Medium ROAS,0.2947955388123844,-0.346645026
1/21/2024,TikTok Ads,Search,Healthcare,Canada,160522,5425,0.0338,1.11,6021.75,398,15.13,79057.93,13.13,1,21,2024,1,73036.18,0,Medium ROAS,1.203848068505924,-0.445860819
8/4/2024,Google Ads,Shopping,EdTech,UK,158627,7725,0.0487,2.88,22248,299,74.41,66700.13,3,8,4,2024,3,44452.130000000005,1,Low ROAS,-0.748586514,0.7252583952647584
6/26/2024,Meta Ads,Video,SaaS,Germany,157955,2780,0.0176,0.62,1723.6,202,8.53,49191.36,28.54,6,26,2024,2,47467.76,2,High ROAS,2.8158076953808173,-1.570970538
3/16/2024,Meta Ads,Shopping,EdTech,USA,196112,2647,0.0135,1.51,3996.97,187,21.37,16387.67,4.1,3,16,2024,1,12390.699999999999,0,Medium ROAS,-0.039991095,-1.501747156
2/15/2024,Meta Ads,Display,EdTech,Germany,67167,1907,0.0284,1.43,2727.01,114,23.92,20596.75,7.55,2,15,2024,1,17869.739999999998,0,Medium ROAS,0.41386527900751363,-0.668448607
8/7/2024,Google Ads,Display,Healthcare,India,90550,3966,0.0438,2.76,10946.16,207,52.88,7960.57,0.73,8,7,2024,3,-2985.59,0,Medium ROAS,-0.668610574,0.39351863145550386
9/7/2024,Google Ads,Shopping,EdTech,USA,91150,4119,0.0452,3.83,15775.77,98,160.98,4547.95,0.29,9,7,2024,3,-11227.82,1,Low ROAS,-2.532637899,0.8445138715305042
4/20/2024,Google Ads,Display,Fintech,India,157832,4072,0.0258,2.38,9691.36,124,78.16,34560.39,3.57,4,20,2024,2,24869.03,0,Medium ROAS,-0.950502795,-0.592720459
9/27/2024,Google Ads,Video,Fintech,India,28958,1355,0.0468,2.87,3888.85,49,79.36,13909.3,3.58,9,27,2024,3,10020.449999999999,1,Low ROAS,-0.787108275,0.6258498880883662
11/9/2024,Meta Ads,Shopping,EdTech,UAE,8487,271,0.032,0.91,246.61,14,17.62,4179.96,16.95,11,9,2024,4,3933.35,2,High ROAS,1.5528850041297195,-0.582660697
1/4/2024,Meta Ads,Shopping,Healthcare,Canada,91284,2126,0.0233,0.92,1955.92,132,14.82,23916.94,12.23,1,4,2024,1,21961.019999999997,0,Medium ROAS,1.0219259565263963,-1.044535789
3/22/2024,Meta Ads,Video,Fintech,Germany,84737,1415,0.0167,0.61,863.15,67,12.88,10044.57,11.64,3,22,2024,1,9181.42,0,Medium ROAS,0.93452101090003,-1.426481551
11/26/2024,Meta Ads,Search,EdTech,Australia,31547,772,0.0245,1.99,1536.28,15,102.42,4188.5,2.73,11,26,2024,4,2652.2200000000003,1,Low ROAS,-1.461813221,-0.576894815
12/29/2024,Meta Ads,Video,SaaS,Canada,162038,2722,0.0168,0.77,2095.94,71,29.52,16951.26,8.09,12,29,2024,4,14855.319999999998,0,Medium ROAS,0.27572298994343697,-1.326270399
8/28/2024,Google Ads,Video,EdTech,UAE,145119,9998,0.0689,1.46,14597.08,233,62.65,60859.85,4.17,8,28,2024,3,46262.77,2,High ROAS,-0.249291768,1.8412819609065585
5/10/2024,TikTok Ads,Display,Healthcare,Canada,92601,4065,0.0439,0.52,2113.8,324,6.52,24076.73,11.39,5,10,2024,2,21962.93,2,High ROAS,1.252082491029846,0.12794302054730844
12/30/2024,Google Ads,Shopping,Healthcare,Canada,148041,8053,0.0544,3.47,27943.91,98,285.14,4146.07,0.15,12,30,2024,4,-23797.84,1,Low ROAS,-4.568657256,1.7976958934777068
9/25/2024,Google Ads,Display,E-commerce,UK,25195,738,0.0293,2.61,1926.18,12,160.52,432.4,0.22,9,25,2024,3,-1493.78,1,Low ROAS,-2.670590556,-0.075930438
1/21/2024,Google Ads,Display,EdTech,Australia,186465,8689,0.0466,2.42,21027.38,367,57.3,57833.06,2.75,1,21,2024,1,36805.67999999999,0,Medium ROAS,-0.503927831,0.5486688820858747
9/6/2024,Google Ads,Shopping,Fintech,Australia,136960,5382,0.0393,1.42,7642.44,230,33.23,39826.63,5.21,9,6,2024,3,32184.19,0,Medium ROAS,0.1019027693274358,0.01863695841834112
4/21/2024,Google Ads,Video,EdTech,USA,193405,7852,0.0406,0.96,7537.92,459,16.42,79715.61,10.58,4,21,2024,2,72177.69,2,High ROAS,0.969582966265207,-0.020757087
6/5/2024,Meta Ads,Video,Healthcare,USA,118591,4043,0.0341,1.15,4649.45,303,15.34,36581.13,7.87,6,5,2024,2,31931.679999999997,0,Medium ROAS,0.6427147450405023,-0.371201542
2/7/2024,Google Ads,Search,Fintech,Germany,163349,7906,0.0484,2.68,21188.08,360,58.86,44353.83,2.09,2,7,2024,1,23165.75,0,Medium ROAS,-0.584962486,0.6651525314987897
8/31/2024,Google Ads,Video,Healthcare,USA,166957,5476,0.0328,1.22,6680.72,137,48.76,35345.21,5.29,8,31,2024,3,28664.489999999998,0,Medium ROAS,-0.208917113,-0.305700399
6/28/2024,Meta Ads,Display,SaaS,UK,169818,4992,0.0294,1.9,9484.8,146,64.96,26864.23,2.83,6,28,2024,2,17379.43,0,Medium ROAS,-0.774623887,-0.421141696
11/4/2024,Google Ads,Display,EdTech,India,158441,3976,0.0251,2.72,10814.72,300,36.05,51868.85,4.8,11,4,2024,4,41054.13,0,Medium ROAS,-0.112981357,-0.788738704
12/25/2024,Google Ads,Display,E-commerce,UK,10380,503,0.0485,2,1006,15,67.07,1306.45,1.3,12,25,2024,4,300.45000000000005,1,Low ROAS,-0.807162902,0.7071797043403433
9/21/2024,Google Ads,Shopping,SaaS,Australia,27791,930,0.0335,1.49,1385.7,73,18.98,10712.26,7.73,9,21,2024,3,9326.56,0,Medium ROAS,0.5609879817281496,-0.392098547
3/28/2024,Meta Ads,Shopping,E-commerce,Australia,124870,2622,0.021,1.68,4404.96,140,31.46,13095.31,2.97,3,28,2024,1,8690.349999999999,0,Medium ROAS,-0.265858375,-1.021698766
8/30/2024,Meta Ads,Display,Healthcare,Australia,137053,5550,0.0405,1.52,8436,381,22.14,43644.89,5.17,8,30,2024,3,35208.89,0,Medium ROAS,0.2957518419416173,0.05099963090816815
4/21/2024,Meta Ads,Search,E-commerce,UAE,43062,1322,0.0307,0.7,925.4,23,40.23,2104.08,2.27,4,21,2024,2,1178.6799999999998,0,Medium ROAS,-0.404459436,-0.423491461
9/3/2024,Google Ads,Video,SaaS,USA,177472,9210,0.0519,2.03,18696.3,410,45.6,45066.38,2.41,9,3,2024,3,26370.079999999998,0,Medium ROAS,-0.296048186,0.8193389660699344
5/26/2024,Google Ads,Display,Healthcare,Australia,25967,656,0.0253,2.69,1764.64,24,73.53,1078.62,0.61,5,26,2024,2,-686.02,0,Medium ROAS,-1.191738458,-0.605435743
9/25/2024,TikTok Ads,Shopping,SaaS,Canada,139162,7152,0.0514,1.39,9941.28,137,72.56,29124.09,2.93,9,25,2024,3,19182.809999999998,1,Low ROAS,-0.701252643,0.8759259849292492
12/22/2024,Google Ads,Display,Fintech,UK,45364,1628,0.0359,1.23,2002.44,113,17.72,10930.4,5.46,12,22,2024,4,8927.96,0,Medium ROAS,0.36142892891592393,-0.233116891
1/15/2024,Google Ads,Display,E-commerce,UK,62320,3857,0.0619,1.01,3895.57,158,24.66,17905.2,4.6,1,15,2024,1,14009.630000000001,2,High ROAS,0.37851734900801964,1.3034069626173528
11/15/2024,Meta Ads,Shopping,SaaS,Canada,141436,3026,0.0214,1.84,5567.84,108,51.55,24540.41,4.41,11,15,2024,4,18972.57,0,Medium ROAS,-0.448996871,-0.94617048
10/18/2024,Meta Ads,Video,EdTech,Germany,152318,4554,0.0299,1.08,4918.32,296,16.62,64805.54,13.18,10,18,2024,4,59887.22,0,Medium ROAS,1.1500399872055354,-0.666936728
9/1/2024,Google Ads,Search,SaaS,USA,27778,1902,0.0685,1.55,2948.1,125,23.58,15444.21,5.24,9,1,2024,3,12496.109999999999,2,High ROAS,0.5223538177037059,1.6746096934159986
8/19/2024,TikTok Ads,Video,E-commerce,UK,82400,3708,0.045,0.8,2966.4,139,21.34,31548.51,10.64,8,19,2024,3,28582.109999999997,2,High ROAS,0.930980045081576,0.24971515157370622
11/29/2024,Google Ads,Search,Healthcare,UK,195606,10817,0.0553,3.53,38184.01,122,312.98,7355.91,0.19,11,29,2024,4,-30828.1,1,Low ROAS,-5.027697778,1.9433962549361905
11/20/2024,TikTok Ads,Shopping,Fintech,Canada,18181,1179,0.0649,0.64,754.56,24,31.44,4581.7,6.07,11,20,2024,4,3827.14,2,High ROAS,0.4464270725943887,1.4840178727462303
4/26/2024,Google Ads,Video,SaaS,USA,86560,5323,0.0615,0.91,4843.93,94,51.53,8283.62,1.71,4,26,2024,2,3439.6900000000005,2,High ROAS,-0.387458495,1.4021655709947398
3/11/2024,Google Ads,Video,Fintech,USA,89845,2605,0.029,1.74,4532.7,155,29.24,14107.55,3.11,3,11,2024,1,9574.849999999999,0,Medium ROAS,-0.143804124,-0.567993371
6/8/2024,Meta Ads,Shopping,Fintech,Germany,194121,6270,0.0323,0.69,4326.3,133,32.53,11409.44,2.64,6,8,2024,2,7083.14,0,Medium ROAS,-0.220834606,-0.360949422
10/23/2024,Meta Ads,Video,SaaS,Canada,81313,1089,0.0134,1.43,1557.27,77,20.22,3549.91,2.28,10,23,2024,4,1992.6399999999999,0,Medium ROAS,-0.21522923,-1.491833792
8/15/2024,Google Ads,Display,Healthcare,USA,95153,5404,0.0568,1.7,9186.8,74,124.15,20688.95,2.25,8,15,2024,3,11502.150000000001,1,Low ROAS,-1.599750516,1.3699047142939718
2/17/2024,Meta Ads,Display,Fintech,Germany,104926,3273,0.0312,1.48,4844.04,65,74.52,12449.27,2.57,2,17,2024,1,7605.2300000000005,0,Medium ROAS,-0.948440196,-0.281928882
12/6/2024,Meta Ads,Shopping,SaaS,Germany,16093,466,0.029,0.83,386.78,28,13.81,5468.73,14.14,12,6,2024,4,5081.95,0,Medium ROAS,1.2920052222216143,-0.73881706
11/27/2024,Google Ads,Shopping,EdTech,Canada,155338,10718,0.069,1.86,19935.48,411,48.5,112821.78,5.66,11,27,2024,4,92886.3,2,High ROAS,0.14971867007695086,1.783218444094223
11/13/2024,Google Ads,Video,EdTech,Canada,179877,4317,0.024,2.54,10965.18,215,51,13004.03,1.19,11,13,2024,4,2038.8500000000004,0,Medium ROAS,-0.760006396,-0.762999737
8/24/2024,TikTok Ads,Video,E-commerce,Australia,185510,9739,0.0525,2.05,19964.95,461,43.31,116711.4,5.85,8,24,2024,3,96746.45,2,High ROAS,0.11428209597695915,0.8092896337860526
8/20/2024,TikTok Ads,Search,EdTech,Germany,135992,8023,0.059,0.4,3209.2,640,5.01,50560.98,15.76,8,20,2024,3,47351.780000000006,2,High ROAS,1.8743641645575813,0.9491908120258985
1/16/2024,Google Ads,Search,EdTech,Germany,192593,4949,0.0257,1.83,9056.67,172,52.66,20836.16,2.3,1,16,2024,1,11779.49,0,Medium ROAS,-0.655098472,-0.671007392
12/30/2024,Meta Ads,Search,EdTech,UAE,18487,693,0.0375,0.49,339.57,36,9.43,7765.15,22.87,12,30,2024,4,7425.58,2,High ROAS,2.3697937890745915,-0.35591992
11/24/2024,Meta Ads,Video,EdTech,UK,88452,3361,0.038,1.63,5478.43,180,30.44,8119.45,1.48,11,24,2024,4,2641.0199999999995,0,Medium ROAS,-0.259433045,-0.025846799
10/16/2024,TikTok Ads,Display,Fintech,USA,178714,7559,0.0423,1.14,8617.26,312,27.62,39985.98,4.64,10,16,2024,4,31368.72,0,Medium ROAS,0.16222519343562816,0.1793307349575737
7/5/2024,TikTok Ads,Display,SaaS,UK,113190,3984,0.0352,1.41,5617.44,172,32.66,10269.39,1.83,7,5,2024,3,4651.95,0,Medium ROAS,-0.284078082,-0.184060839
4/13/2024,Meta Ads,Video,E-commerce,Australia,126103,4300,0.0341,1.09,4687,313,14.97,18027.88,3.85,4,13,2024,2,13340.880000000001,0,Medium ROAS,0.2208471703395942,-0.329196398
12/21/2024,Google Ads,Search,Healthcare,India,101355,4459,0.044,2.55,11370.45,122,93.2,10455.25,0.92,12,21,2024,4,-915.2,1,Low ROAS,-1.328959247,0.5392893250626125
2/16/2024,Google Ads,Display,EdTech,Canada,197974,4375,0.0221,2.43,10631.25,347,30.64,73971.79,6.96,2,16,2024,1,63340.53999999999,0,Medium ROAS,0.18251889988980036,-1.003779187
4/7/2024,Meta Ads,Shopping,Fintech,UK,49261,724,0.0147,0.62,448.88,31,14.48,1397.37,3.11,4,7,2024,2,948.4899999999999,0,Medium ROAS,-0.018392094,-1.444970006
1/31/2024,TikTok Ads,Shopping,SaaS,India,174668,10916,0.0625,0.63,6877.08,310,22.18,37599.64,5.47,1,31,2024,1,30722.559999999998,2,High ROAS,0.5183586005160519,1.3203689383177768
10/16/2024,Google Ads,Shopping,Fintech,USA,163178,5172,0.0317,2.21,11430.12,325,35.17,14305.21,1.25,10,16,2024,4,2875.0899999999983,0,Medium ROAS,-0.418763355,-0.371775505
11/17/2024,TikTok Ads,Search,EdTech,USA,105726,8542,0.0808,1.4,11958.8,662,18.06,104498.78,8.74,11,17,2024,4,92539.98,2,High ROAS,1.0954891494355044,2.329718619721964
2/12/2024,TikTok Ads,Display,Healthcare,UAE,74285,2094,0.0282,0.63,1319.22,92,14.34,18972.8,14.38,2,12,2024,1,17653.579999999998,0,Medium ROAS,1.3016385423427372,-0.785879876
1/29/2024,Google Ads,Display,EdTech,USA,168471,6014,0.0357,0.97,5833.58,117,49.86,25231.33,4.33,1,29,2024,1,19397.75,0,Medium ROAS,-0.304550565,-0.123920033
10/9/2024,TikTok Ads,Search,E-commerce,UK,128295,4695,0.0366,0.84,3943.8,276,14.29,42279.01,10.72,10,9,2024,4,38335.21,0,Medium ROAS,0.9857503153642698,-0.260817838
11/26/2024,Meta Ads,Search,Healthcare,Australia,109777,2722,0.0248,1.44,3919.68,170,23.06,47040.47,12,11,26,2024,4,43120.79,0,Medium ROAS,0.8710334993449754,-0.927458009
9/17/2024,TikTok Ads,Video,Healthcare,UAE,153537,7277,0.0474,1,7277,175,41.58,48117.42,6.61,9,17,2024,3,40840.42,2,High ROAS,0.1801435216962817,0.5002861996630386
8/30/2024,Google Ads,Shopping,Fintech,Germany,20915,913,0.0437,1.03,940.39,37,25.42,3637.08,3.87,8,30,2024,3,2696.69,0,Medium ROAS,0.1296261008789009,0.26115671674293794
7/26/2024,Meta Ads,Search,EdTech,UK,29992,605,0.0202,0.61,369.05,35,10.54,5311.42,14.39,7,26,2024,3,4942.37,0,Medium ROAS,1.297433870383413,-1.261541753
3/5/2024,Meta Ads,Search,Fintech,UK,187461,2511,0.0134,1.7,4268.7,189,22.59,16540.06,3.87,3,5,2024,1,12271.36,0,Medium ROAS,-0.086001421,-1.500933701
5/17/2024,Google Ads,Display,E-commerce,Australia,107885,3344,0.031,2.09,6988.96,262,26.68,51456.48,7.36,5,17,2024,2,44467.520000000004,0,Medium ROAS,0.36953586183363496,-0.506695855
5/23/2024,Google Ads,Video,E-commerce,Germany,162242,5110,0.0315,2.67,13643.7,118,115.62,30643.55,2.25,5,23,2024,2,16999.85,1,Low ROAS,-1.67543374,-0.122250905
5/6/2024,Meta Ads,Video,EdTech,USA,34404,1204,0.035,1.42,1709.68,94,18.19,17655.16,10.33,5,6,2024,2,15945.48,0,Medium ROAS,0.8643017272539948,-0.335985439
11/2/2024,Meta Ads,Display,EdTech,Australia,133773,3491,0.0261,1.83,6388.53,181,35.3,21663.32,3.39,11,2,2024,4,15274.79,0,Medium ROAS,-0.241756987,-0.718262196
8/3/2024,Google Ads,Video,SaaS,Canada,185948,5373,0.0289,0.73,3922.29,82,47.83,15594.76,3.98,8,3,2024,3,11672.470000000001,0,Medium ROAS,-0.366611927,-0.52032017
7/13/2024,Google Ads,Shopping,Healthcare,Australia,98375,1898,0.0193,3.35,6358.3,45,141.3,2253.91,0.35,7,13,2024,3,-4104.39,1,Low ROAS,-2.418461294,-0.72066837
7/22/2024,Google Ads,Video,Healthcare,USA,190826,12174,0.0638,1.75,21304.5,933,22.83,139478.01,6.55,7,22,2024,3,118173.51000000001,2,High ROAS,0.6336846579197206,1.3861354691237515
7/7/2024,Meta Ads,Display,Healthcare,UAE,105050,3077,0.0293,0.5,1538.5,206,7.47,55580.46,36.13,7,7,2024,3,54041.96,2,High ROAS,3.743833572475147,-0.979502755
7/19/2024,Google Ads,Shopping,E-commerce,India,52547,2806,0.0534,2.15,6032.9,47,128.36,13262.4,2.2,7,19,2024,3,7229.5,1,Low ROAS,-1.705889805,1.188015689545412
5/15/2024,Google Ads,Search,Healthcare,India,139648,4398,0.0315,3,13194,347,38.02,82597.15,6.26,5,15,2024,2,69403.15,0,Medium ROAS,0.06483128753900307,-0.427620654
6/21/2024,TikTok Ads,Search,Fintech,Germany,186434,8743,0.0469,1.65,14425.95,87,165.82,21530.58,1.49,6,21,2024,2,7104.630000000001,1,Low ROAS,-2.471959164,0.9462835032404777
7/29/2024,Google Ads,Search,Fintech,Germany,63001,3181,0.0505,1.48,4707.88,94,50.08,3324.55,0.71,7,29,2024,3,-1383.33,0,Medium ROAS,-0.565087204,0.7717947833196331
4/12/2024,Meta Ads,Shopping,E-commerce,UK,132343,3507,0.0265,1.14,3997.98,238,16.8,17184.94,4.3,4,12,2024,2,13186.96,0,Medium ROAS,0.17170641394848943,-0.767432419
6/19/2024,Google Ads,Shopping,Healthcare,UK,172570,3692,0.0214,2.16,7974.72,53,150.47,15699.11,1.97,6,19,2024,2,7724.39,1,Low ROAS,-2.382849137,-0.585650573
4/9/2024,Google Ads,Video,Fintech,UAE,196510,10316,0.0525,2,20632,282,73.16,66245.27,3.21,4,9,2024,2,45613.270000000004,1,Low ROAS,-0.672019644,0.9385637660146556
5/13/2024,Google Ads,Display,EdTech,Canada,140875,6818,0.0484,2.25,15340.5,142,108.03,28774.25,1.88,5,13,2024,2,13433.75,1,Low ROAS,-1.439416296,0.8335648740804679
8/2/2024,TikTok Ads,Shopping,SaaS,USA,50955,3892,0.0764,1.27,4942.84,224,22.07,60995.17,12.34,8,2,2024,3,56052.33,2,High ROAS,1.3727614768378071,2.050040368622491
10/19/2024,Google Ads,Search,Fintech,USA,103991,3067,0.0295,2.59,7943.53,142,55.94,36045.3,4.54,10,19,2024,4,28101.770000000004,0,Medium ROAS,-0.438996925,-0.464237394
10/25/2024,Google Ads,Video,EdTech,Germany,22637,876,0.0387,1.22,1068.72,16,66.8,2623.14,2.45,10,25,2024,4,1554.4199999999998,0,Medium ROAS,-0.765349555,0.1270692163946313
12/20/2024,Meta Ads,Display,Fintech,Canada,86099,2910,0.0338,2.19,6372.9,194,32.85,39485.52,6.2,12,20,2024,4,33112.619999999995,0,Medium ROAS,0.1659347039802138,-0.311415114
11/8/2024,Meta Ads,Display,Fintech,UAE,181950,2401,0.0132,0.67,1608.67,168,9.58,30028.61,18.67,11,8,2024,4,28419.940000000002,0,Medium ROAS,1.7086196433193044,-1.715713102
6/11/2024,Meta Ads,Video,E-commerce,Australia,102229,2146,0.021,0.61,1309.06,52,25.17,14121.79,10.79,6,11,2024,2,12812.730000000001,0,Medium ROAS,0.6734133689728847,-1.127097255
9/22/2024,TikTok Ads,Video,SaaS,Germany,53167,2536,0.0477,0.44,1115.84,145,7.7,11216.46,10.05,9,22,2024,3,10100.619999999999,2,High ROAS,1.1224526105819186,0.36613781026948083
5/6/2024,Meta Ads,Shopping,SaaS,Canada,10177,413,0.0406,1.85,764.05,16,47.75,4058.36,5.31,5,6,2024,2,3294.3100000000004,0,Medium ROAS,-0.121858688,0.14181713435394164
12/8/2024,Meta Ads,Shopping,E-commerce,Canada,67714,738,0.0109,1.11,819.18,17,48.19,1445.84,1.76,12,8,2024,4,626.66,0,Medium ROAS,-0.765679318,-1.536321752
10/23/2024,Google Ads,Shopping,Fintech,UK,51032,3036,0.0595,2.23,6770.28,195,34.72,18761.36,2.77,10,23,2024,4,11991.080000000002,2,High ROAS,-0.007492256,1.2182780467418852
8/11/2024,TikTok Ads,Display,SaaS,USA,68474,4923,0.0719,0.47,2313.81,198,11.69,32574.4,14.08,8,11,2024,3,30260.59,2,High ROAS,1.6945921478645116,1.7359659578367144
8/12/2024,TikTok Ads,Video,SaaS,Australia,12838,784,0.0611,0.42,329.28,56,5.88,2887.05,8.77,8,12,2024,3,2557.7700000000004,2,High ROAS,1.1334718846585279,1.1488057657801414
6/5/2024,Google Ads,Display,Healthcare,UK,151595,9262,0.0611,1.76,16301.12,572,28.5,85249.68,5.23,6,5,2024,2,68948.56,2,High ROAS,0.37367145222709114,1.263332705713544
4/11/2024,TikTok Ads,Video,E-commerce,Germany,38799,1303,0.0336,0.33,429.99,51,8.43,4095.81,9.53,4,11,2024,2,3665.8199999999997,0,Medium ROAS,0.9320916416651222,-0.441332747
6/23/2024,Google Ads,Video,SaaS,Australia,121565,2601,0.0214,2.04,5306.04,176,30.15,34156.84,6.44,6,23,2024,2,28850.799999999996,0,Medium ROAS,0.12934326116384173,-1.040327172
9/11/2024,Meta Ads,Display,E-commerce,Canada,38762,1007,0.026,0.68,684.76,16,42.8,3871.2,5.65,9,11,2024,3,3186.4399999999996,0,Medium ROAS,-0.128857469,-0.72302023
2/18/2024,Meta Ads,Search,E-commerce,India,32410,693,0.0214,1.79,1240.47,21,59.07,678.51,0.55,2,18,2024,1,-561.96,0,Medium ROAS,-0.987344542,-0.879225463
3/29/2024,TikTok Ads,Video,EdTech,Australia,134132,4694,0.035,0.82,3849.08,306,12.58,52932.5,13.75,3,29,2024,1,49083.42,2,High ROAS,1.3234671655496546,-0.391741856
1/28/2024,Google Ads,Display,E-commerce,Australia,38005,1489,0.0392,1.51,2248.39,79,28.46,23043.93,10.25,1,28,2024,1,20795.54,0,Medium ROAS,0.7185130313571743,-0.057496185
1/15/2024,Google Ads,Search,E-commerce,India,91348,2914,0.0319,1.73,5041.22,98,51.44,14981.67,2.97,1,15,2024,1,9940.45,0,Medium ROAS,-0.509176629,-0.323736219
8/22/2024,Google Ads,Display,E-commerce,UK,87607,3661,0.0418,3.15,11532.15,106,108.79,31383.75,2.72,8,22,2024,3,19851.6,1,Low ROAS,-1.420217881,0.4453559315789139
2/1/2024,TikTok Ads,Shopping,Fintech,India,95288,7108,0.0746,0.51,3625.08,454,7.98,132401.61,36.52,2,1,2024,1,128776.52999999998,2,High ROAS,4.170711469754248,1.6381394508468303
9/28/2024,TikTok Ads,Video,Healthcare,UK,68620,3602,0.0525,0.48,1728.96,134,12.9,22980.94,13.29,9,28,2024,3,21251.98,2,High ROAS,1.4212593168024568,0.6264749053610197
7/6/2024,TikTok Ads,Video,Healthcare,Australia,95975,3848,0.0401,1.78,6849.44,66,103.78,6246.82,0.91,7,6,2024,3,-602.62,1,Low ROAS,-1.542984601,0.34957547932776023
12/12/2024,Google Ads,Shopping,SaaS,Canada,162064,5607,0.0346,2.42,13568.94,77,176.22,8174.03,0.6,12,12,2024,4,-5394.91,1,Low ROAS,-2.849712911,0.27958107303399693
5/18/2024,Meta Ads,Search,Fintech,USA,57712,848,0.0147,0.9,763.2,64,11.93,2136.83,2.8,5,18,2024,2,1373.6299999999999,0,Medium ROAS,-0.008254145,-1.450251217
6/29/2024,Meta Ads,Shopping,Fintech,Germany,147412,3670,0.0249,1.17,4293.9,162,26.51,38717.46,9.02,6,29,2024,2,34423.56,0,Medium ROAS,0.49615066633410415,-0.877951058
2/6/2024,Google Ads,Display,E-commerce,UAE,79525,2298,0.0289,1.58,3630.84,119,30.51,21777.03,6,2,6,2024,1,18146.19,0,Medium ROAS,0.14161861631735495,-0.600582336
4/18/2024,Meta Ads,Shopping,E-commerce,UK,78480,1389,0.0177,1.69,2347.41,19,123.55,2972.32,1.27,4,18,2024,2,624.9100000000003,1,Low ROAS,-2.034018892,-0.88309021
3/11/2024,TikTok Ads,Display,SaaS,UK,165232,7617,0.0461,0.77,5865.09,601,9.76,102707.85,17.51,3,11,2024,1,96842.76000000001,2,High ROAS,1.868164770989679,0.20028612933027054
5/18/2024,Google Ads,Display,SaaS,UAE,13294,583,0.0439,1.38,804.54,46,17.49,11553.7,14.36,5,18,2024,2,10749.16,2,High ROAS,1.3827447780380018,0.13305491039573036
11/16/2024,Meta Ads,Video,EdTech,UK,55333,852,0.0154,1.05,894.6,66,13.55,12295.52,13.74,11,16,2024,4,11400.92,0,Medium ROAS,1.135526183817873,-1.522004587
9/24/2024,Meta Ads,Display,Fintech,UK,177027,6160,0.0348,1.23,7576.8,220,34.44,59390.91,7.84,9,24,2024,3,51814.11,0,Medium ROAS,0.32238418925624845,-0.265849572
11/10/2024,Meta Ads,Search,E-commerce,USA,21679,448,0.0207,0.89,398.72,31,12.86,3556.66,8.92,11,10,2024,4,3157.9399999999996,0,Medium ROAS,0.6799681139838311,-1.165925023
7/9/2024,Google Ads,Search,Healthcare,UK,18601,706,0.038,2,1412,54,26.15,3302.39,2.34,7,9,2024,3,1890.3899999999999,0,Medium ROAS,-0.095244908,-0.049596995
11/29/2024,Google Ads,Shopping,Healthcare,UAE,146583,2990,0.0204,1.61,4813.9,114,42.23,8660.28,1.8,11,29,2024,4,3846.380000000001,0,Medium ROAS,-0.577938683,-1.007419584
11/17/2024,Google Ads,Shopping,Fintech,Australia,46745,2140,0.0458,3.44,7361.6,38,193.73,5289.97,0.72,11,17,2024,4,-2071.63,1,Low ROAS,-3.035843044,0.9852576731206772
12/9/2024,Google Ads,Display,E-commerce,Canada,39505,2251,0.057,3.06,6888.06,149,46.23,30920.99,4.49,12,9,2024,4,24032.93,2,High ROAS,-0.040835375,1.094066775313734
3/11/2024,Google Ads,Shopping,Healthcare,Germany,179342,4071,0.0227,2.26,9200.46,195,47.18,30682.52,3.33,3,11,2024,1,21482.06,0,Medium ROAS,-0.478758337,-0.874125551
10/27/2024,Google Ads,Video,Fintech,UAE,75410,3039,0.0403,0.95,2887.05,239,12.08,29467.42,10.21,10,27,2024,4,26580.37,2,High ROAS,1.0010134563673805,-0.048793127
6/28/2024,Google Ads,Search,Healthcare,UAE,83488,4049,0.0485,1.15,4656.35,45,103.47,2103,0.45,6,28,2024,2,-2553.35,1,Low ROAS,-1.513673746,0.8393267572716395
12/26/2024,TikTok Ads,Display,SaaS,USA,149143,5175,0.0347,0.53,2742.75,140,19.59,11705.28,4.27,12,26,2024,4,8962.53,0,Medium ROAS,0.19261240962322332,-0.283400443
11/21/2024,Meta Ads,Shopping,Fintech,Australia,52743,1207,0.0229,1.93,2329.51,90,25.88,11281.65,4.84,11,21,2024,4,8952.14,0,Medium ROAS,0.044249056363305714,-0.950781262
4/19/2024,Meta Ads,Shopping,Healthcare,UK,92091,3342,0.0363,1.48,4946.16,145,34.11,37976.42,7.68,4,19,2024,2,33030.259999999995,0,Medium ROAS,0.32397420169381547,-0.178484299
4/14/2024,TikTok Ads,Video,Healthcare,USA,118687,10586,0.0892,0.75,7939.5,635,12.5,88046.75,11.09,4,14,2024,2,80107.25,2,High ROAS,1.5129084286990184,2.771493608311806
10/25/2024,Google Ads,Video,EdTech,UAE,195664,6378,0.0326,2.6,16582.8,312,53.15,33814.66,2.04,10,25,2024,4,17231.860000000004,0,Medium ROAS,-0.631071306,-0.26746359
9/26/2024,TikTok Ads,Search,EdTech,India,89946,5162,0.0574,0.63,3252.06,349,9.32,87393.19,26.87,9,26,2024,3,84141.13,2,High ROAS,2.97072432962243,0.7516680075298727
12/5/2024,TikTok Ads,Search,EdTech,India,170529,11766,0.069,1.48,17413.68,695,25.06,102403.13,5.88,12,5,2024,4,84989.45000000001,2,High ROAS,0.5698165610090279,1.7016439912682535
1/3/2024,Meta Ads,Display,Fintech,Canada,129750,2452,0.0189,1.09,2672.68,93,28.74,23770.39,8.89,1,3,2024,1,21097.71,0,Medium ROAS,0.3923861620546238,-1.216051884
1/22/2024,Meta Ads,Display,Healthcare,USA,197882,5144,0.026,0.81,4166.64,299,13.94,68061.76,16.33,1,22,2024,1,63895.119999999995,0,Medium ROAS,1.4969487467217926,-0.935459862
6/6/2024,Google Ads,Display,E-commerce,Australia,58266,2651,0.0455,1.22,3234.22,103,31.4,3487.43,1.08,6,6,2024,2,253.21000000000004,0,Medium ROAS,-0.253051316,0.41549512359166446
9/1/2024,Meta Ads,Search,E-commerce,USA,98699,2171,0.022,2.22,4819.62,92,52.39,5066.63,1.05,9,1,2024,3,247.01000000000022,0,Medium ROAS,-0.815832881,-0.87247469
1/18/2024,TikTok Ads,Video,EdTech,UK,172820,5512,0.0319,1.5,8268,229,36.1,38190.22,4.62,1,18,2024,1,29922.22,0,Medium ROAS,-0.073857925,-0.393326451
11/30/2024,Google Ads,Shopping,EdTech,UK,61902,2599,0.042,2.92,7589.08,160,47.43,43994.91,5.8,11,30,2024,4,36405.83,0,Medium ROAS,-0.052082768,0.21643824360151628
7/20/2024,TikTok Ads,Shopping,EdTech,UAE,148573,8706,0.0586,1.77,15409.62,643,23.97,163989.09,10.64,7,20,2024,3,148579.47,2,High ROAS,1.0047524010599715,1.0452152828007697
11/6/2024,Meta Ads,Shopping,EdTech,Germany,149654,6689,0.0447,1.29,8628.81,262,32.93,10578.46,1.23,11,6,2024,4,1949.6499999999996,0,Medium ROAS,-0.269925667,0.3727798610098724
1/24/2024,Meta Ads,Search,Healthcare,India,191478,6414,0.0335,1.57,10069.98,236,42.67,56534.15,5.61,1,24,2024,1,46464.17,0,Medium ROAS,-0.065690097,-0.289235199
5/1/2024,Meta Ads,Search,E-commerce,Canada,7196,287,0.04,2.21,634.27,10,63.43,693.26,1.09,5,1,2024,2,58.99000000000001,0,Medium ROAS,-0.841853643,0.2055061091212332
11/14/2024,Google Ads,Display,Healthcare,India,30757,1202,0.0391,3.26,3918.52,60,65.31,5647,1.44,11,14,2024,4,1728.48,0,Medium ROAS,-0.844220687,0.15603761822706477
4/11/2024,Google Ads,Display,Healthcare,Canada,17578,330,0.0188,3.07,1013.1,20,50.66,3553.78,3.51,4,11,2024,2,2540.6800000000003,0,Medium ROAS,-0.552397613,-1.089875762
2/2/2024,Google Ads,Display,E-commerce,USA,65530,2018,0.0308,2.81,5670.58,117,48.47,12114.63,2.14,2,2,2024,1,6444.049999999999,0,Medium ROAS,-0.556877702,-0.388464551
9/18/2024,TikTok Ads,Search,SaaS,UK,89403,5578,0.0624,1.48,8255.44,414,19.94,80503.15,9.75,9,18,2024,3,72247.70999999999,2,High ROAS,1.011214641187791,1.2609626833571241
6/9/2024,TikTok Ads,Shopping,E-commerce,Australia,161904,4339,0.0268,1.05,4555.95,178,25.6,22405.85,4.92,6,9,2024,2,17849.899999999998,0,Medium ROAS,0.09142564467031723,-0.727015391
9/8/2024,Meta Ads,Video,EdTech,Canada,27036,708,0.0262,1.67,1182.36,12,98.53,1538.26,1.3,9,8,2024,3,355.9000000000001,1,Low ROAS,-1.533493695,-0.4763262
6/8/2024,Meta Ads,Shopping,SaaS,UK,12712,212,0.0167,1.7,360.4,9,40.04,375.03,1.04,6,8,2024,2,14.629999999999995,0,Medium ROAS,-0.653996646,-1.220647275
2/10/2024,Google Ads,Shopping,E-commerce,UAE,24198,1214,0.0502,1.35,1638.9,60,27.32,11611.94,7.09,2,10,2024,1,9973.04,2,High ROAS,0.49693258254448025,0.6088844443380496
7/31/2024,Google Ads,Display,SaaS,India,80324,2337,0.0291,2.99,6987.63,50,139.75,12463.37,1.78,7,31,2024,3,5475.740000000001,1,Low ROAS,-2.154705998,-0.174468879
4/22/2024,Google Ads,Search,SaaS,Germany,160525,6003,0.0374,1.67,10025.01,106,94.58,12306.27,1.23,4,22,2024,2,2281.26,1,Low ROAS,-1.376697767,0.1588782847662397
2/27/2024,Google Ads,Display,Fintech,Germany,104821,4224,0.0403,1.36,5744.64,307,18.71,89314.07,15.55,2,27,2024,1,83569.43000000001,2,High ROAS,1.4575246289424448,-0.083848077
10/3/2024,Google Ads,Video,Healthcare,India,48118,1616,0.0336,3.66,5914.56,129,45.85,28604.24,4.84,10,3,2024,4,22689.68,0,Medium ROAS,-0.200639368,-0.264420344
2/6/2024,TikTok Ads,Display,SaaS,Australia,53709,2868,0.0534,0.89,2552.52,222,11.5,47503.54,18.61,2,6,2024,1,44951.020000000004,2,High ROAS,2.0193570167563726,0.6165558649851549
2/14/2024,Google Ads,Display,Healthcare,UK,25497,1142,0.0448,1.84,2101.28,75,28.02,18551.01,8.83,2,14,2024,1,16449.73,2,High ROAS,0.6234325146276609,0.2801957285603905
8/26/2024,TikTok Ads,Display,Fintech,UAE,178782,7705,0.0431,1.28,9862.4,352,28.02,30909.61,3.13,8,26,2024,3,21047.21,0,Medium ROAS,0.0015990928309494476,0.2432014314647283
5/3/2024,Meta Ads,Video,Healthcare,India,189221,7587,0.0401,0.91,6904.17,80,86.3,2769.22,0.4,5,3,2024,2,-4134.95,1,Low ROAS,-1.30149078,0.2959955929535517
12/26/2024,Meta Ads,Search,Fintech,Germany,138704,1803,0.013,0.86,1550.58,119,13.03,10297.42,6.64,12,26,2024,4,8746.84,0,Medium ROAS,0.3673050292639666,-1.586179394
10/8/2024,Google Ads,Video,EdTech,UK,120475,7794,0.0647,0.78,6079.32,530,11.47,143639.1,23.63,10,8,2024,4,137559.78,2,High ROAS,2.6527693812452404,1.2160218409423686
8/19/2024,Google Ads,Shopping,Healthcare,Germany,125019,8251,0.066,3.77,31106.27,609,51.08,135443.82,4.35,8,19,2024,3,104337.55,2,High ROAS,-0.05954751,1.6325147546125591
12/11/2024,Meta Ads,Search,EdTech,USA,198775,3637,0.0183,1.99,7237.63,235,30.8,18520.23,2.56,12,11,2024,4,11282.599999999999,0,Medium ROAS,-0.321836161,-1.175683191
1/5/2024,TikTok Ads,Video,EdTech,Australia,52059,2956,0.0568,0.57,1684.92,29,58.1,5633.14,3.34,1,5,2024,1,3948.2200000000003,2,High ROAS,-0.365921856,1.1349834953540923
5/31/2024,Google Ads,Display,SaaS,USA,183373,7169,0.0391,1.55,11111.95,342,32.49,18314.28,1.65,5,31,2024,2,7202.329999999998,0,Medium ROAS,-0.266452924,0.04287435325154954
9/13/2024,Meta Ads,Search,E-commerce,USA,114844,3307,0.0288,2.1,6944.7,123,56.46,36552.89,5.26,9,13,2024,3,29608.19,0,Medium ROAS,-0.377204802,-0.51071491
8/27/2024,Meta Ads,Search,E-commerce,USA,53865,1098,0.0204,1.28,1405.44,67,20.98,2545.35,1.81,8,27,2024,3,1139.9099999999999,0,Medium ROAS,-0.217266439,-1.07933409
1/7/2024,Google Ads,Video,E-commerce,Germany,25080,1113,0.0444,2.62,2916.06,49,59.51,2232.61,0.77,1,7,2024,1,-683.45,0,Medium ROAS,-0.771329852,0.4501954970001503
7/12/2024,TikTok Ads,Search,E-commerce,India,95853,4658,0.0486,0.31,1443.98,92,15.7,27317.08,18.92,7,12,2024,3,25873.100000000002,2,High ROAS,1.939551078720945,0.34978456363902655
5/26/2024,Google Ads,Video,SaaS,Canada,27593,896,0.0325,2.39,2141.44,48,44.61,8087.57,3.78,5,26,2024,2,5946.129999999999,0,Medium ROAS,-0.302111643,-0.320827936
9/11/2024,Meta Ads,Video,EdTech,USA,34949,1324,0.0379,1.79,2369.96,86,27.56,9084.22,3.83,9,11,2024,3,6714.259999999999,0,Medium ROAS,0.038709013696733775,-0.0666488
5/17/2024,TikTok Ads,Shopping,E-commerce,USA,72986,3379,0.0463,1.77,5980.83,188,31.81,17387.72,2.91,5,17,2024,2,11406.890000000001,0,Medium ROAS,-0.058137498,0.443461021586954
2/2/2024,Google Ads,Shopping,Healthcare,UAE,149848,9290,0.062,1.97,18301.3,537,34.08,106414.01,5.81,2,2,2024,1,88112.70999999999,2,High ROAS,0.3488399608369857,1.3280027913461676
9/3/2024,Google Ads,Video,SaaS,Australia,143235,3981,0.0278,1.83,7285.23,125,58.28,27104.75,3.72,9,3,2024,3,19819.52,0,Medium ROAS,-0.5807107,-0.545833561
2/11/2024,TikTok Ads,Video,EdTech,India,157625,9457,0.06,0.48,4539.36,534,8.5,147520.8,32.5,2,11,2024,1,142981.44,2,High ROAS,3.6068066678938204,0.8386998769779292
11/28/2024,Meta Ads,Search,Fintech,India,172816,3819,0.0221,2.14,8172.66,193,42.35,41926.28,5.13,11,28,2024,4,33753.619999999995,0,Medium ROAS,-0.210540379,-0.944518454
12/14/2024,TikTok Ads,Video,E-commerce,UK,56529,4494,0.0795,1.51,6785.94,104,65.25,9525.68,1.4,12,14,2024,4,2739.7400000000007,2,High ROAS,-0.496106987,2.49296850817826
4/13/2024,TikTok Ads,Shopping,EdTech,USA,176030,13079,0.0743,1.51,19749.29,200,98.75,41247.07,2.09,4,13,2024,2,21497.78,1,Low ROAS,-1.034756752,2.2979817599950274
11/3/2024,Meta Ads,Search,SaaS,Canada,128355,1758,0.0137,1.86,3269.88,122,26.8,6205.33,1.9,11,3,2024,4,2935.45,0,Medium ROAS,-0.364441362,-1.448158417
9/25/2024,Google Ads,Video,Fintech,USA,14096,476,0.0338,1.29,614.04,34,18.06,3175.83,5.17,9,25,2024,3,2561.79,0,Medium ROAS,0.3065266116780491,-0.350309861
4/2/2024,Google Ads,Video,SaaS,USA,31855,1411,0.0443,1.7,2398.7,60,39.98,3201.45,1.33,4,2,2024,2,802.75,0,Medium ROAS,-0.382059481,0.37239117647756365
2/19/2024,Google Ads,Search,EdTech,UAE,95218,2199,0.0231,2.39,5255.61,103,51.03,17399.72,3.31,2,19,2024,1,12144.11,0,Medium ROAS,-0.542561908,-0.837764953
2/6/2024,Google Ads,Shopping,E-commerce,Germany,102409,3389,0.0331,3.58,12132.62,149,81.43,31253.87,2.58,2,6,2024,1,19121.25,1,Low ROAS,-1.047786736,-0.148792107
9/12/2024,Google Ads,Search,E-commerce,India,31049,1021,0.0329,3.31,3379.51,31,109.02,7117.65,2.11,9,12,2024,3,3738.1399999999994,1,Low ROAS,-1.566478141,-0.062072012
9/19/2024,TikTok Ads,Search,Healthcare,Germany,129077,4065,0.0315,1.22,4959.3,295,16.81,44193.52,8.91,9,19,2024,3,39234.219999999994,0,Medium ROAS,0.7059859491463577,-0.527806544
9/20/2024,Meta Ads,Shopping,E-commerce,Germany,166874,6641,0.0398,0.68,4515.88,200,22.58,17225.95,3.81,9,20,2024,3,12710.07,0,Medium ROAS,0.13737831271614168,0.026632701285086397
2/13/2024,Google Ads,Search,SaaS,Australia,153865,5785,0.0376,1.7,9834.5,139,70.75,16979.34,1.73,2,13,2024,1,7144.84,0,Medium ROAS,-0.918440699,0.08454098591107961
11/7/2024,TikTok Ads,Display,Healthcare,UK,187199,12036,0.0643,1.33,16007.88,946,16.92,165825.37,10.36,11,7,2024,4,149817.49,2,High ROAS,1.1438102987927867,1.3540884794015644
6/27/2024,Meta Ads,Video,SaaS,UK,117696,4531,0.0385,1.09,4938.79,325,15.2,19270.73,3.9,6,27,2024,2,14331.939999999999,0,Medium ROAS,0.26054668654632435,-0.074464765
10/19/2024,Meta Ads,Search,Healthcare,Canada,147324,1325,0.009,1.72,2279,96,23.74,10356.84,4.54,10,19,2024,4,8077.84,0,Medium ROAS,-0.072374439,-1.75874935
8/4/2024,Google Ads,Video,Fintech,Australia,39001,1450,0.0372,2.62,3799,18,211.06,5256.07,1.38,8,4,2024,3,1457.0699999999997,1,Low ROAS,-3.333617599,0.5392996530809285
1/3/2024,TikTok Ads,Search,Healthcare,USA,69277,5057,0.073,1.06,5360.42,268,20,57608.77,10.75,1,3,2024,1,52248.35,2,High ROAS,1.2088870999129362,1.8635007790388411
4/10/2024,Google Ads,Search,E-commerce,USA,166687,11384,0.0683,0.73,8310.32,899,9.24,139644.2,16.8,4,10,2024,2,131333.88,2,High ROAS,1.9944228942747857,1.4901986088514592
12/2/2024,Meta Ads,Video,E-commerce,Canada,173898,5321,0.0306,0.53,2820.13,239,11.8,52181.09,18.5,12,2,2024,4,49360.96,2,High ROAS,1.804273902954474,-0.699980294
5/31/2024,Google Ads,Display,SaaS,Canada,117000,7979,0.0682,1.47,11729.13,366,32.05,14373.81,1.23,5,31,2024,2,2644.6800000000003,2,High ROAS,-0.050654471,1.7290271524223524
10/25/2024,Meta Ads,Shopping,SaaS,UK,55697,957,0.0172,0.91,870.87,12,72.57,1673.31,1.92,10,25,2024,4,802.4399999999999,0,Medium ROAS,-1.106423613,-1.091272831
7/3/2024,Google Ads,Display,Fintech,UK,46585,1504,0.0323,2.2,3308.8,85,38.93,13372.82,4.04,7,3,2024,3,10064.02,0,Medium ROAS,-0.180040205,-0.354386952
8/14/2024,TikTok Ads,Search,E-commerce,Germany,97345,5178,0.0532,0.61,3158.58,289,10.93,44113.49,13.97,8,14,2024,3,40954.909999999996,2,High ROAS,1.533104741817479,0.652988576495567
6/18/2024,TikTok Ads,Video,E-commerce,India,143519,10519,0.0733,0.86,9046.34,673,13.44,28878.71,3.19,6,18,2024,2,19832.37,2,High ROAS,0.5173710032443484,1.9400313517864114
5/1/2024,Meta Ads,Display,E-commerce,Canada,68843,633,0.0092,0.89,563.37,25,22.53,2441.19,4.33,5,1,2024,2,1877.8200000000002,0,Medium ROAS,-0.072523528,-1.74901067
3/27/2024,Google Ads,Display,Fintech,USA,129679,5848,0.0451,1.48,8655.04,158,54.78,32419.87,3.75,3,27,2024,1,23764.829999999998,0,Medium ROAS,-0.36782838,0.44263458750095086
1/31/2024,Meta Ads,Search,Fintech,UK,153157,5498,0.0359,1.8,9896.4,401,24.68,90694.52,9.16,1,31,2024,1,80798.12000000001,0,Medium ROAS,0.6376960320687285,-0.249410228
8/21/2024,Meta Ads,Display,E-commerce,Canada,138074,3313,0.024,1.91,6327.83,209,30.28,16533.53,2.61,8,21,2024,3,10205.699999999999,0,Medium ROAS,-0.25813854,-0.848294974
11/16/2024,Google Ads,Shopping,SaaS,Germany,119132,3466,0.0291,2.19,7590.54,261,29.08,30598.06,4.03,11,16,2024,4,23007.52,0,Medium ROAS,-0.04224703,-0.572649369
5/5/2024,Google Ads,Video,E-commerce,Canada,43634,1937,0.0444,2.38,4610.06,58,79.48,15065.19,3.27,5,5,2024,2,10455.130000000001,1,Low ROAS,-0.843026691,0.4907769498815967
6/27/2024,Meta Ads,Shopping,Fintech,USA,198899,2923,0.0147,1.97,5758.31,95,60.61,3750,0.65,6,27,2024,2,-2008.31,0,Medium ROAS,-1.061025338,-1.262620147
5/15/2024,Meta Ads,Video,SaaS,Germany,143383,3412,0.0238,1.02,3480.24,117,29.75,19100.2,5.49,5,15,2024,2,15619.960000000001,0,Medium ROAS,0.05581035379336189,-0.892642724
2/6/2024,Meta Ads,Video,E-commerce,UAE,92469,2487,0.0269,0.6,1492.2,48,31.09,14164.35,9.49,2,6,2024,1,12672.15,0,Medium ROAS,0.4860935842360908,-0.751853407
11/9/2024,Google Ads,Shopping,SaaS,Germany,30852,684,0.0222,1.59,1087.56,11,98.87,2813.84,2.59,11,9,2024,4,1726.2800000000002,1,Low ROAS,-1.436650694,-0.720414519
11/16/2024,Meta Ads,Search,Healthcare,Germany,87565,3213,0.0367,2.2,7068.6,106,66.68,13715.98,1.94,11,16,2024,4,6647.379999999999,0,Medium ROAS,-0.835027678,0.01647296954006732
12/11/2024,Google Ads,Shopping,EdTech,UK,154058,3728,0.0242,2.46,9170.88,125,73.37,7520.81,0.82,12,11,2024,4,-1650.07,0,Medium ROAS,-1.176232568,-0.671859126
6/14/2024,Google Ads,Display,SaaS,India,160579,7804,0.0486,1.36,10613.44,193,54.99,9996.49,0.94,6,14,2024,2,-616.95,0,Medium ROAS,-0.640206968,0.6760171301139705
10/24/2024,TikTok Ads,Search,SaaS,UAE,34076,1363,0.04,1.14,1553.82,16,97.11,2219.67,1.43,10,24,2024,4,665.8500000000001,1,Low ROAS,-1.375600064,0.3156574105004761
5/29/2024,TikTok Ads,Shopping,Healthcare,Germany,37261,1591,0.0427,1.08,1718.28,40,42.96,8930.04,5.2,5,29,2024,2,7211.760000000001,0,Medium ROAS,-0.03425028,0.24827691635554414
2/16/2024,Meta Ads,Shopping,Fintech,USA,178553,7213,0.0404,2.28,16445.64,556,29.58,50559.85,3.07,2,16,2024,1,34114.21,0,Medium ROAS,-0.054672163,0.0929526961368584
3/6/2024,Meta Ads,Search,Healthcare,Australia,132390,2780,0.021,1.01,2807.8,133,21.11,39444.5,14.05,3,6,2024,1,36636.7,0,Medium ROAS,1.0893086725140195,-1.175894383
8/17/2024,TikTok Ads,Search,Healthcare,Australia,166446,7822,0.047,1.15,8995.3,218,41.26,21100.54,2.35,8,17,2024,3,12105.240000000002,0,Medium ROAS,-0.271608922,0.5219070388715539
10/30/2024,TikTok Ads,Shopping,EdTech,Germany,158807,5859,0.0369,0.57,3339.63,73,45.75,7304.51,2.19,10,30,2024,4,3964.88,0,Medium ROAS,-0.452471359,-0.045374785
10/18/2024,Meta Ads,Video,EdTech,Australia,66265,1881,0.0284,2.04,3837.24,76,50.49,2782.02,0.73,10,18,2024,4,-1055.22,0,Medium ROAS,-0.762098956,-0.505281044
2/11/2024,Google Ads,Search,SaaS,UK,137156,5253,0.0383,2.15,11293.95,280,40.34,75085.66,6.65,2,11,2024,1,63791.71000000001,0,Medium ROAS,0.12624505828231444,-0.030670967
12/28/2024,Google Ads,Shopping,Fintech,India,123292,2527,0.0205,3.55,8970.85,179,50.12,36566.56,4.08,12,28,2024,4,27595.71,0,Medium ROAS,-0.467769624,-0.999507113
8/7/2024,TikTok Ads,Display,Fintech,UK,68642,3363,0.049,0.37,1244.31,37,33.63,8887.57,7.14,8,7,2024,3,7643.26,2,High ROAS,0.38503898466309827,0.5602618415572018
2/20/2024,Google Ads,Shopping,SaaS,Canada,147727,7534,0.051,2.33,17554.22,206,85.21,23788.98,1.36,2,20,2024,1,6234.759999999998,1,Low ROAS,-1.086008116,0.9124298268689304
3/10/2024,TikTok Ads,Search,E-commerce,Australia,179818,11724,0.0652,1.03,12075.72,880,13.72,242039.99,20.04,3,10,2024,1,229964.27,2,High ROAS,2.2367077324252214,1.2911731237467396
10/25/2024,Google Ads,Display,Fintech,Australia,158481,6053,0.0382,1.63,9866.39,116,85.06,30091.81,3.05,10,25,2024,4,20225.420000000002,1,Low ROAS,-1.014806595,0.15339683894939038
6/10/2024,TikTok Ads,Search,Fintech,India,12784,1055,0.0826,0.38,400.9,67,5.98,12031.35,30.01,6,10,2024,2,11630.45,2,High ROAS,3.5808194299107337,2.164142636409677
12/11/2024,Meta Ads,Video,EdTech,Australia,117169,3304,0.0282,1.27,4196.08,83,50.56,20949.79,4.99,12,11,2024,4,16753.71,0,Medium ROAS,-0.311334032,-0.562450184
1/17/2024,Meta Ads,Video,EdTech,Germany,190928,5078,0.0266,1.45,7363.1,186,39.59,47430.11,6.44,1,17,2024,1,40067.01,0,Medium ROAS,0.014817369136204498,-0.707664228
12/12/2024,Google Ads,Search,E-commerce,India,38512,1840,0.0478,1.34,2465.6,53,46.52,3324.76,1.35,12,12,2024,4,859.1600000000003,0,Medium ROAS,-0.460164446,0.5967127679676095
2/11/2024,Meta Ads,Video,SaaS,UAE,92986,2082,0.0224,1.73,3601.86,108,33.35,6838.55,1.9,2,11,2024,1,3236.69,0,Medium ROAS,-0.39962121,-0.92282405
4/29/2024,Meta Ads,Search,Healthcare,UAE,80589,1160,0.0144,0.95,1102,75,14.69,21781.43,19.77,4,29,2024,2,20679.43,0,Medium ROAS,1.7497307815604954,-1.640874689
7/19/2024,Meta Ads,Display,EdTech,India,140475,5043,0.0359,2.04,10287.72,327,31.46,96504.49,9.38,7,19,2024,3,86216.77,0,Medium ROAS,0.5463901105021862,-0.228866814
9/9/2024,Google Ads,Video,E-commerce,Canada,103348,1891,0.0183,1.54,2912.14,30,97.07,1064.02,0.37,9,9,2024,3,-1848.12,1,Low ROAS,-1.676537532,-0.928182497
1/17/2024,Meta Ads,Search,EdTech,Australia,100343,3461,0.0345,1.08,3737.88,259,14.43,51755.16,13.85,1,17,2024,1,48017.280000000006,2,High ROAS,1.2984616619145257,-0.415486032
7/21/2024,TikTok Ads,Display,SaaS,UAE,179039,14663,0.0819,1.36,19941.68,1151,17.33,281693.26,14.13,7,21,2024,3,261751.58000000002,2,High ROAS,1.6914430241683167,2.332878242648893
4/20/2024,Meta Ads,Display,SaaS,UK,13100,186,0.0142,1.5,279,10,27.9,1347.41,4.83,4,20,2024,2,1068.41,0,Medium ROAS,-0.066663581,-1.447048726
2/4/2024,Google Ads,Search,EdTech,UAE,167198,5132,0.0307,2.31,11854.92,120,98.79,19874.34,1.68,2,4,2024,1,8019.42,1,Low ROAS,-1.458287245,-0.219260092
9/8/2024,Meta Ads,Video,E-commerce,UK,35755,672,0.0188,2.01,1350.72,39,34.63,1411.24,1.04,9,8,2024,3,60.51999999999998,0,Medium ROAS,-0.544181196,-1.117466172
4/17/2024,Google Ads,Display,E-commerce,Germany,177420,7646,0.0431,2.42,18503.32,478,38.71,110744.54,5.99,4,17,2024,2,92241.22,0,Medium ROAS,0.1252847623010428,0.24855076599684103
2/21/2024,Google Ads,Search,SaaS,UAE,195067,9129,0.0468,0.95,8672.55,128,67.75,24006.78,2.77,2,21,2024,1,15334.23,0,Medium ROAS,-0.676900591,0.5953336203423037
1/30/2024,Google Ads,Display,EdTech,USA,44435,1453,0.0327,2.68,3894.04,48,81.13,6345.04,1.63,1,30,2024,1,2451,1,Low ROAS,-1.14736348,-0.162719473
4/4/2024,TikTok Ads,Search,SaaS,UAE,57448,2338,0.0407,0.5,1169,143,8.17,25654.56,21.95,4,4,2024,2,24485.56,2,High ROAS,2.320966981521218,-0.16519299
1/6/2024,Google Ads,Video,E-commerce,UK,139158,3061,0.022,1.27,3887.47,118,32.94,15835.46,4.07,1,6,2024,1,11947.99,0,Medium ROAS,-0.165057256,-0.9706945
2/29/2024,Meta Ads,Display,Healthcare,Germany,148463,4810,0.0324,2.11,10149.1,286,35.49,68709.26,6.77,2,29,2024,1,58560.159999999996,0,Medium ROAS,0.1697878623497965,-0.389602259
1/27/2024,Meta Ads,Search,E-commerce,Australia,30123,554,0.0184,1.78,986.12,15,65.74,2874.83,2.92,1,27,2024,1,1888.71,0,Medium ROAS,-0.873905482,-1.055705445
1/5/2024,Meta Ads,Shopping,E-commerce,USA,139257,2631,0.0189,1.61,4235.91,99,42.79,9781.28,2.31,1,5,2024,1,5545.370000000001,0,Medium ROAS,-0.546146005,-1.097773673
7/6/2024,Google Ads,Search,Healthcare,Germany,103053,2607,0.0253,2.19,5709.33,194,29.43,39533.49,6.92,7,6,2024,3,33824.159999999996,0,Medium ROAS,0.22656573248778322,-0.822352149
2/29/2024,Google Ads,Display,Fintech,Canada,44140,2101,0.0476,1.05,2206.05,55,40.11,6735.72,3.05,2,29,2024,1,4529.67,0,Medium ROAS,-0.17237981,0.5451924917174621
7/4/2024,Meta Ads,Display,SaaS,India,88698,1073,0.0121,0.92,987.16,43,22.96,5727.99,5.8,7,4,2024,3,4740.83,0,Medium ROAS,0.10197560332844194,-1.595641271
1/12/2024,Meta Ads,Display,EdTech,Canada,182011,1911,0.0105,0.55,1051.05,35,30.03,3848.31,3.66,1,12,2024,1,2797.26,0,Medium ROAS,-0.259492477,-1.641266872
1/20/2024,TikTok Ads,Display,Fintech,India,29180,1464,0.0502,0.53,775.92,59,13.15,11729.57,15.12,1,20,2024,1,10953.65,2,High ROAS,1.5919201019553175,0.47459865362438064
1/13/2024,Meta Ads,Video,E-commerce,UK,138686,2621,0.0189,1.52,3983.92,195,20.43,52398.49,13.15,1,13,2024,1,48414.57,0,Medium ROAS,0.986702659219177,-1.28997045
9/22/2024,Google Ads,Search,Fintech,India,181976,7752,0.0426,1.72,13333.44,255,52.29,75491.87,5.66,9,22,2024,3,62158.42999999999,0,Medium ROAS,-0.144018832,0.26907082658043147
12/10/2024,Google Ads,Shopping,Healthcare,UK,103902,3927,0.0378,1.16,4555.32,215,21.19,37434.38,8.22,12,10,2024,4,32879.06,0,Medium ROAS,0.6131707524200665,-0.141194544
4/5/2024,TikTok Ads,Display,SaaS,Canada,132081,10051,0.0761,0.71,7136.21,229,31.16,62261.45,8.72,4,5,2024,2,55125.24,2,High ROAS,0.8307960181165738,2.102356477499623
5/18/2024,Meta Ads,Video,E-commerce,UK,25077,341,0.0136,0.42,143.22,5,28.64,779.52,5.44,5,18,2024,2,636.3,0,Medium ROAS,-0.019439724,-1.485815304
4/16/2024,Meta Ads,Video,E-commerce,UAE,113987,3579,0.0314,0.76,2720.04,229,11.88,31787.48,11.69,4,16,2024,2,29067.44,0,Medium ROAS,1.0846144204385604,-0.580162623
3/20/2024,Meta Ads,Shopping,Fintech,Canada,14705,363,0.0247,0.94,341.22,4,85.31,738.37,2.16,3,20,2024,1,397.15,1,Low ROAS,-1.231231383,-0.617010975
6/2/2024,Google Ads,Search,EdTech,USA,16955,440,0.026,1.82,800.8,30,26.69,3274.44,4.09,6,2,2024,2,2473.6400000000003,0,Medium ROAS,-0.02237247,-0.760672623
9/22/2024,Meta Ads,Display,E-commerce,India,127082,2452,0.0193,2.18,5345.36,53,100.86,8408.45,1.57,9,22,2024,3,3063.090000000001,1,Low ROAS,-1.604177861,-0.870448403
2/13/2024,Meta Ads,Video,E-commerce,India,57299,1186,0.0207,1.35,1601.1,25,64.04,5383.27,3.36,2,13,2024,1,3782.1700000000005,0,Medium ROAS,-0.778273942,-0.933154288
6/19/2024,Meta Ads,Shopping,Fintech,Australia,134986,4346,0.0322,1.63,7083.98,149,47.54,28100.44,3.97,6,19,2024,2,21016.46,0,Medium ROAS,-0.334069282,-0.330323198
7/22/2024,Google Ads,Display,E-commerce,Australia,12546,725,0.0578,1.45,1051.25,43,24.45,2269.78,2.16,7,22,2024,3,1218.5300000000002,2,High ROAS,0.08655408690214893,1.091811205237125
5/27/2024,Google Ads,Search,Fintech,Canada,161554,6252,0.0387,3.05,19068.6,361,52.82,57767.01,3.03,5,27,2024,2,38698.41,0,Medium ROAS,-0.467000441,0.07358788768657556
1/25/2024,Meta Ads,Search,Healthcare,India,27499,728,0.0265,1.07,778.96,17,45.82,3860.75,4.96,1,25,2024,1,3081.79,0,Medium ROAS,-0.249100335,-0.676471168
12/20/2024,TikTok Ads,Display,EdTech,India,153936,5895,0.0383,0.89,5246.55,373,14.07,85268.07,16.25,12,20,2024,4,80021.52,2,High ROAS,1.593201773334343,-0.222737743
4/7/2024,TikTok Ads,Display,E-commerce,Germany,41232,1859,0.0451,1.06,1970.54,126,15.64,22069.99,11.2,4,7,2024,2,20099.45,2,High ROAS,1.087948956402989,0.23021229229900447
2/16/2024,Meta Ads,Video,Healthcare,Canada,133088,5243,0.0394,1.68,8808.24,226,38.97,48389.85,5.49,2,16,2024,1,39581.61,0,Medium ROAS,0.035456132995812,0.04080437365342785
4/18/2024,Meta Ads,Search,SaaS,Australia,33082,340,0.0103,1.86,632.4,9,70.27,2116.06,3.35,4,18,2024,2,1483.6599999999999,0,Medium ROAS,-0.975216002,-1.513522158
4/16/2024,Meta Ads,Display,Fintech,Germany,179504,5026,0.028,1.11,5578.86,203,27.48,10121.88,1.81,4,16,2024,2,4543.0199999999995,0,Medium ROAS,-0.261166838,-0.617791788
6/11/2024,Meta Ads,Shopping,Healthcare,USA,16344,534,0.0327,0.9,480.6,11,43.69,465.35,0.97,6,11,2024,2,-15.25,0,Medium ROAS,-0.584067648,-0.282133155
3/5/2024,TikTok Ads,Display,E-commerce,Canada,196312,12642,0.0644,1.28,16181.76,584,27.71,148695.91,9.19,3,5,2024,1,132514.15,2,High ROAS,0.8374794287755286,1.4089226769313004
10/31/2024,TikTok Ads,Shopping,E-commerce,USA,17626,1113,0.0632,0.54,601.02,50,12.02,2568.51,4.27,10,31,2024,4,1967.4900000000002,2,High ROAS,0.5685813703419343,1.3394362903662977
5/22/2024,Meta Ads,Shopping,SaaS,Germany,46603,955,0.0205,0.69,658.95,23,28.65,2614.49,3.97,5,22,2024,2,1955.5399999999997,0,Medium ROAS,-0.116154355,-1.070873825
1/28/2024,Meta Ads,Search,EdTech,UAE,113878,3678,0.0323,0.92,3383.76,216,15.67,62162.63,18.37,1,28,2024,1,58778.869999999995,2,High ROAS,1.7397229906061678,-0.587177561
5/24/2024,Meta Ads,Display,E-commerce,Canada,196354,2945,0.015,1.11,3268.95,177,18.47,7478.3,2.29,5,24,2024,2,4209.35,0,Medium ROAS,-0.170634336,-1.4053122
7/25/2024,Meta Ads,Video,EdTech,Australia,62194,2039,0.0328,1.84,3751.76,129,29.08,23854.38,6.36,7,25,2024,3,20102.620000000003,0,Medium ROAS,0.23807623107916392,-0.383715302
11/17/2024,TikTok Ads,Shopping,Healthcare,Germany,56069,2949,0.0526,0.85,2506.65,150,16.71,29064.28,11.59,11,17,2024,4,26557.629999999997,2,High ROAS,1.1766039864643734,0.6634254766673837
7/18/2024,Meta Ads,Search,EdTech,UAE,18706,458,0.0245,0.44,201.52,35,5.76,7330.28,36.37,7,18,2024,3,7128.759999999999,2,High ROAS,3.7565857738538218,-1.26549162
3/22/2024,TikTok Ads,Video,SaaS,Canada,49390,3368,0.0682,1.65,5557.2,195,28.5,57395.9,10.33,3,22,2024,1,51838.700000000004,2,High ROAS,0.9785687644746002,1.6191146576719215
7/19/2024,Google Ads,Shopping,Fintech,India,23773,461,0.0194,1.6,737.6,5,147.52,642.97,0.87,7,19,2024,3,-94.63,1,Low ROAS,-2.467470884,-0.699461377
9/3/2024,Meta Ads,Search,E-commerce,Canada,19959,586,0.0294,1.99,1166.14,17,68.6,4432.12,3.8,9,3,2024,3,3265.9799999999996,0,Medium ROAS,-0.732917741,-0.419278851
1/30/2024,Meta Ads,Display,Fintech,UAE,166155,6048,0.0364,1.46,8830.08,260,33.96,28494.38,3.23,1,30,2024,1,19664.300000000003,0,Medium ROAS,-0.146541557,-0.125324999
2/28/2024,TikTok Ads,Shopping,SaaS,UAE,50819,3206,0.0631,0.95,3045.7,222,13.72,24319.42,7.98,2,28,2024,1,21273.719999999998,2,High ROAS,0.9340571425124328,1.2994771128313394
8/28/2024,Google Ads,Display,Healthcare,UK,15796,301,0.0191,1.91,574.91,17,33.82,1137.71,1.98,8,28,2024,3,562.8000000000001,0,Medium ROAS,-0.427754958,-1.112965979
2/24/2024,TikTok Ads,Display,E-commerce,India,133422,8458,0.0634,0.82,6935.56,663,10.46,111531.65,16.08,2,24,2024,1,104596.09,2,High ROAS,1.8544821490358516,1.2186563847318976
4/28/2024,Meta Ads,Video,EdTech,Germany,181026,2769,0.0153,1.06,2935.14,155,18.94,18246.01,6.22,4,28,2024,2,15310.869999999999,0,Medium ROAS,0.24256508835806567,-1.428659267
3/17/2024,Meta Ads,Shopping,E-commerce,Germany,57784,907,0.0157,1.21,1097.47,54,20.32,2856.1,2.6,3,17,2024,1,1758.6299999999999,0,Medium ROAS,-0.162838508,-1.361908961
6/22/2024,Meta Ads,Search,E-commerce,India,81023,1944,0.024,1.31,2546.64,146,17.44,32752.99,12.86,6,22,2024,2,30206.350000000002,0,Medium ROAS,1.050771228901521,-1.001973823
7/8/2024,Google Ads,Shopping,EdTech,USA,93623,6319,0.0675,1.25,7898.75,83,95.17,20925.73,2.65,7,8,2024,3,13026.98,1,Low ROAS,-0.973673171,1.886552291224367
5/12/2024,TikTok Ads,Search,EdTech,Germany,118483,8826,0.0745,1.69,14915.94,570,26.17,139364.5,9.34,5,12,2024,2,124448.56,2,High ROAS,0.9673549212033571,1.9862805888893664
4/30/2024,Google Ads,Shopping,Healthcare,UAE,155018,9146,0.059,2.96,27072.16,495,54.69,33297.83,1.23,4,30,2024,2,6225.670000000002,2,High ROAS,-0.513796556,1.273410534927442
11/3/2024,Google Ads,Search,EdTech,Canada,13614,744,0.0547,2.97,2209.68,54,40.92,11111.12,5.03,11,3,2024,4,8901.44,2,High ROAS,0.08653091872944574,0.9372829314244575
12/16/2024,Google Ads,Display,SaaS,Australia,7594,225,0.0297,1.19,267.75,7,38.25,1275.11,4.76,12,16,2024,4,1007.3599999999999,0,Medium ROAS,-0.114465127,-0.514813905
8/16/2024,TikTok Ads,Search,E-commerce,Australia,161640,5916,0.0366,0.46,2721.36,445,6.12,30797.18,11.32,8,16,2024,3,28075.82,2,High ROAS,1.1879085717845899,-0.294881515
12/23/2024,Google Ads,Video,E-commerce,UAE,83845,2599,0.031,2.69,6991.31,137,51.03,29891.75,4.28,12,23,2024,4,22900.44,0,Medium ROAS,-0.370550949,-0.391272615
5/17/2024,Google Ads,Display,Healthcare,Germany,195610,9956,0.0509,2.37,23595.72,401,58.84,116291.87,4.93,5,17,2024,2,92696.15,2,High ROAS,-0.260422288,0.7791243595361301
9/14/2024,Google Ads,Display,Healthcare,UAE,63812,2686,0.0421,2.98,8004.28,84,95.29,6979.61,0.87,9,14,2024,3,-1024.67,1,Low ROAS,-1.386176942,0.43699528907842805
8/28/2024,Google Ads,Video,Fintech,UAE,33794,1030,0.0305,1.75,1802.5,25,72.1,1849.39,1.03,8,28,2024,3,46.8900000000001,0,Medium ROAS,-1.077584774,-0.314023366
6/15/2024,Meta Ads,Shopping,Fintech,India,130056,3537,0.0272,0.58,2051.46,207,9.91,27550.99,13.43,6,15,2024,2,25499.530000000002,0,Medium ROAS,1.2667343314724167,-0.848466639
12/29/2024,Google Ads,Shopping,SaaS,Canada,149438,3287,0.022,3.73,12260.51,153,80.13,8351.95,0.68,12,29,2024,4,-3908.56,0,Medium ROAS,-1.324673318,-0.77475589
1/17/2024,Meta Ads,Shopping,Healthcare,Canada,185750,1653,0.0089,1.3,2148.9,34,63.2,2916.11,1.36,1,17,2024,1,767.21,0,Medium ROAS,-1.07968283,-1.596975089
7/29/2024,Meta Ads,Video,SaaS,India,24750,747,0.0302,1.19,888.93,48,18.52,1738.76,1.96,7,29,2024,3,849.83,0,Medium ROAS,-0.074431164,-0.522436751
11/16/2024,TikTok Ads,Shopping,Fintech,UK,66262,3790,0.0572,1.07,4055.3,150,27.04,24443.12,6.03,11,16,2024,4,20387.82,2,High ROAS,0.4496601263206921,1.0242182662332708
5/9/2024,TikTok Ads,Video,E-commerce,UK,126854,7243,0.0571,0.81,5866.83,474,12.38,55705.28,9.49,5,9,2024,2,49838.45,2,High ROAS,1.0653662361957659,0.9316662338286806
9/19/2024,Meta Ads,Video,EdTech,Canada,32559,553,0.017,0.71,392.63,6,65.44,1500.74,3.82,9,19,2024,3,1108.1100000000001,0,Medium ROAS,-0.785154688,-1.147378105
7/27/2024,Google Ads,Search,SaaS,UAE,85729,1757,0.0205,3.02,5306.14,90,58.96,21584.82,4.07,7,27,2024,3,16278.68,0,Medium ROAS,-0.618431236,-0.96952784
12/8/2024,Meta Ads,Shopping,E-commerce,India,126432,1567,0.0124,1.65,2585.55,110,23.51,31358.68,12.13,12,8,2024,4,28773.13,0,Medium ROAS,0.7694205985911277,-1.644542143
3/28/2024,Meta Ads,Search,Fintech,UK,196595,2614,0.0133,0.38,993.32,28,35.48,6376.7,6.42,3,28,2024,1,5383.38,0,Medium ROAS,-0.033430298,-1.490598541
9/24/2024,Meta Ads,Search,E-commerce,UK,14028,342,0.0244,1.89,646.38,7,92.34,716.51,1.11,9,24,2024,3,70.13,1,Low ROAS,-1.46463175,-0.599309258
3/21/2024,Google Ads,Display,Healthcare,Canada,77964,2915,0.0374,3.38,9852.7,161,61.2,14283,1.45,3,21,2024,1,4430.299999999999,0,Medium ROAS,-0.788388297,0.04371509607450523
4/12/2024,Google Ads,Search,Fintech,UK,102677,3131,0.0305,3.67,11490.77,79,145.45,13056.26,1.14,4,12,2024,2,1565.4899999999998,1,Low ROAS,-2.307149407,-0.067346431
12/29/2024,Google Ads,Search,Fintech,Germany,137737,3925,0.0285,0.9,3532.5,78,45.29,11545.1,3.27,12,29,2024,4,8012.6,0,Medium ROAS,-0.402721898,-0.544399242
5/5/2024,Google Ads,Shopping,EdTech,USA,93534,3544,0.0379,0.95,3366.8,187,18,32280.5,9.59,5,5,2024,2,28913.7,0,Medium ROAS,0.8139284945771753,-0.160931387
6/17/2024,Google Ads,Video,Fintech,Australia,127475,7342,0.0576,2.34,17180.28,574,29.93,74747.49,4.35,6,17,2024,2,57567.21000000001,2,High ROAS,0.2253127658367403,1.0751965765099945
9/9/2024,Google Ads,Display,SaaS,USA,82700,2679,0.0324,0.86,2303.94,140,16.46,20788.45,9.02,9,9,2024,3,18484.510000000002,0,Medium ROAS,0.7314511533906646,-0.478117583
5/19/2024,TikTok Ads,Shopping,E-commerce,UK,96432,7155,0.0742,0.35,2504.25,336,7.45,47954.95,19.15,5,19,2024,2,45450.7,2,High ROAS,2.3263011463753003,1.8001150146403355
12/6/2024,TikTok Ads,Shopping,SaaS,USA,154656,6557,0.0424,0.4,2622.8,345,7.6,49646.11,18.93,12,6,2024,4,47023.31,2,High ROAS,2.023768569915863,-0.036297112
6/22/2024,Google Ads,Video,Healthcare,UK,115415,3866,0.0335,3.29,12719.14,280,45.43,61322.57,4.82,6,22,2024,2,48603.43,0,Medium ROAS,-0.19653153,-0.271408304
9/14/2024,Google Ads,Search,E-commerce,Canada,157963,5607,0.0355,0.88,4934.16,205,24.07,50937.22,10.32,9,14,2024,3,46003.06,0,Medium ROAS,0.7680797832889227,-0.287088851
6/6/2024,Meta Ads,Video,Fintech,Canada,133684,2018,0.0151,1.72,3470.96,44,78.89,11449.27,3.3,6,6,2024,2,7978.31,0,Medium ROAS,-1.084669067,-1.206227788
1/5/2024,Google Ads,Shopping,Healthcare,UAE,20091,956,0.0476,3.41,3259.96,36,90.55,9230.05,2.83,1,5,2024,1,5970.089999999999,1,Low ROAS,-1.049390438,0.7180039534343426
12/19/2024,Google Ads,Display,E-commerce,Canada,126946,6728,0.053,2.31,15541.68,132,117.74,34256.99,2.2,12,19,2024,4,18715.309999999998,1,Low ROAS,-1.52964959,1.1289934571052396
12/30/2024,TikTok Ads,Search,Healthcare,Germany,8311,476,0.0573,1.61,766.36,18,42.58,1064.02,1.39,12,30,2024,4,297.65999999999997,2,High ROAS,-0.306607652,1.1324408164225703
4/26/2024,Google Ads,Video,Healthcare,UK,140091,7242,0.0517,2.52,18249.84,347,52.59,24525.17,1.34,4,26,2024,2,6275.329999999998,0,Medium ROAS,-0.530031941,0.8429046369895616
5/16/2024,TikTok Ads,Shopping,E-commerce,Canada,140121,4778,0.0341,0.86,4109.08,291,14.12,84859.67,20.65,5,16,2024,2,80750.59,2,High ROAS,2.0244271619364698,-0.51283763
7/31/2024,Meta Ads,Display,Fintech,UK,159301,6738,0.0423,2.18,14688.84,302,48.64,57570.61,3.92,7,31,2024,3,42881.770000000004,0,Medium ROAS,-0.27016965,0.2581076769107462
1/16/2024,TikTok Ads,Shopping,SaaS,Germany,88940,4384,0.0493,0.32,1402.88,66,21.26,10447.12,7.45,1,16,2024,1,9044.240000000002,2,High ROAS,0.6299967265516961,0.5324779139641457
8/4/2024,Meta Ads,Search,Fintech,Canada,194287,5032,0.0259,0.85,4277.2,338,12.65,32920.35,7.7,8,4,2024,3,28643.149999999998,0,Medium ROAS,0.5988165311365832,-0.852743592
2/8/2024,TikTok Ads,Search,Healthcare,India,17911,1148,0.0641,1.15,1320.2,52,25.39,3388.21,2.57,2,8,2024,1,2068.01,2,High ROAS,0.1691026760790306,1.4549628723364927
7/22/2024,Meta Ads,Display,SaaS,UK,9909,170,0.0172,1.86,316.2,10,31.62,1238.47,3.92,7,22,2024,3,922.27,0,Medium ROAS,-0.200439805,-1.251169075
1/18/2024,TikTok Ads,Search,E-commerce,India,168616,6508,0.0386,1.02,6638.16,508,13.07,151081.09,22.76,1,18,2024,1,144442.93,2,High ROAS,2.3060468982345323,-0.278813106
9/29/2024,Meta Ads,Shopping,Healthcare,Germany,139346,4096,0.0294,0.62,2539.52,236,10.76,12521.54,4.93,9,29,2024,3,9982.02,0,Medium ROAS,0.3662355906205887,-0.626887663
3/15/2024,Meta Ads,Search,Fintech,UK,98740,1589,0.0161,2.09,3321.01,47,70.66,5063.31,1.52,3,15,2024,1,1742.3000000000002,0,Medium ROAS,-1.126267852,-1.15704609
6/2/2024,TikTok Ads,Video,EdTech,India,26471,1890,0.0714,0.94,1776.6,74,24.01,21647.86,12.18,6,2,2024,2,19871.260000000002,2,High ROAS,1.279406549814369,1.7691215806485265
7/25/2024,Meta Ads,Display,Healthcare,USA,174048,3846,0.0221,1.74,6692.04,75,89.23,18304.27,2.74,7,25,2024,3,11612.23,1,Low ROAS,-1.258410662,-0.760387438
4/1/2024,Meta Ads,Search,Healthcare,Australia,8877,230,0.026,0.76,174.8,9,19.42,1921.06,10.99,4,1,2024,2,1746.26,0,Medium ROAS,0.8355037498794124,-0.859483425
5/13/2024,Meta Ads,Shopping,EdTech,Germany,32488,919,0.0283,1.93,1773.67,32,55.43,7341.13,4.14,5,13,2024,2,5567.46,0,Medium ROAS,-0.483402635,-0.531063764
11/10/2024,Google Ads,Search,Healthcare,USA,77968,3001,0.0385,2.85,8552.85,193,44.32,31448.71,3.68,11,10,2024,4,22895.86,0,Medium ROAS,-0.255672106,0.026303250848058457
7/31/2024,TikTok Ads,Video,Fintech,UAE,10156,474,0.0467,0.31,146.94,29,5.07,1480.61,10.08,7,31,2024,3,1333.6699999999998,2,High ROAS,1.1614572997883506,0.29908865904288673
3/23/2024,Meta Ads,Display,Fintech,UK,63676,1757,0.0276,1.16,2038.12,137,14.88,8830.01,4.33,3,23,2024,1,6791.89,0,Medium ROAS,0.21695966589590923,-0.710620078
6/29/2024,Google Ads,Video,EdTech,UAE,93545,2974,0.0318,1.16,3449.84,58,59.48,4267.11,1.24,6,29,2024,2,817.2699999999995,0,Medium ROAS,-0.830349345,-0.283736886
2/18/2024,Meta Ads,Display,EdTech,India,8671,156,0.018,1.46,227.76,7,32.54,1461.2,6.42,2,18,2024,1,1233.44,0,Medium ROAS,0.057198267339555395,-1.228689049
4/6/2024,Meta Ads,Video,Fintech,USA,95930,1554,0.0162,0.72,1118.88,62,18.05,5774.95,5.16,4,6,2024,2,4656.07,0,Medium ROAS,0.15256384670488668,-1.368205779
7/23/2024,Google Ads,Display,E-commerce,Australia,73683,3757,0.051,3.32,12473.24,131,95.22,33721.52,2.7,7,23,2024,3,21248.28,1,Low ROAS,-1.112694626,0.9318366269019197
7/17/2024,Meta Ads,Shopping,SaaS,India,152932,6591,0.0431,1.25,8238.75,200,41.19,14211.23,1.72,7,17,2024,3,5972.48,0,Medium ROAS,-0.371437426,0.30287649712079057
3/1/2024,TikTok Ads,Shopping,SaaS,UAE,125354,6179,0.0493,0.35,2162.65,259,8.35,9238.12,4.27,3,1,2024,1,7075.470000000001,2,High ROAS,0.5097995196206214,0.5230700880153846
9/6/2024,Google Ads,Shopping,E-commerce,Canada,193613,9157,0.0473,2.79,25548.03,458,55.78,127981.37,5.01,9,6,2024,3,102433.34,0,Medium ROAS,-0.231428022,0.5597022801566207
11/25/2024,Google Ads,Display,EdTech,Australia,158138,2846,0.018,2.04,5805.84,143,40.6,22164.01,3.82,11,25,2024,4,16358.169999999998,0,Medium ROAS,-0.356097981,-1.173476964
6/28/2024,Google Ads,Video,Healthcare,UAE,134814,2804,0.0208,1.91,5355.64,195,27.46,46646.16,8.71,6,28,2024,2,41290.520000000004,0,Medium ROAS,0.4114015342324107,-1.108545924
2/19/2024,Google Ads,Search,E-commerce,Australia,102366,2589,0.0253,1.59,4116.51,148,27.81,35080.15,8.52,2,19,2024,1,30963.64,0,Medium ROAS,0.42438008739634353,-0.845042461
5/24/2024,Meta Ads,Display,Healthcare,Canada,159044,2385,0.015,1.65,3935.25,184,21.39,35387.51,8.99,5,24,2024,2,31452.260000000002,0,Medium ROAS,0.49349968286862383,-1.467537468
4/22/2024,TikTok Ads,Shopping,EdTech,USA,35932,1440,0.0401,0.91,1310.4,68,19.27,16668.75,12.72,4,22,2024,2,15358.35,2,High ROAS,1.1449142466998918,-0.06307263
4/1/2024,TikTok Ads,Display,EdTech,Australia,116561,4231,0.0363,1,4231,172,24.6,42291.58,10,4,1,2024,2,38060.58,0,Medium ROAS,0.7319884280022475,-0.235583332
7/7/2024,Meta Ads,Shopping,Fintech,Australia,8608,100,0.0117,0.58,58,3,19.33,661.12,11.4,7,7,2024,3,603.12,0,Medium ROAS,0.7563247544317468,-1.691299575
8/19/2024,Meta Ads,Search,E-commerce,UAE,19284,642,0.0333,1.57,1007.94,21,48,5907.29,5.86,8,19,2024,3,4899.35,0,Medium ROAS,-0.131002517,-0.28548219
3/7/2024,Meta Ads,Display,Fintech,India,161764,2652,0.0164,0.99,2625.48,76,34.55,16956.51,6.46,3,7,2024,1,14331.029999999999,0,Medium ROAS,0.013528460861975415,-1.314870065
12/11/2024,TikTok Ads,Video,Fintech,Germany,116045,6660,0.0574,0.35,2331,467,4.99,76092.65,32.64,12,11,2024,4,73761.65,2,High ROAS,3.658503118355751,0.674950766394825
6/6/2024,Meta Ads,Shopping,E-commerce,UK,61395,2038,0.0332,2.36,4809.68,102,47.15,16290.15,3.39,6,6,2024,2,11480.47,0,Medium ROAS,-0.380542294,-0.267561044
4/2/2024,Google Ads,Shopping,EdTech,UAE,119183,5041,0.0423,3.38,17038.58,121,140.81,25438.17,1.49,4,2,2024,2,8399.589999999997,1,Low ROAS,-2.088728734,0.5957107303075855
10/4/2024,Meta Ads,Search,E-commerce,UAE,26747,1099,0.0411,1.14,1252.86,36,34.8,5626.79,4.49,10,4,2024,4,4373.93,0,Medium ROAS,0.014308902949682732,0.13580000272914378
12/16/2024,Meta Ads,Display,EdTech,Germany,157898,3094,0.0196,2.39,7394.66,245,30.18,72430.36,9.79,12,16,2024,4,65035.7,0,Medium ROAS,0.46995514426287655,-1.180382529
6/27/2024,Meta Ads,Search,Healthcare,USA,49456,801,0.0162,1.86,1489.86,50,29.8,4108.2,2.76,6,27,2024,2,2618.34,0,Medium ROAS,-0.301877194,-1.302676648
2/17/2024,Google Ads,Video,SaaS,Canada,150213,5242,0.0349,3.15,16512.3,332,49.74,64497.69,3.91,2,17,2024,1,47985.39,0,Medium ROAS,-0.354207325,-0.166077658
1/7/2024,Google Ads,Shopping,EdTech,USA,73305,3635,0.0496,2.48,9014.8,47,191.8,2210.35,0.25,1,7,2024,1,-6804.45,1,Low ROAS,-3.020188569,1.203582061587865
6/22/2024,TikTok Ads,Display,Fintech,UK,187663,10790,0.0575,0.69,7445.1,121,61.53,18190.79,2.44,6,22,2024,2,10745.69,2,High ROAS,-0.513728575,1.1967454581454715
10/31/2024,TikTok Ads,Display,Healthcare,USA,85066,5903,0.0694,1.3,7673.9,465,16.5,85397.14,11.13,10,31,2024,4,77723.24,2,High ROAS,1.277277273708419,1.6393638572636913
2/5/2024,Google Ads,Shopping,EdTech,USA,12045,255,0.0212,2.02,515.1,4,128.78,161.02,0.31,2,5,2024,1,-354.08,1,Low ROAS,-2.194324877,-0.652650447
5/8/2024,Google Ads,Video,Fintech,UAE,77796,3703,0.0476,2.67,9887.01,182,54.32,43235.35,4.37,5,8,2024,2,33348.34,0,Medium ROAS,-0.272271629,0.5790069164934086
2/5/2024,TikTok Ads,Shopping,Fintech,UK,90443,3789,0.0419,0.57,2159.73,94,22.98,16003.58,7.41,2,5,2024,1,13843.85,0,Medium ROAS,0.532271989531407,0.11071045284043668
3/17/2024,Meta Ads,Display,E-commerce,Canada,52838,660,0.0125,1.78,1174.8,14,83.91,2258.16,1.92,3,17,2024,1,1083.36,0,Medium ROAS,-1.339202808,-1.324797475
6/13/2024,Meta Ads,Video,E-commerce,Australia,61284,1574,0.0257,1.52,2392.48,32,74.77,3680.82,1.54,6,13,2024,2,1288.3400000000001,0,Medium ROAS,-1.110199041,-0.588116776
1/2/2024,Meta Ads,Search,Healthcare,India,163624,4368,0.0267,1.28,5591.04,296,18.89,31041.33,5.55,1,2,2024,1,25450.29,0,Medium ROAS,0.2712020613516429,-0.762252232
6/8/2024,Meta Ads,Display,Healthcare,UK,194674,3601,0.0185,1.45,5221.45,165,31.65,8945.17,1.71,6,8,2024,2,3723.7200000000003,0,Medium ROAS,-0.425005836,-1.152097029
9/17/2024,Meta Ads,Search,Healthcare,India,15485,196,0.0127,1.54,301.84,8,37.73,362.78,1.2,9,17,2024,3,60.94,0,Medium ROAS,-0.632653217,-1.461531473
3/17/2024,Google Ads,Search,Fintech,Germany,138154,9518,0.0689,2.22,21129.96,534,39.57,24562.44,1.16,3,17,2024,1,3432.4799999999996,2,High ROAS,-0.17928022,1.795678985271733
5/29/2024,TikTok Ads,Video,Fintech,USA,76922,2669,0.0347,1.32,3523.08,110,32.03,12940.72,3.67,5,29,2024,2,9417.64,0,Medium ROAS,-0.08180575,-0.234907802
8/12/2024,Google Ads,Shopping,EdTech,Germany,13947,718,0.0515,1.56,1120.08,44,25.46,11863.61,10.59,8,12,2024,3,10743.53,2,High ROAS,0.9124639827134876,0.6401299748034112
11/8/2024,Google Ads,Display,EdTech,Germany,199164,6671,0.0335,3.19,21280.49,118,180.34,27461.46,1.29,11,8,2024,4,6180.9699999999975,1,Low ROAS,-2.855516273,0.22245561758344795
9/21/2024,Meta Ads,Shopping,E-commerce,Canada,138018,1683,0.0122,1.03,1733.49,56,30.96,8635.5,4.98,9,21,2024,3,6902.01,0,Medium ROAS,-0.11986604,-1.554000918
3/3/2024,Meta Ads,Shopping,Fintech,UAE,161408,1581,0.0098,1.11,1754.91,51,34.41,6128.54,3.49,3,3,2024,1,4373.63,0,Medium ROAS,-0.357806725,-1.665124425
10/29/2024,TikTok Ads,Shopping,E-commerce,Germany,130811,8895,0.068,0.32,2846.4,150,18.98,31192.02,10.96,10,29,2024,4,28345.62,2,High ROAS,1.2050282524468352,1.5685984905241193
6/27/2024,Meta Ads,Display,EdTech,UAE,140460,2753,0.0196,0.51,1404.03,87,16.14,18763.62,13.36,6,27,2024,2,17359.59,0,Medium ROAS,1.0877538545502787,-1.266239176
3/21/2024,Meta Ads,Shopping,EdTech,Canada,119731,2969,0.0248,0.56,1662.64,47,35.38,11619.48,6.99,3,21,2024,1,9956.84,0,Medium ROAS,0.12898219115279466,-0.831919014
10/12/2024,Meta Ads,Search,E-commerce,USA,61437,1087,0.0177,2.23,2424.01,80,30.3,11780.01,4.86,10,12,2024,4,9356,0,Medium ROAS,-0.073643595,-1.23682441
8/29/2024,Google Ads,Search,E-commerce,UAE,37827,2072,0.0548,0.81,1678.32,133,12.62,19268.21,11.48,8,29,2024,3,17589.89,2,High ROAS,1.2532362073523948,0.7780345815056315
6/24/2024,Google Ads,Display,SaaS,Germany,180848,5515,0.0305,3.32,18309.8,362,50.58,84316.14,4.6,6,24,2024,2,66006.34,0,Medium ROAS,-0.333204313,-0.425156044
2/19/2024,Google Ads,Video,Fintech,UAE,30545,1728,0.0566,1.73,2989.44,51,58.62,3408.09,1.14,2,19,2024,1,418.6500000000001,2,High ROAS,-0.610760492,1.1488449399049747
7/26/2024,TikTok Ads,Shopping,Fintech,UAE,21643,1142,0.0528,1.03,1176.26,81,14.52,18823.45,16,7,26,2024,3,17647.190000000002,2,High ROAS,1.6850679556724482,0.6201411284428345
2/6/2024,Meta Ads,Display,Healthcare,UK,58164,936,0.0161,0.88,823.68,13,63.36,1791.65,2.18,2,6,2024,1,967.9700000000001,0,Medium ROAS,-0.932442355,-1.188815511
4/9/2024,Meta Ads,Shopping,Fintech,UAE,69102,1354,0.0196,1.61,2179.94,89,24.49,14410.72,6.61,4,9,2024,2,12230.779999999999,0,Medium ROAS,0.22757608669513665,-1.165392903
8/1/2024,TikTok Ads,Shopping,Fintech,UK,164852,6445,0.0391,1.64,10569.8,471,22.44,43233.91,4.09,8,1,2024,3,32664.110000000004,0,Medium ROAS,0.16347952641142544,-0.017340628
10/24/2024,Google Ads,Shopping,Fintech,India,149064,5724,0.0384,1.32,7555.68,369,20.48,107029.4,14.17,10,24,2024,4,99473.72,2,High ROAS,1.2640775358352725,-0.172912564
7/6/2024,Meta Ads,Shopping,E-commerce,UK,80888,2070,0.0256,0.74,1531.8,71,21.57,19601.22,12.8,7,6,2024,3,18069.420000000002,0,Medium ROAS,0.9884056993729748,-0.894829634
12/16/2024,Meta Ads,Display,SaaS,USA,21471,753,0.0351,1.79,1347.87,28,48.14,7559,5.61,12,16,2024,4,6211.13,0,Medium ROAS,-0.144342051,-0.178208554
5/5/2024,Meta Ads,Shopping,Healthcare,India,160182,4901,0.0306,1.02,4999.02,88,56.81,22338.67,4.47,5,5,2024,2,17339.649999999998,0,Medium ROAS,-0.451607964,-0.396921223
4/1/2024,TikTok Ads,Display,EdTech,Canada,30226,1196,0.0396,1.46,1746.16,12,145.51,2625.21,1.5,4,1,2024,2,879.05,1,Low ROAS,-2.190682267,0.4553193172169157
7/12/2024,Google Ads,Search,SaaS,Australia,146677,7597,0.0518,1.42,10787.74,186,58,35941.14,3.33,7,12,2024,3,25153.4,0,Medium ROAS,-0.408779526,0.8455572359533641
6/24/2024,Meta Ads,Shopping,Healthcare,UAE,74859,1661,0.0222,1.35,2242.35,101,22.2,6046.11,2.7,6,24,2024,2,3803.7599999999998,0,Medium ROAS,-0.127472774,-0.980677439
5/2/2024,Google Ads,Display,SaaS,Australia,127232,3867,0.0304,2.95,11407.65,177,64.45,6676.28,0.59,5,2,2024,2,-4731.37,0,Medium ROAS,-0.995855751,-0.340923346
12/21/2024,Google Ads,Video,SaaS,UK,83243,2821,0.0339,3.03,8547.63,181,47.22,43894.09,5.14,12,21,2024,4,35346.46,0,Medium ROAS,-0.189264439,-0.245667171
5/20/2024,Meta Ads,Shopping,EdTech,UAE,85846,2274,0.0265,0.43,977.82,113,8.65,8382.57,8.57,5,20,2024,2,7404.75,0,Medium ROAS,0.7643802775154923,-0.840917922
2/3/2024,TikTok Ads,Display,Healthcare,USA,150227,8683,0.0578,1.7,14761.1,315,46.86,86296.01,5.85,2,3,2024,1,71534.90999999999,2,High ROAS,0.10030057040619525,1.1278333127101146
7/30/2024,Google Ads,Display,Healthcare,Canada,50411,1320,0.0262,2.68,3537.6,49,72.2,12873.07,3.64,7,30,2024,3,9335.47,0,Medium ROAS,-0.838709761,-0.590477712
1/17/2024,Google Ads,Shopping,Fintech,UK,100552,3861,0.0384,1.91,7374.51,57,129.38,14567.86,1.98,1,17,2024,1,7193.35,1,Low ROAS,-1.877035721,0.32624179814164267
7/2/2024,Google Ads,Display,Fintech,UAE,32428,603,0.0186,1.61,970.83,47,20.66,11645.06,11.99,7,2,2024,3,10674.23,0,Medium ROAS,0.8566616398911266,-1.294063336
11/13/2024,Google Ads,Search,Healthcare,USA,84517,1664,0.0197,2.4,3993.6,91,43.89,21828,5.47,11,13,2024,4,17834.4,0,Medium ROAS,-0.221264186,-1.081787038
3/21/2024,Meta Ads,Shopping,EdTech,Germany,160091,4210,0.0263,1.07,4504.7,322,13.99,62914.38,13.97,3,21,2024,1,58409.68,0,Medium ROAS,1.2473723123273002,-0.892545414
6/23/2024,Google Ads,Search,EdTech,UK,158778,7256,0.0457,1.5,10884,431,25.25,17905.23,1.65,6,23,2024,2,7021.23,0,Medium ROAS,-0.086532497,0.40014796583569856
4/16/2024,Google Ads,Search,Healthcare,Germany,145284,8121,0.0559,2.66,21601.86,503,42.95,135453.16,6.27,4,16,2024,2,113851.3,2,High ROAS,0.19467391865300038,1.000207159125229
2/4/2024,Meta Ads,Shopping,E-commerce,Germany,82665,2521,0.0305,0.64,1613.44,182,8.87,48413.75,30.01,2,4,2024,1,46800.31,2,High ROAS,3.078799752678816,-0.839513373
7/21/2024,TikTok Ads,Shopping,Fintech,UK,157973,12227,0.0774,0.53,6480.31,540,12,99930.16,15.42,7,21,2024,3,93449.85,2,High ROAS,1.8798892056583136,2.0407105572725435
4/9/2024,TikTok Ads,Display,Fintech,India,48898,3193,0.0653,0.89,2841.77,179,15.88,27594.33,9.71,4,9,2024,2,24752.56,2,High ROAS,1.100882055171993,1.4154073909847866
3/8/2024,Google Ads,Search,SaaS,USA,185923,7827,0.0421,3.68,28803.36,215,133.97,61106.18,2.12,3,8,2024,1,32302.82,1,Low ROAS,-1.907622066,0.5542506810793252
8/20/2024,TikTok Ads,Search,Healthcare,Canada,89688,6583,0.0734,0.34,2238.22,273,8.2,36559.47,16.33,8,20,2024,3,34321.25,2,High ROAS,2.0063222567220267,1.7867213851952473
8/15/2024,TikTok Ads,Search,Fintech,Canada,15273,464,0.0304,0.77,357.28,24,14.89,871.3,2.44,8,15,2024,3,514.02,0,Medium ROAS,0.039857489816798944,-0.528300049
3/10/2024,Google Ads,Shopping,SaaS,Australia,71107,2936,0.0413,2.67,7839.12,215,36.46,26952.54,3.44,3,10,2024,1,19113.420000000002,0,Medium ROAS,-0.123868103,0.16427528673605235
6/30/2024,Google Ads,Shopping,SaaS,UAE,79681,2916,0.0366,2.34,6823.44,184,37.08,46327.26,6.79,6,30,2024,2,39503.82,0,Medium ROAS,0.1815381247357715,-0.14152002
3/19/2024,Meta Ads,Video,Healthcare,UK,102148,1205,0.0118,1.31,1578.55,59,26.76,17697.95,11.21,3,19,2024,1,16119.400000000001,0,Medium ROAS,0.6112238855002706,-1.658364172
6/27/2024,Meta Ads,Search,Fintech,UK,115540,1686,0.0146,1.58,2663.88,87,30.62,20354.07,7.64,6,27,2024,2,17690.19,0,Medium ROAS,0.1900497673740702,-1.444957526
6/13/2024,Google Ads,Video,E-commerce,UAE,16766,846,0.0505,2.46,2081.16,34,61.21,7254.65,3.49,6,13,2024,2,5173.49,0,Medium ROAS,-0.457367499,0.7794917477326377
2/7/2024,Google Ads,Display,E-commerce,Germany,96931,5844,0.0603,1.12,6545.28,297,22.04,47765.4,7.3,2,7,2024,1,41220.12,2,High ROAS,0.6964889351587967,1.172958737577372
1/10/2024,Meta Ads,Search,SaaS,UK,175574,6935,0.0395,0.69,4785.15,515,9.29,69264.33,14.47,1,10,2024,1,64479.18,2,High ROAS,1.4949590920272642,-0.150330145
12/8/2024,TikTok Ads,Shopping,EdTech,Australia,175330,8766,0.05,0.73,6399.18,302,21.19,35245.68,5.51,12,8,2024,4,28846.5,2,High ROAS,0.43065970330793274,0.5936033162451119
12/30/2024,Google Ads,Shopping,E-commerce,UAE,45225,2211,0.0489,0.91,2012.01,156,12.9,38495.98,19.13,12,30,2024,4,36483.97,2,High ROAS,2.011908664672089,0.355415092663605
9/4/2024,Meta Ads,Shopping,Fintech,India,79992,1055,0.0132,1.52,1603.6,21,76.36,4912.79,3.06,9,4,2024,3,3309.19,0,Medium ROAS,-1.083938868,-1.322089079
9/17/2024,Meta Ads,Display,EdTech,Australia,23113,228,0.0099,0.6,136.8,17,8.05,2097.34,15.33,9,17,2024,3,1960.5400000000002,0,Medium ROAS,1.3501021582092771,-1.875813933
7/31/2024,Meta Ads,Search,EdTech,Germany,39754,1164,0.0293,1.35,1571.4,72,21.83,9221.61,5.87,7,31,2024,3,7650.210000000001,0,Medium ROAS,0.2781414287747975,-0.605378862
8/16/2024,Google Ads,Shopping,SaaS,UAE,89383,5631,0.063,3.67,20665.77,163,126.78,35918.24,1.74,8,16,2024,3,15252.469999999998,1,Low ROAS,-1.644650743,1.742882475752181
2/8/2024,TikTok Ads,Search,EdTech,USA,128900,10273,0.0797,0.84,8629.32,238,36.26,11417.91,1.32,2,8,2024,1,2788.59,2,High ROAS,-0.01229867,2.407435636172932
8/18/2024,Google Ads,Display,EdTech,Canada,179159,6593,0.0368,2.23,14702.39,459,32.03,76527.74,5.21,8,18,2024,3,61825.350000000006,0,Medium ROAS,0.10046753131460645,-0.130015992
3/30/2024,TikTok Ads,Display,SaaS,India,15739,1205,0.0766,0.46,554.3,60,9.24,6092.69,10.99,3,30,2024,1,5538.389999999999,2,High ROAS,1.4478443838442,2.032779808256843
3/20/2024,Meta Ads,Shopping,Fintech,Australia,25243,580,0.023,1.98,1148.4,13,88.34,3883.09,3.38,3,20,2024,1,2734.69,1,Low ROAS,-1.167362338,-0.718226046
6/7/2024,TikTok Ads,Video,Fintech,Canada,196745,13240,0.0673,1.63,21581.2,761,28.36,195233.42,9.05,6,7,2024,2,173652.22,2,High ROAS,0.8367909796331073,1.5803591795762328
11/22/2024,Meta Ads,Search,E-commerce,Germany,23186,512,0.0221,2.11,1080.32,26,41.55,2663.68,2.47,11,22,2024,4,1583.36,0,Medium ROAS,-0.480291543,-0.918600022
10/26/2024,Google Ads,Shopping,SaaS,USA,189480,6290,0.0332,3.55,22329.5,204,109.46,44620.04,2,10,26,2024,4,22290.54,1,Low ROAS,-1.583030001,-0.042049824
11/11/2024,Meta Ads,Video,Fintech,UK,112518,1597,0.0142,1.08,1724.76,105,16.43,25379.08,14.71,11,11,2024,4,23654.320000000003,0,Medium ROAS,1.179657190952917,-1.592116921
8/12/2024,Google Ads,Video,E-commerce,USA,116789,6586,0.0564,2.69,17716.34,220,80.53,34309.56,1.94,8,12,2024,3,16593.219999999998,1,Low ROAS,-0.89807632,1.20270619973266
4/26/2024,TikTok Ads,Search,SaaS,Germany,42575,2188,0.0514,1.8,3938.4,63,62.51,13519.27,3.43,4,26,2024,2,9580.87,0,Medium ROAS,-0.477929697,0.8365855142883549
7/23/2024,TikTok Ads,Video,Fintech,Canada,51557,2882,0.0559,1.25,3602.5,135,26.69,6028.08,1.67,7,23,2024,3,2425.58,2,High ROAS,-0.0200619,0.9947584665540544
1/6/2024,Meta Ads,Video,Healthcare,Australia,131681,1725,0.0131,0.79,1362.75,108,12.62,31291.1,22.96,1,6,2024,1,29928.35,0,Medium ROAS,2.113188857144223,-1.757385054
5/11/2024,Google Ads,Search,SaaS,Canada,89833,4536,0.0505,3.74,16964.64,166,102.2,42497.44,2.51,5,11,2024,2,25532.800000000003,1,Low ROAS,-1.255398475,0.9285478995704678
12/9/2024,Meta Ads,Shopping,Fintech,USA,116161,4379,0.0377,1.77,7750.83,264,29.36,18090.29,2.33,12,9,2024,4,10339.460000000001,0,Medium ROAS,-0.153240849,-0.055994085
1/9/2024,Google Ads,Search,SaaS,Australia,53544,1670,0.0312,1.41,2354.7,20,117.73,4659.21,1.98,1,9,2024,1,2304.51,1,Low ROAS,-1.742504652,-0.129567443
12/13/2024,Meta Ads,Shopping,Fintech,Canada,107126,3631,0.0339,1.08,3921.48,260,15.08,19151.86,4.88,12,13,2024,4,15230.380000000001,0,Medium ROAS,0.32694101280919935,-0.351475388
10/29/2024,Google Ads,Shopping,EdTech,USA,182395,8517,0.0467,3.45,29383.65,517,56.83,27133.78,0.92,10,29,2024,4,-2249.87,0,Medium ROAS,-0.689998998,0.5725555053038689
10/15/2024,Meta Ads,Video,SaaS,USA,39253,1122,0.0286,1.25,1402.5,81,17.31,15452.61,11.02,10,15,2024,4,14050.11,0,Medium ROAS,0.897017796169068,-0.716554338
2/26/2024,TikTok Ads,Search,E-commerce,Canada,109794,3886,0.0354,1.61,6256.46,73,85.7,9808.76,1.57,2,26,2024,1,3552.3,1,Low ROAS,-1.207608308,0.009534648896852564
11/9/2024,Google Ads,Video,E-commerce,UAE,27612,963,0.0349,3.3,3177.9,75,42.37,12575.02,3.96,11,9,2024,4,9397.12,0,Medium ROAS,-0.224162083,-0.191519985
10/13/2024,Meta Ads,Search,E-commerce,India,61994,1847,0.0298,0.8,1477.6,147,10.05,5622.21,3.8,10,13,2024,4,4144.610000000001,0,Medium ROAS,0.26138478779693985,-0.593992319
10/5/2024,Google Ads,Search,E-commerce,UAE,48953,2447,0.05,1.11,2716.17,144,18.86,17526.62,6.45,10,5,2024,4,14810.449999999999,2,High ROAS,0.5701993398139398,0.5756154468205658
4/18/2024,Google Ads,Search,E-commerce,Germany,13484,382,0.0284,1.34,511.88,23,22.26,1623.76,3.17,4,18,2024,2,1111.88,0,Medium ROAS,-0.024511928,-0.626928945
11/16/2024,TikTok Ads,Display,EdTech,UK,13255,709,0.0535,1.32,935.88,37,25.29,11059.11,11.82,11,16,2024,4,10123.230000000001,2,High ROAS,1.0637295026401494,0.7419990276421584
11/8/2024,Meta Ads,Video,EdTech,Australia,162889,4658,0.0286,1.11,5170.38,332,15.57,57094.6,11.04,11,8,2024,4,51924.22,0,Medium ROAS,0.9285932786016029,-0.722649258
10/28/2024,TikTok Ads,Shopping,Healthcare,UAE,21972,1915,0.0872,1.05,2010.75,36,55.85,2412.15,1.2,10,28,2024,4,401.4000000000001,2,High ROAS,-0.291366802,2.908718279354985
8/20/2024,TikTok Ads,Shopping,SaaS,Canada,186136,13885,0.0746,0.95,13190.75,891,14.8,133397.7,10.11,8,20,2024,3,120206.95000000001,2,High ROAS,1.2426404537420135,1.9453583458016765
4/28/2024,Google Ads,Display,Healthcare,UAE,135171,5231,0.0387,1.78,9311.18,149,62.49,19918.92,2.14,4,28,2024,2,10607.739999999998,0,Medium ROAS,-0.725427664,0.1158407040912786
3/27/2024,Meta Ads,Search,Fintech,India,176656,2897,0.0164,1.87,5417.39,86,62.99,23130.95,4.27,3,27,2024,1,17713.56,0,Medium ROAS,-0.700987396,-1.195202558
2/6/2024,Google Ads,Display,Healthcare,USA,51678,2966,0.0574,2.58,7652.28,192,39.86,21240.9,2.78,2,6,2024,1,13588.620000000003,2,High ROAS,-0.111673582,1.1140769723959094
8/11/2024,Meta Ads,Search,SaaS,Germany,26491,423,0.016,0.95,401.85,28,14.35,3219.77,8.01,8,11,2024,3,2817.92,0,Medium ROAS,0.5169626876426716,-1.422942628
9/15/2024,Meta Ads,Shopping,Healthcare,UK,174862,3846,0.022,0.45,1730.7,299,5.79,67036.78,38.73,9,15,2024,3,65306.08,2,High ROAS,3.9856750184198426,-1.435381953
10/13/2024,Meta Ads,Video,E-commerce,Germany,77353,1895,0.0245,1.69,3202.55,73,43.87,9316.26,2.91,10,13,2024,4,6113.71,0,Medium ROAS,-0.451819533,-0.776680769
3/17/2024,Meta Ads,Shopping,EdTech,UAE,108726,2968,0.0273,2.32,6885.76,49,140.53,2393.62,0.35,3,17,2024,1,-4492.14,1,Low ROAS,-2.335854913,-0.260556802
6/28/2024,Google Ads,Search,Fintech,UK,196883,10119,0.0514,1.48,14976.12,636,23.55,121588.49,8.12,6,28,2024,2,106612.37000000001,2,High ROAS,0.6808622613619484,0.654469222815559
12/23/2024,Google Ads,Search,EdTech,UAE,180627,8074,0.0447,1.58,12756.92,266,47.96,72041.28,5.65,12,23,2024,4,59284.36,0,Medium ROAS,-0.053544889,0.37600901119313435
2/25/2024,Google Ads,Video,SaaS,India,85196,2572,0.0302,2.29,5889.88,34,173.23,8900.58,1.51,2,25,2024,1,3010.7,1,Low ROAS,-2.740466037,0.005193335613680892
3/18/2024,Google Ads,Video,E-commerce,Australia,74098,1911,0.0258,2.85,5446.35,91,59.85,9234.96,1.7,3,18,2024,1,3788.6099999999988,0,Medium ROAS,-0.839802789,-0.634471361
1/7/2024,TikTok Ads,Search,Healthcare,UK,166711,13670,0.082,1.5,20505,592,34.64,43676.76,2.13,1,7,2024,1,23171.760000000002,2,High ROAS,0.12138396017730956,2.5262759043184935
9/18/2024,Google Ads,Video,Healthcare,UAE,141501,6452,0.0456,2.97,19162.44,193,99.29,47970.13,2.5,9,18,2024,3,28807.69,1,Low ROAS,-1.249833676,0.635410151850567
3/30/2024,Google Ads,Video,Fintech,UAE,81303,4154,0.0511,1.95,8100.3,121,66.94,35667.19,4.4,3,30,2024,1,27566.890000000003,0,Medium ROAS,-0.452201576,0.8237661301574442
1/13/2024,TikTok Ads,Shopping,SaaS,India,83871,6382,0.0761,1.05,6701.1,196,34.19,31406.57,4.69,1,13,2024,1,24705.47,2,High ROAS,0.3503262863945832,2.1559583266337117
11/5/2024,Meta Ads,Video,Healthcare,Germany,178013,1886,0.0106,1.14,2150.04,83,25.9,22320.49,10.38,11,5,2024,4,20170.45,0,Medium ROAS,0.5269462287047983,-1.721746419
9/10/2024,Meta Ads,Search,EdTech,India,160341,2228,0.0139,0.86,1916.08,70,27.37,6302.54,3.29,9,10,2024,3,4386.46,0,Medium ROAS,-0.224313256,-1.449620944
6/15/2024,Google Ads,Shopping,E-commerce,USA,138135,7721,0.0559,1.66,12816.86,112,114.44,4652.6,0.36,6,15,2024,2,-8164.26,1,Low ROAS,-1.644542963,1.305374419969156
10/9/2024,Meta Ads,Display,E-commerce,Germany,72500,1341,0.0185,1.55,2078.55,30,69.29,5770.13,2.78,10,9,2024,4,3691.58,0,Medium ROAS,-0.948021311,-1.036419141
1/28/2024,TikTok Ads,Display,Healthcare,India,104626,9144,0.0874,1.1,10058.4,389,25.86,83739.39,8.33,1,28,2024,1,73680.99,2,High ROAS,0.9772273641081148,2.7422262487297693
11/4/2024,Google Ads,Shopping,Fintech,India,70107,4045,0.0577,2.72,11002.4,203,54.2,22267.98,2.02,11,4,2024,4,11265.58,2,High ROAS,-0.432675722,1.188063361502494
2/22/2024,Meta Ads,Search,EdTech,USA,63952,1451,0.0227,2.24,3250.24,86,37.79,25126.44,7.73,2,22,2024,1,21876.199999999997,0,Medium ROAS,0.1487446338207392,-0.953200006
4/5/2024,Meta Ads,Shopping,E-commerce,UK,43148,979,0.0227,1.11,1086.69,71,15.31,7719.69,7.1,4,5,2024,2,6633,0,Medium ROAS,0.4620719559919898,-1.022384428
3/6/2024,Google Ads,Shopping,SaaS,UAE,193326,12334,0.0638,1.28,15787.52,715,22.08,196162.94,12.43,3,6,2024,1,180375.42,2,High ROAS,1.2725951740109114,1.3203319732805687
1/22/2024,Meta Ads,Search,Fintech,USA,80507,2318,0.0288,0.71,1645.78,119,13.83,23887.12,14.51,1,22,2024,1,22241.34,0,Medium ROAS,1.3293322760123873,-0.754298536
1/27/2024,Meta Ads,Search,Fintech,Canada,128556,4910,0.0382,0.88,4320.8,55,78.56,10684.27,2.47,1,27,2024,1,6363.47,1,Low ROAS,-0.966578936,0.1376732068394513
8/10/2024,Meta Ads,Search,Healthcare,UK,29055,912,0.0314,1.47,1340.64,41,32.7,6404.23,4.78,8,10,2024,3,5063.589999999999,0,Medium ROAS,-0.003629301,-0.435456759
4/3/2024,Meta Ads,Video,SaaS,UAE,172517,3191,0.0185,1.81,5775.71,96,60.16,13225.69,2.29,4,3,2024,2,7449.9800000000005,0,Medium ROAS,-0.84570199,-1.061998339
1/18/2024,Meta Ads,Video,Fintech,Canada,84712,1473,0.0174,2.27,3343.71,74,45.19,3310.43,0.99,1,18,2024,1,-33.28,0,Medium ROAS,-0.740385615,-1.162219225
12/2/2024,Google Ads,Video,Fintech,India,115760,2558,0.0221,3.19,8160.02,164,49.76,37092.55,4.55,12,2,2024,4,28932.530000000002,0,Medium ROAS,-0.397707393,-0.913238131
4/16/2024,Google Ads,Search,Fintech,Germany,187831,7306,0.0389,1.37,10009.22,321,31.18,91963.37,9.19,4,16,2024,2,81954.15,0,Medium ROAS,0.5569844783989616,-0.054250998
1/18/2024,Meta Ads,Video,Fintech,UK,72278,2421,0.0335,1.29,3123.09,26,120.12,5625.44,1.8,1,18,2024,1,2502.3499999999995,1,Low ROAS,-1.782116772,0.013475667260478654
10/21/2024,Google Ads,Search,EdTech,USA,121107,3148,0.026,2.39,7523.72,243,30.96,33241.31,4.42,10,21,2024,4,25717.589999999997,0,Medium ROAS,-0.059487458,-0.749794478
8/19/2024,Google Ads,Shopping,Fintech,India,112930,2427,0.0215,0.95,2305.65,53,43.5,10549.62,4.58,8,19,2024,3,8243.970000000001,0,Medium ROAS,-0.293794529,-0.969417916
12/14/2024,Google Ads,Video,SaaS,Canada,94767,4662,0.0492,2.9,13519.8,136,99.41,33757.52,2.5,12,14,2024,4,20237.719999999998,1,Low ROAS,-1.220555241,0.8440367301555817
10/28/2024,TikTok Ads,Display,E-commerce,India,189933,13295,0.07,1.03,13693.85,284,48.22,45485.98,3.32,10,28,2024,4,31792.130000000005,2,High ROAS,-0.086055389,1.8652900046563246
9/21/2024,Meta Ads,Shopping,Fintech,Canada,17281,793,0.0459,1.18,935.74,46,20.34,12594.97,13.46,9,21,2024,3,11659.23,2,High ROAS,1.2560593070655746,0.26804791280187135
3/11/2024,Google Ads,Video,Fintech,UK,41388,964,0.0233,3.04,2930.56,72,40.7,19679.4,6.72,3,11,2024,1,16748.84,0,Medium ROAS,-0.002846954,-0.897795513
11/9/2024,Google Ads,Shopping,EdTech,USA,52083,2781,0.0534,2.64,7341.84,160,45.89,39686.47,5.41,11,9,2024,4,32344.63,2,High ROAS,0.031588947536942115,0.8747975320092788
12/2/2024,Google Ads,Video,E-commerce,UAE,110109,2378,0.0216,3.19,7585.82,41,185.02,6931.99,0.91,12,2,2024,4,-653.83,1,Low ROAS,-3.078678545,-0.445927495
7/26/2024,TikTok Ads,Display,Fintech,Canada,73743,1991,0.027,1.77,3524.07,155,22.74,29721.14,8.43,7,26,2024,3,26197.07,0,Medium ROAS,0.5153780491203361,-0.762879717
7/28/2024,Google Ads,Shopping,Healthcare,Australia,79189,4315,0.0545,0.92,3969.8,197,20.15,21995.7,5.54,7,28,2024,3,18025.9,2,High ROAS,0.4905907448362869,0.8500425507316685
12/13/2024,Meta Ads,Search,Fintech,USA,179943,4174,0.0232,2.2,9182.8,289,31.77,32129.87,3.5,12,13,2024,4,22947.07,0,Medium ROAS,-0.195526172,-0.899107844
3/8/2024,Google Ads,Search,E-commerce,Canada,22414,472,0.0211,2.51,1184.72,34,34.84,7160.99,6.04,3,8,2024,1,5976.2699999999995,0,Medium ROAS,0.0047668321757449485,-1.0375267
11/7/2024,Meta Ads,Video,SaaS,Australia,107299,2585,0.0241,1.32,3412.2,110,31.02,23820.26,6.98,11,7,2024,4,20408.059999999998,0,Medium ROAS,0.1956122476995612,-0.887031934
4/3/2024,TikTok Ads,Shopping,SaaS,Australia,68815,3172,0.0461,0.79,2505.88,76,32.97,2602.57,1.04,4,3,2024,2,96.69000000000005,0,Medium ROAS,-0.278661743,0.4559343023912764
10/24/2024,Google Ads,Display,EdTech,Germany,164457,8321,0.0506,1.76,14644.96,610,24.01,27104.12,1.85,10,24,2024,4,12459.16,0,Medium ROAS,-0.001633164,0.6772178365660263
11/17/2024,Google Ads,Display,E-commerce,India,105477,6391,0.0606,1.84,11759.44,116,101.37,17001.07,1.45,11,17,2024,4,5241.629999999999,1,Low ROAS,-1.266402786,1.5213246757786343
12/5/2024,Google Ads,Video,Fintech,UK,160816,9745,0.0606,1.22,11888.9,553,21.5,62922.41,5.29,12,5,2024,4,51033.51,2,High ROAS,0.4941718006728873,1.210113468446159
9/2/2024,Google Ads,Display,Healthcare,UK,23904,609,0.0255,1.66,1010.94,35,28.88,7211.31,7.13,9,2,2024,3,6200.370000000001,0,Medium ROAS,0.259977558120207,-0.814902455
12/30/2024,Meta Ads,Display,SaaS,USA,60448,1493,0.0247,2.29,3418.97,89,38.42,24577.78,7.19,12,30,2024,4,21158.809999999998,0,Medium ROAS,0.09796745140860119,-0.829582333
8/24/2024,TikTok Ads,Video,Fintech,UAE,138332,9558,0.0691,0.35,3345.3,195,17.16,26087.06,7.8,8,24,2024,3,22741.760000000002,2,High ROAS,0.9088550511597772,1.6600733279792792
3/12/2024,Google Ads,Video,SaaS,India,112399,3585,0.0319,3.11,11149.35,91,122.52,20140.14,1.81,3,12,2024,1,8990.789999999999,1,Low ROAS,-1.835581421,-0.071064679
2/16/2024,Google Ads,Video,E-commerce,Germany,180069,5780,0.0321,1.47,8496.6,272,31.24,74348.97,8.75,2,16,2024,1,65852.37,0,Medium ROAS,0.44996970874248876,-0.442620309
9/27/2024,Meta Ads,Shopping,Fintech,USA,155354,3371,0.0217,1.27,4281.17,100,42.81,7916.95,1.85,9,27,2024,3,3635.7799999999997,0,Medium ROAS,-0.571122774,-0.930806735
5/15/2024,Meta Ads,Shopping,Fintech,UAE,163564,1946,0.0119,0.66,1284.36,72,17.84,6787.22,5.28,5,15,2024,2,5502.860000000001,0,Medium ROAS,0.13150053195581937,-1.61891512
1/11/2024,TikTok Ads,Display,Fintech,UK,146587,5995,0.0409,1.52,9112.4,161,56.6,27684.26,3.04,1,11,2024,1,18571.86,0,Medium ROAS,-0.510769853,0.21349968421605867
3/29/2024,Google Ads,Display,Healthcare,USA,79843,2427,0.0304,1.43,3470.61,127,27.33,27833.99,8.02,3,29,2024,1,24363.38,0,Medium ROAS,0.4236077488824777,-0.54630456
10/11/2024,Meta Ads,Video,SaaS,Canada,128245,2949,0.023,1.59,4688.91,85,55.16,8616.72,1.84,10,11,2024,4,3927.8099999999995,0,Medium ROAS,-0.769876957,-0.813775705
9/26/2024,Google Ads,Shopping,Fintech,Australia,161252,8046,0.0499,3.05,24540.3,550,44.62,130994.6,5.34,9,26,2024,3,106454.3,2,High ROAS,0.015186327691017066,0.6688220558396089
1/24/2024,TikTok Ads,Shopping,SaaS,Germany,107262,5127,0.0478,1.24,6357.48,343,18.53,93405.13,14.69,1,24,2024,1,87047.65000000001,2,High ROAS,1.4342083463101678,0.3585912432351781
5/24/2024,Meta Ads,Video,SaaS,Germany,22139,458,0.0207,0.43,196.94,8,24.62,2367.39,12.02,5,24,2024,2,2170.45,0,Medium ROAS,0.811106439476089,-1.159542413
4/17/2024,Meta Ads,Shopping,SaaS,India,30618,719,0.0235,1.27,913.13,40,22.83,6289.61,6.89,4,17,2024,2,5376.48,0,Medium ROAS,0.3194059415436509,-0.948442268
12/12/2024,Google Ads,Search,Healthcare,Canada,78606,3914,0.0498,1.23,4814.22,88,54.71,6101.96,1.27,12,12,2024,4,1287.7399999999998,0,Medium ROAS,-0.589887312,0.7409271765974044
2/22/2024,Google Ads,Display,SaaS,Germany,31885,1613,0.0506,1.01,1629.13,67,24.32,19023.45,11.68,2,22,2024,1,17394.32,2,High ROAS,1.0400132854989506,0.5724940134123067
8/18/2024,TikTok Ads,Shopping,EdTech,Canada,11713,334,0.0286,1.46,487.64,13,37.51,2344.33,4.81,8,18,2024,3,1856.69,0,Medium ROAS,-0.106184034,-0.581475586
4/4/2024,Meta Ads,Shopping,E-commerce,UK,26637,479,0.018,0.83,397.57,35,11.36,1488.52,3.74,4,4,2024,2,1090.95,0,Medium ROAS,0.1302016118133079,-1.271422461
7/30/2024,Google Ads,Display,EdTech,India,44387,1886,0.0425,2.81,5299.66,112,47.32,16115.2,3.04,7,30,2024,3,10815.54,0,Medium ROAS,-0.339812071,0.2746838887843925
1/3/2024,Meta Ads,Search,E-commerce,UK,91392,2705,0.0296,2.04,5518.2,87,63.43,12147.08,2.2,1,3,2024,1,6628.88,0,Medium ROAS,-0.814087606,-0.40796512
9/24/2024,TikTok Ads,Search,EdTech,UK,31727,2233,0.0704,0.46,1027.18,74,13.88,9946.57,9.68,9,24,2024,3,8919.39,2,High ROAS,1.1758870912789998,1.7039517597607339
8/23/2024,Meta Ads,Shopping,SaaS,Germany,154676,1624,0.0105,1.69,2744.56,26,105.56,1813.36,0.66,8,23,2024,3,-931.2,1,Low ROAS,-1.857162787,-1.353759617
8/14/2024,Meta Ads,Shopping,E-commerce,UK,122710,5129,0.0418,1.02,5231.58,157,33.32,24344.87,4.65,8,14,2024,3,19113.29,0,Medium ROAS,0.06248234095020357,0.16956468619795242
12/22/2024,TikTok Ads,Search,EdTech,Canada,194117,16422,0.0846,1.33,21841.26,1133,19.28,121361.12,5.56,12,22,2024,4,99519.86,2,High ROAS,0.7692228319937909,2.587847080052042
2/3/2024,TikTok Ads,Shopping,Healthcare,Australia,23043,1534,0.0666,1.36,2086.24,119,17.53,6284.67,3.01,2,3,2024,1,4198.43,2,High ROAS,0.3707174091030097,1.5682663128352257
2/23/2024,Google Ads,Search,Fintech,USA,21198,703,0.0332,1.96,1377.88,28,49.21,6226.83,4.52,2,23,2024,1,4848.95,0,Medium ROAS,-0.295058333,-0.272758863
6/20/2024,Meta Ads,Display,Healthcare,India,132208,3133,0.0237,1.57,4918.81,183,26.88,53669.78,10.91,6,20,2024,2,48750.97,0,Medium ROAS,0.6807374000110965,-0.966444307
2/16/2024,Meta Ads,Shopping,Fintech,India,19040,784,0.0412,1.93,1513.12,39,38.8,5591.9,3.7,2,16,2024,1,4078.7799999999997,0,Medium ROAS,-0.136646972,0.16360096048067024
3/15/2024,Google Ads,Display,Healthcare,India,157270,5535,0.0352,1,5535,356,15.55,86412.59,15.61,3,15,2024,1,80877.59,2,High ROAS,1.4730356861689353,-0.390151653
1/7/2024,Google Ads,Video,E-commerce,UK,33433,1698,0.0508,2.93,4975.14,60,82.92,4216.81,0.85,1,7,2024,1,-758.33,1,Low ROAS,-1.103309414,0.8986113680621796
3/27/2024,Meta Ads,Video,Fintech,Germany,94786,2682,0.0283,1.5,4023,155,25.95,6510.51,1.62,3,27,2024,1,2487.51,0,Medium ROAS,-0.252900971,-0.603565718
4/25/2024,Meta Ads,Display,E-commerce,Australia,144895,2158,0.0149,1.92,4143.36,151,27.44,25541.81,6.16,4,25,2024,2,21398.45,0,Medium ROAS,0.08885340943124678,-1.422426578
12/10/2024,Meta Ads,Display,Fintech,Germany,57996,1705,0.0294,2.04,3478.2,127,27.39,26935.06,7.74,12,10,2024,4,23456.86,0,Medium ROAS,0.3840754705588875,-0.600928184
9/2/2024,Google Ads,Shopping,Healthcare,Canada,154631,4793,0.031,3.14,15050.02,155,97.1,15403.3,1.02,9,2,2024,3,353.27999999999884,1,Low ROAS,-1.497368627,-0.200517459
2/28/2024,Meta Ads,Video,SaaS,Germany,56209,1405,0.025,2.39,3357.95,94,35.72,20195.05,6.01,2,28,2024,1,16837.1,0,Medium ROAS,0.020598123593336872,-0.80865741
7/6/2024,TikTok Ads,Video,SaaS,Canada,187411,15667,0.0836,0.43,6736.81,996,6.76,51799.95,7.69,7,6,2024,3,45063.14,2,High ROAS,1.1992424275136102,2.4647820309245896
9/10/2024,Google Ads,Video,Fintech,India,46583,2319,0.0498,2.76,6400.44,50,128.01,11413.39,1.78,9,10,2024,3,5012.95,1,Low ROAS,-1.776005912,0.9831311309823783
3/9/2024,Meta Ads,Display,E-commerce,Canada,17438,371,0.0213,1.63,604.73,19,31.83,902.7,1.49,3,9,2024,1,297.97,0,Medium ROAS,-0.427130297,-0.98717184
3/11/2024,Google Ads,Video,SaaS,UAE,122784,6237,0.0508,2.69,16777.53,134,125.21,15407.61,0.92,3,11,2024,1,-1369.92,1,Low ROAS,-1.811515161,1.0407623531912005
9/8/2024,Meta Ads,Shopping,EdTech,Germany,151730,2063,0.0136,0.74,1526.62,32,47.71,6146.93,4.03,9,8,2024,3,4620.31,0,Medium ROAS,-0.492320138,-1.406203262
8/20/2024,Google Ads,Search,Fintech,India,83498,3531,0.0423,1.03,3636.93,234,15.54,36561.1,10.05,8,20,2024,3,32924.17,2,High ROAS,0.9428149527288202,0.0802987136010367
10/21/2024,TikTok Ads,Shopping,Fintech,UK,194060,11721,0.0604,1.73,20277.33,504,40.23,76238.77,3.76,10,21,2024,4,55961.44,2,High ROAS,0.012525735952996043,1.2782999686581473
3/17/2024,Google Ads,Shopping,E-commerce,Germany,30118,951,0.0316,3.28,3119.28,30,103.98,2408.76,0.77,3,17,2024,1,-710.52,1,Low ROAS,-1.635203505,-0.13987539
3/5/2024,Meta Ads,Search,Healthcare,USA,88904,1724,0.0194,1,1724,59,29.22,8894.16,5.16,3,5,2024,1,7170.16,0,Medium ROAS,-0.008632283,-1.145375286
12/18/2024,Google Ads,Display,Healthcare,Australia,119911,4592,0.0383,2.83,12995.36,163,79.73,24856.01,1.91,12,18,2024,4,11860.649999999998,1,Low ROAS,-1.045148645,0.15343636131621832
5/22/2024,Meta Ads,Search,EdTech,UK,184702,5134,0.0278,2.01,10319.34,70,147.42,16883.49,1.64,5,22,2024,2,6564.1500000000015,1,Low ROAS,-2.31071911,-0.222235348
4/11/2024,Meta Ads,Video,Fintech,USA,5209,198,0.0381,0.7,138.6,3,46.2,490.6,3.54,4,11,2024,2,352,0,Medium ROAS,-0.30587553,0.011026782339832113
6/19/2024,Meta Ads,Display,E-commerce,India,88717,816,0.0092,1.87,1525.92,46,33.17,4879.02,3.2,6,19,2024,2,3353.1000000000004,0,Medium ROAS,-0.372925703,-1.700897666
8/6/2024,Google Ads,Shopping,E-commerce,India,146788,6003,0.0409,2.42,14527.26,476,30.52,104420.05,7.19,8,6,2024,3,89892.79000000001,0,Medium ROAS,0.37254794478164743,0.08071725585072449
1/30/2024,Google Ads,Video,SaaS,Australia,89052,2591,0.0291,3.66,9483.06,190,49.91,12653.72,1.33,1,30,2024,1,3170.66,0,Medium ROAS,-0.682296055,-0.473209552
10/29/2024,Google Ads,Shopping,E-commerce,Germany,46971,2437,0.0519,2.04,4971.48,141,35.26,14817.7,2.98,10,29,2024,4,9846.220000000001,2,High ROAS,-0.060362676,0.7782653383886166
9/26/2024,Meta Ads,Shopping,E-commerce,UK,185419,7750,0.0418,1.38,10695,400,26.74,13470.33,1.26,9,26,2024,3,2775.33,0,Medium ROAS,-0.187200465,0.1838064820572902
6/27/2024,Google Ads,Display,EdTech,UAE,36391,1684,0.0463,3.59,6045.56,18,335.86,4868.51,0.81,6,27,2024,2,-1177.05,1,Low ROAS,-5.42713207,1.4934872356119024
4/3/2024,Google Ads,Display,EdTech,India,169575,3730,0.022,2.71,10108.3,284,35.59,8952.89,0.89,4,3,2024,2,-1155.41,0,Medium ROAS,-0.548571581,-0.927522776
7/24/2024,Google Ads,Video,E-commerce,UK,146656,5719,0.039,1.75,10008.25,357,28.03,62250.35,6.22,7,24,2024,3,52242.1,0,Medium ROAS,0.2948564231899665,-0.027154028
5/25/2024,Google Ads,Display,Fintech,Germany,116972,6269,0.0536,2.83,17741.27,83,213.75,8852.61,0.5,5,25,2024,2,-8888.66,1,Low ROAS,-3.330228812,1.5064211125438618
11/17/2024,Meta Ads,Search,SaaS,Canada,45664,516,0.0113,1.67,861.72,34,25.34,7132.56,8.28,11,17,2024,4,6270.84,0,Medium ROAS,0.31886136645426555,-1.66055519
12/15/2024,Meta Ads,Shopping,SaaS,UK,125759,2804,0.0223,1.75,4907,164,29.92,46752.65,9.53,12,15,2024,4,41845.65,0,Medium ROAS,0.47014697969267194,-1.022297682
3/24/2024,Google Ads,Shopping,EdTech,UAE,26529,1106,0.0417,1.78,1968.68,78,25.24,2995.39,1.52,3,24,2024,1,1026.7099999999998,0,Medium ROAS,-0.13499619,0.17015622564853441
12/13/2024,TikTok Ads,Shopping,EdTech,India,114863,5766,0.0502,1.63,9398.58,89,105.6,22499.92,2.39,12,13,2024,4,13101.339999999998,1,Low ROAS,-1.328324701,0.923976454512684
10/24/2024,Meta Ads,Display,Healthcare,USA,171353,5534,0.0323,1.86,10293.24,221,46.58,52725.19,5.12,10,24,2024,4,42431.950000000004,0,Medium ROAS,-0.194479091,-0.340157327
12/22/2024,Meta Ads,Shopping,EdTech,UK,49522,1554,0.0314,1.71,2657.34,23,115.54,1909.73,0.72,12,22,2024,4,-747.61,1,Low ROAS,-1.837894232,-0.111842268
5/3/2024,Google Ads,Search,Healthcare,India,136135,7936,0.0583,1.36,10792.96,406,26.58,40442.85,3.75,5,3,2024,2,29649.89,2,High ROAS,0.22419183605285287,1.1108198955587565
5/11/2024,Meta Ads,Video,Healthcare,UK,172108,6109,0.0355,2.28,13928.52,435,32.02,13163.33,0.95,5,11,2024,2,-765.19,0,Medium ROAS,-0.364358237,-0.159402887
10/24/2024,TikTok Ads,Video,EdTech,India,193151,12168,0.063,1.13,13749.84,612,22.47,109401,7.96,10,24,2024,4,95651.16,2,High ROAS,0.7829838763497466,1.323475944244217
6/21/2024,TikTok Ads,Display,EdTech,Canada,102519,4285,0.0418,1.2,5142,137,37.53,26733.75,5.2,6,21,2024,2,21591.75,0,Medium ROAS,0.049812658517381946,0.17787287000110794
9/6/2024,Google Ads,Shopping,Healthcare,Germany,36092,1050,0.0291,3.68,3864,34,113.65,1685.69,0.44,9,6,2024,3,-2178.31,1,Low ROAS,-1.855733342,-0.248246178
9/1/2024,TikTok Ads,Video,EdTech,Australia,6628,261,0.0395,1.28,334.08,11,30.37,2224.48,6.66,9,1,2024,3,1890.4,0,Medium ROAS,0.3064657008306647,0.004938349094161741
3/23/2024,Meta Ads,Video,SaaS,UK,28593,694,0.0243,1.58,1096.52,7,156.65,2098,1.91,3,23,2024,1,1001.48,1,Low ROAS,-2.468600104,-0.396388184
6/3/2024,Meta Ads,Search,EdTech,Germany,186845,4204,0.0225,1.81,7609.24,275,27.67,24004.25,3.15,6,3,2024,2,16395.010000000002,0,Medium ROAS,-0.169505929,-0.949683766
8/14/2024,Meta Ads,Search,Fintech,USA,25930,609,0.0235,0.55,334.95,7,47.85,509.29,1.52,8,14,2024,3,174.34000000000003,0,Medium ROAS,-0.675903488,-0.806114468
10/26/2024,Google Ads,Display,Fintech,UAE,114914,3803,0.0331,2.69,10230.07,224,45.67,67007.76,6.55,10,26,2024,4,56777.689999999995,0,Medium ROAS,-0.019827214,-0.312347883
9/27/2024,Google Ads,Display,EdTech,Australia,34652,866,0.025,1.57,1359.62,43,31.62,2728.57,2.01,9,27,2024,3,1368.9500000000003,0,Medium ROAS,-0.336017808,-0.779471692
2/21/2024,Google Ads,Display,EdTech,India,136585,5668,0.0415,2.89,16380.52,120,136.5,20065.19,1.22,2,21,2024,1,3684.6699999999983,1,Low ROAS,-2.051504444,0.5377804645093305
11/23/2024,Google Ads,Display,Healthcare,Canada,192822,6228,0.0323,3.35,20863.8,87,239.81,18207.05,0.87,11,23,2024,4,-2656.75,1,Low ROAS,-3.917075164,0.3585257745994261
12/30/2024,Google Ads,Search,Healthcare,UK,63738,1306,0.0205,0.93,1214.58,87,13.96,16951.52,13.96,12,30,2024,4,15736.94,0,Medium ROAS,1.1963724634365764,-1.228006484
2/28/2024,Google Ads,Search,Fintech,India,28267,1769,0.0626,2.59,4581.71,33,138.84,1968.12,0.43,2,28,2024,1,-2613.59,1,Low ROAS,-1.991731893,1.7745950053000148
4/4/2024,Meta Ads,Display,Fintech,Australia,42606,1495,0.0351,0.77,1151.15,96,11.99,14890.27,12.94,4,4,2024,2,13739.12,2,High ROAS,1.2480564610777074,-0.379235989
1/22/2024,TikTok Ads,Display,Healthcare,Canada,120409,8356,0.0694,0.96,8021.76,663,12.1,50787.7,6.33,1,22,2024,1,42765.939999999995,2,High ROAS,0.8405383553671593,1.6761438770120132
5/4/2024,TikTok Ads,Display,EdTech,Germany,120210,6455,0.0537,1.78,11489.9,289,39.76,23286.47,2.03,5,4,2024,2,11796.570000000002,2,High ROAS,-0.222034977,0.9078041008219228
8/7/2024,Meta Ads,Search,Healthcare,UAE,96360,3247,0.0337,0.43,1396.21,211,6.62,50567.51,36.22,8,7,2024,3,49171.3,2,High ROAS,3.8060695879613515,-0.728851005
4/22/2024,TikTok Ads,Shopping,EdTech,Canada,186006,9002,0.0484,1.52,13683.04,266,51.44,31194.26,2.28,4,22,2024,2,17511.219999999998,0,Medium ROAS,-0.439161145,0.6380348389879843
10/14/2024,Google Ads,Shopping,E-commerce,Germany,34036,2086,0.0613,3.45,7196.7,110,65.42,21503.08,2.99,10,14,2024,4,14306.380000000001,2,High ROAS,-0.487934439,1.4237612327284408
2/10/2024,TikTok Ads,Shopping,SaaS,USA,116709,6640,0.0569,1.97,13080.8,304,43.03,83458.18,6.38,2,10,2024,1,70377.37999999999,2,High ROAS,0.21373206331211334,1.0571330737704172
6/5/2024,Meta Ads,Shopping,EdTech,UK,98276,2368,0.0241,1.41,3338.88,115,29.03,21637.86,6.48,6,5,2024,2,18298.98,0,Medium ROAS,0.17603853667315358,-0.888376411
9/19/2024,Google Ads,Shopping,EdTech,UK,162353,3977,0.0245,1.45,5766.65,57,101.17,15175.48,2.63,9,19,2024,3,9408.83,1,Low ROAS,-1.451309828,-0.580042745
12/5/2024,Meta Ads,Search,SaaS,UK,129790,5697,0.0439,0.52,2962.44,223,13.28,58627.34,19.79,12,5,2024,4,55664.899999999994,2,High ROAS,2.032282930481408,0.06040158641895083
12/18/2024,Google Ads,Video,Healthcare,India,184982,4772,0.0258,3.08,14697.76,141,104.24,26098.46,1.78,12,18,2024,4,11400.699999999999,1,Low ROAS,-1.582481196,-0.485331765
8/16/2024,Google Ads,Search,Fintech,UK,166673,4733,0.0284,0.84,3975.72,336,11.83,98987.51,24.9,8,16,2024,3,95011.79,2,High ROAS,2.4662312103788366,-0.895989499
6/5/2024,Google Ads,Video,EdTech,UAE,109148,3951,0.0362,1.79,7072.29,249,28.4,56329.34,7.96,6,5,2024,2,49257.049999999996,0,Medium ROAS,0.44955301392901864,-0.206575971
12/26/2024,Google Ads,Video,EdTech,USA,173700,7208,0.0415,2.29,16506.32,178,92.73,32171.36,1.95,12,26,2024,4,15665.04,1,Low ROAS,-1.233053315,0.3820202941255195
4/27/2024,Meta Ads,Video,EdTech,UAE,173001,3477,0.0201,0.95,3303.15,51,64.77,11186.61,3.39,4,27,2024,2,7883.460000000001,0,Medium ROAS,-0.792650709,-0.965713824
1/29/2024,Meta Ads,Search,Fintech,UK,56534,1079,0.0191,0.6,647.4,27,23.98,4508.39,6.96,1,29,2024,1,3860.9900000000002,0,Medium ROAS,0.26913307692307475,-1.199801883
12/15/2024,Google Ads,Search,Healthcare,Australia,58520,3604,0.0616,1.48,5333.92,265,20.13,78186.23,14.66,12,15,2024,4,72852.31,2,High ROAS,1.5239554824423633,1.1625014910419071
9/10/2024,Google Ads,Video,Healthcare,Canada,111071,2865,0.0258,2.83,8107.95,39,207.9,8971.28,1.11,9,10,2024,3,863.3300000000008,1,Low ROAS,-3.408042484,-0.127839996
4/8/2024,Google Ads,Shopping,SaaS,India,153750,4920,0.032,2.98,14661.6,117,125.31,30000.6,2.05,4,8,2024,2,15338.999999999998,1,Low ROAS,-1.8563661,-0.05843535
5/2/2024,Meta Ads,Display,SaaS,USA,108717,1435,0.0132,1.75,2511.25,108,23.25,22074.54,8.79,5,2,2024,2,19563.29,0,Medium ROAS,0.4250689442299506,-1.563210781
6/13/2024,Google Ads,Shopping,E-commerce,India,141455,2673,0.0189,2.82,7537.86,122,61.79,19810.32,2.63,6,13,2024,2,12272.46,0,Medium ROAS,-0.833597273,-1.03701307
12/4/2024,Meta Ads,Search,Healthcare,USA,158742,5778,0.0364,2.17,12538.26,388,32.32,68610.11,5.47,12,4,2024,4,56071.85,0,Medium ROAS,0.11977108820616782,-0.15496933
4/26/2024,Meta Ads,Search,E-commerce,Germany,26845,528,0.0197,2.08,1098.24,11,99.84,1590.52,1.45,4,26,2024,2,492.28,1,Low ROAS,-1.596217887,-0.849468252
10/5/2024,Google Ads,Video,Fintech,USA,92332,5336,0.0578,0.94,5015.84,213,23.55,39347.29,7.84,10,5,2024,4,34331.45,2,High ROAS,0.7067030582626536,1.0276528484993703
9/5/2024,Google Ads,Search,E-commerce,India,90953,4365,0.048,3.04,13269.6,73,181.78,19836.75,1.49,9,5,2024,3,6567.15,1,Low ROAS,-2.732478673,1.0638378208672425
9/26/2024,Meta Ads,Shopping,SaaS,Canada,15047,368,0.0245,1.06,390.08,27,14.45,6244.19,16.01,9,26,2024,3,5854.11,0,Medium ROAS,1.4411927721738211,-1.017052062
4/12/2024,Google Ads,Search,Healthcare,UAE,57632,1256,0.0218,1.75,2198,20,109.9,1647.61,0.75,4,12,2024,2,-550.39,1,Low ROAS,-1.822746334,-0.686479682
10/28/2024,TikTok Ads,Shopping,EdTech,UAE,193568,12659,0.0654,1.24,15697.16,366,42.89,17585.84,1.12,10,28,2024,4,1888.6800000000003,2,High ROAS,-0.270163013,1.6048909989069609
5/21/2024,Google Ads,Video,SaaS,Germany,30343,743,0.0245,3.05,2266.15,39,58.11,7450.31,3.29,5,21,2024,2,5184.16,0,Medium ROAS,-0.652328793,-0.732650516
8/23/2024,Meta Ads,Display,SaaS,Germany,6903,225,0.0326,1.92,432,7,61.71,513.46,1.19,8,23,2024,3,81.46000000000004,0,Medium ROAS,-0.866454349,-0.229392031
2/18/2024,TikTok Ads,Display,SaaS,USA,194291,9248,0.0476,1.08,9987.84,669,14.93,34771.85,3.48,2,18,2024,1,24784.01,0,Medium ROAS,0.2995285151146362,0.4554787085948486
8/9/2024,Meta Ads,Shopping,Healthcare,India,25704,616,0.024,1,616,18,34.22,2381.36,3.87,8,9,2024,3,1765.3600000000001,0,Medium ROAS,-0.190624276,-0.8485388
5/31/2024,Google Ads,Display,Healthcare,Germany,18696,327,0.0175,2.61,853.47,8,106.68,1284.99,1.51,5,31,2024,2,431.52,1,Low ROAS,-1.724712503,-0.954246696
2/16/2024,Meta Ads,Video,EdTech,UK,165408,1670,0.0101,1.3,2171,80,27.14,9561,4.4,2,16,2024,1,7390,0,Medium ROAS,-0.135254876,-1.682130729
4/14/2024,Google Ads,Search,E-commerce,Australia,191372,11711,0.0612,2.48,29043.28,335,86.7,75028.42,2.58,4,14,2024,2,45985.14,1,Low ROAS,-0.892583961,1.4942972167488928
9/6/2024,Meta Ads,Display,EdTech,USA,71247,1888,0.0265,0.47,887.36,57,15.57,9045.86,10.19,9,6,2024,3,8158.500000000001,0,Medium ROAS,0.8198048205982883,-0.834965506
4/11/2024,TikTok Ads,Search,Fintech,UAE,132294,7527,0.0569,0.9,6774.3,262,25.86,50030.33,7.39,4,11,2024,2,43256.03,2,High ROAS,0.6118594607794754,0.988245436958679
12/29/2024,TikTok Ads,Display,E-commerce,Germany,66086,3317,0.0502,0.33,1094.61,206,5.31,51119.73,46.7,12,29,2024,4,50025.12,2,High ROAS,5.087855943091384,0.10830353312594987
12/23/2024,Google Ads,Search,Healthcare,UK,186232,9292,0.0499,2.4,22300.8,265,84.15,67766.02,3.04,12,23,2024,4,45465.22,1,Low ROAS,-0.898717177,0.827147925988867
11/1/2024,TikTok Ads,Shopping,Healthcare,India,145225,5562,0.0383,0.84,4672.08,378,12.36,102053.93,21.84,11,1,2024,4,97381.84999999999,2,High ROAS,2.2174731498565827,-0.288664805
5/27/2024,Google Ads,Search,SaaS,Germany,15470,529,0.0342,1.2,634.8,5,126.96,1223.76,1.93,5,27,2024,2,588.96,1,Low ROAS,-1.87793514,0.07567766776815434
4/5/2024,Google Ads,Display,Healthcare,Australia,91814,2607,0.0284,2.48,6465.36,129,50.12,25405.84,3.93,4,5,2024,2,18940.48,0,Medium ROAS,-0.415038377,-0.540963511
3/24/2024,Google Ads,Display,EdTech,Australia,96087,3238,0.0337,3.04,9843.52,45,218.74,7783,0.79,3,24,2024,1,-2060.52,1,Low ROAS,-3.556858197,0.36916278536467245
3/12/2024,Google Ads,Shopping,Fintech,Germany,92943,5037,0.0542,2.26,11383.62,232,49.07,64994.16,5.71,3,12,2024,1,53610.54,2,High ROAS,0.01668229453850722,0.9285865583214686
4/10/2024,Meta Ads,Display,SaaS,India,36411,873,0.024,2.03,1772.19,47,37.71,13565.96,7.65,4,10,2024,2,11793.769999999999,0,Medium ROAS,0.15288455462727077,-0.877418587
8/17/2024,Meta Ads,Video,EdTech,USA,145170,4688,0.0323,1.75,8204,106,77.4,30413.14,3.71,8,17,2024,3,22209.14,0,Medium ROAS,-0.866201159,-0.220840291
3/25/2024,Google Ads,Video,E-commerce,Germany,146428,2796,0.0191,2.24,6263.04,164,38.19,33829.22,5.4,3,25,2024,1,27566.18,0,Medium ROAS,-0.137478006,-1.134998494
8/28/2024,Google Ads,Search,Fintech,Germany,151772,6237,0.0411,1.02,6361.74,302,21.07,77929.21,12.25,8,28,2024,3,71567.47,2,High ROAS,1.0730955060829503,0.0059062527045586006
1/19/2024,TikTok Ads,Search,E-commerce,USA,179561,8600,0.0479,1.44,12384,212,58.42,34386.07,2.78,1,19,2024,1,22002.07,0,Medium ROAS,-0.508380171,0.6273216724057292
9/11/2024,Google Ads,Search,EdTech,UAE,100381,5691,0.0567,0.83,4723.53,321,14.72,58283.85,12.34,9,11,2024,3,53560.32,2,High ROAS,1.3258126077453527,0.8857716035332651
12/23/2024,TikTok Ads,Display,E-commerce,India,180552,6030,0.0334,1.7,10251,383,26.77,23539.41,2.3,12,23,2024,4,13288.41,0,Medium ROAS,-0.150003114,-0.31313179
7/3/2024,TikTok Ads,Display,EdTech,USA,163328,4981,0.0305,1.21,6027.01,142,42.44,21158.33,3.51,7,3,2024,3,15131.320000000002,0,Medium ROAS,-0.311538305,-0.440933851
6/3/2024,TikTok Ads,Display,EdTech,USA,93635,4363,0.0466,1.36,5933.68,117,50.72,29999.39,5.06,6,3,2024,2,24065.71,0,Medium ROAS,-0.146562095,0.5015783536994504
12/29/2024,Google Ads,Display,SaaS,UAE,133526,4633,0.0347,3.07,14223.31,340,41.83,62193.85,4.37,12,29,2024,4,47970.54,0,Medium ROAS,-0.17309833,-0.209324186
2/6/2024,TikTok Ads,Video,E-commerce,Canada,48475,3160,0.0652,0.76,2401.6,124,19.37,19990.89,8.32,2,6,2024,1,17589.29,2,High ROAS,0.8929175099337058,1.436373179339077
11/13/2024,TikTok Ads,Video,Fintech,India,195722,12624,0.0645,2.01,25374.24,755,33.61,129016.77,5.08,11,13,2024,4,103642.53,2,High ROAS,0.3007912845910748,1.4788674056489
5/4/2024,Google Ads,Search,Healthcare,UK,106277,6961,0.0655,2.96,20604.56,180,114.47,42397.44,2.06,5,4,2024,2,21792.88,1,Low ROAS,-1.380509991,1.8424399123525275
1/22/2024,Google Ads,Shopping,Fintech,Australia,153953,5095,0.0331,2.86,14571.7,110,132.47,30634.7,2.1,1,22,2024,1,16063,1,Low ROAS,-1.962640915,0.028844458281563404
9/7/2024,Meta Ads,Video,Healthcare,Germany,142135,2387,0.0168,1.92,4583.04,98,46.77,25385.35,5.54,9,7,2024,3,20802.309999999998,0,Medium ROAS,-0.287767829,-1.240541943
11/25/2024,Google Ads,Shopping,EdTech,Canada,107891,3733,0.0346,2.31,8623.23,148,58.27,15202.91,1.76,11,25,2024,4,6579.68,0,Medium ROAS,-0.730141451,-0.131471156
3/20/2024,TikTok Ads,Video,SaaS,USA,191380,8171,0.0427,0.5,4085.5,572,7.14,155778.92,38.13,3,20,2024,1,151693.42,2,High ROAS,4.07895719330918,-0.227092855
8/11/2024,Meta Ads,Search,Healthcare,UK,123372,3355,0.0272,2.3,7716.5,224,34.45,57352.38,7.43,8,11,2024,3,49635.88,0,Medium ROAS,0.21245295596614253,-0.700981994
12/24/2024,Google Ads,Search,E-commerce,UAE,104464,4314,0.0413,2.26,9749.64,82,118.9,10226.11,1.05,12,24,2024,4,476.47000000000116,1,Low ROAS,-1.773509384,0.46856882317198045
6/3/2024,Google Ads,Video,SaaS,UK,113502,2235,0.0197,1.21,2704.35,34,79.54,6126.9,2.27,6,3,2024,2,3422.5499999999997,0,Medium ROAS,-1.165357408,-0.926888213
9/9/2024,Google Ads,Shopping,Healthcare,Australia,95196,3170,0.0333,1.05,3328.5,170,19.58,13047.52,3.92,9,9,2024,3,9719.02,0,Medium ROAS,0.14333094245988778,-0.360643079
1/27/2024,Google Ads,Display,Healthcare,UK,86362,2547,0.0295,1.41,3591.27,164,21.9,33307.3,9.27,1,27,2024,1,29716.030000000002,0,Medium ROAS,0.6407953679660202,-0.630158677
6/28/2024,Google Ads,Search,E-commerce,USA,78532,4735,0.0603,2.82,13352.7,310,43.07,45765.16,3.43,6,28,2024,2,32412.460000000003,2,High ROAS,-0.071549329,1.2856636502037664
3/19/2024,Google Ads,Shopping,Healthcare,Canada,184081,5135,0.0279,2.18,11194.3,96,116.61,24545.05,2.19,3,19,2024,1,13350.75,1,Low ROAS,-1.72988635,-0.326481025
1/28/2024,Meta Ads,Display,Healthcare,Canada,93966,2104,0.0224,0.97,2040.88,157,13,6975.9,3.42,1,28,2024,1,4935.0199999999995,0,Medium ROAS,0.10663522415339785,-1.007945008
7/23/2024,Google Ads,Video,SaaS,UAE,28667,1338,0.0467,2.9,3880.2,24,161.67,3421.56,0.88,7,23,2024,3,-458.64,1,Low ROAS,-2.468434226,0.9272558339542086
1/21/2024,Google Ads,Display,Healthcare,Australia,154239,7465,0.0484,3.2,23888,484,49.36,25632.04,1.07,1,21,2024,1,1744.0400000000009,0,Medium ROAS,-0.532826632,0.6440258789860246
4/5/2024,Meta Ads,Video,Fintech,UAE,103576,1263,0.0122,0.47,593.61,22,26.98,5190.25,8.74,4,5,2024,2,4596.64,0,Medium ROAS,0.34792532010264116,-1.607907743
9/25/2024,TikTok Ads,Video,EdTech,India,111154,5124,0.0461,0.89,4560.36,368,12.39,82164.4,18.02,9,25,2024,3,77604.04,2,High ROAS,1.8779729553014166,0.20368566081447792
10/28/2024,Google Ads,Search,E-commerce,USA,104456,6403,0.0613,2.11,13510.33,440,30.71,111130.68,8.23,10,28,2024,4,97620.34999999999,2,High ROAS,0.6575109286115873,1.250088290997898
10/12/2024,Meta Ads,Display,SaaS,UAE,173307,3292,0.019,1.03,3390.76,74,45.82,21574.44,6.36,10,12,2024,4,18183.68,0,Medium ROAS,-0.165228105,-1.125329165
3/10/2024,Google Ads,Display,Fintech,Australia,197459,5667,0.0287,3.56,20174.52,105,192.14,17723.39,0.88,3,10,2024,1,-2451.13,1,Low ROAS,-3.140614502,-0.010886914
9/1/2024,TikTok Ads,Video,EdTech,UK,154676,5970,0.0386,1.09,6507.3,107,60.82,14099.39,2.17,9,1,2024,3,7592.089999999999,0,Medium ROAS,-0.694841472,0.10409080552495872
4/24/2024,Meta Ads,Video,Fintech,India,138528,3698,0.0267,2.27,8394.46,264,31.8,34788.99,4.14,4,24,2024,2,26394.53,0,Medium ROAS,-0.097434557,-0.703455745
8/1/2024,Google Ads,Display,SaaS,Canada,188490,6879,0.0365,2.84,19536.36,279,70.02,18268.77,0.94,8,1,2024,3,-1267.59,0,Medium ROAS,-0.999788618,0.026951544535068376
9/21/2024,TikTok Ads,Display,SaaS,USA,155929,6408,0.0411,0.97,6215.76,481,12.92,51123.92,8.22,9,21,2024,3,44908.159999999996,0,Medium ROAS,0.7818214932138573,0.021729221860855456
5/31/2024,Google Ads,Display,EdTech,Canada,177220,4607,0.026,2.32,10688.24,114,93.76,9297.03,0.87,5,31,2024,2,-1391.21,1,Low ROAS,-1.500306732,-0.499385751
10/10/2024,Meta Ads,Video,E-commerce,Canada,188552,6373,0.0338,0.65,4142.45,129,32.11,8973.49,2.17,10,10,2024,4,4831.04,0,Medium ROAS,-0.250736471,-0.270552655
9/15/2024,Google Ads,Video,E-commerce,Canada,136460,4462,0.0327,0.88,3926.56,322,12.19,59937.98,15.26,9,15,2024,3,56011.420000000006,2,High ROAS,1.4708785567310174,-0.542337545
10/7/2024,TikTok Ads,Display,Healthcare,Canada,124614,4573,0.0367,0.29,1326.17,240,5.53,46988.2,35.43,10,7,2024,4,45662.03,2,High ROAS,3.7664714915039093,-0.550516265
4/15/2024,Meta Ads,Video,SaaS,India,28359,612,0.0216,0.75,459,30,15.3,6591.07,14.36,4,15,2024,2,6132.07,0,Medium ROAS,1.2258626382986657,-1.16415934
6/28/2024,Meta Ads,Search,E-commerce,USA,81759,1316,0.0161,0.9,1184.4,46,25.75,6171.89,5.21,6,28,2024,2,4987.49,0,Medium ROAS,0.026714391326323472,-1.348508258
4/5/2024,Meta Ads,Video,E-commerce,Germany,131230,2139,0.0163,2.23,4769.97,105,45.43,24738.73,5.19,4,5,2024,2,19968.76,0,Medium ROAS,-0.306714824,-1.270223577
6/1/2024,TikTok Ads,Search,E-commerce,Canada,49659,2413,0.0486,1.45,3498.85,191,18.32,38157.72,10.91,6,1,2024,2,34658.87,2,High ROAS,1.042150669823763,0.44482598830054587
2/7/2024,TikTok Ads,Display,Fintech,Germany,103029,6830,0.0663,0.52,3551.6,148,24,14545.74,4.1,2,7,2024,1,10994.14,2,High ROAS,0.3747032035874981,1.5610491847720678
6/1/2024,TikTok Ads,Shopping,Healthcare,Canada,52368,3351,0.064,0.61,2044.11,117,17.47,12829.28,6.28,6,1,2024,2,10785.17,2,High ROAS,0.6973747644717897,1.3824962864485504
6/15/2024,TikTok Ads,Video,EdTech,Canada,144585,8357,0.0578,0.52,4345.64,412,10.55,78373.31,18.03,6,15,2024,2,74027.67,2,High ROAS,2.011930473062196,0.8740789386322292
3/22/2024,TikTok Ads,Shopping,Fintech,UK,40308,3853,0.0956,1.09,4199.77,291,14.43,33059.93,7.87,3,22,2024,1,28860.16,2,High ROAS,1.1929791783934616,3.1828335577996296
8/8/2024,TikTok Ads,Search,E-commerce,Germany,43635,2469,0.0566,1.21,2987.49,133,22.46,19667.27,6.58,8,8,2024,3,16679.78,2,High ROAS,0.5805227311017622,0.9681202215050981
8/8/2024,Meta Ads,Search,EdTech,India,164074,6152,0.0375,0.95,5844.4,360,16.23,47241.24,8.08,8,8,2024,3,41396.84,0,Medium ROAS,0.6795882539527714,-0.173800469
8/13/2024,Meta Ads,Shopping,Healthcare,Canada,107300,2693,0.0251,0.57,1535.01,153,10.03,18121.16,11.81,8,13,2024,3,16586.15,0,Medium ROAS,1.0739103471951483,-0.952092146
11/4/2024,Meta Ads,Display,EdTech,India,177443,4400,0.0248,2.17,9548,231,41.33,43094.26,4.51,11,4,2024,4,33546.26,0,Medium ROAS,-0.235827204,-0.78512814
4/20/2024,TikTok Ads,Shopping,EdTech,UAE,141268,7402,0.0524,1.24,9178.48,335,27.4,31326.97,3.41,4,20,2024,2,22148.49,2,High ROAS,0.1227930828658599,0.7759980014074673
5/26/2024,TikTok Ads,Display,EdTech,Germany,145631,4194,0.0288,0.84,3522.96,59,59.71,15427.34,4.38,5,26,2024,2,11904.380000000001,0,Medium ROAS,-0.525923333,-0.490263827
11/22/2024,TikTok Ads,Search,EdTech,Canada,191041,7393,0.0387,0.53,3918.29,446,8.79,15789.02,4.03,11,22,2024,4,11870.73,0,Medium ROAS,0.3846055194516621,-0.085956077
11/13/2024,TikTok Ads,Video,Healthcare,UK,72145,3058,0.0424,0.77,2354.66,78,30.19,7543.67,3.2,11,13,2024,4,5189.01,0,Medium ROAS,-0.033756063,0.20929354736175318
3/4/2024,Meta Ads,Video,SaaS,UAE,113447,1826,0.0161,1.73,3158.98,24,131.62,4477.79,1.42,3,4,2024,1,1318.81,1,Low ROAS,-2.168525252,-0.949977193
12/12/2024,TikTok Ads,Search,Healthcare,India,195512,8328,0.0426,1.63,13574.64,198,68.56,14486.58,1.07,12,12,2024,4,911.9400000000005,0,Medium ROAS,-0.908184889,0.37343823341156535
6/19/2024,Meta Ads,Search,SaaS,USA,149446,6456,0.0432,2.19,14138.64,397,35.61,118768.88,8.4,6,19,2024,2,104630.24,2,High ROAS,0.43527919591357633,0.21792758752582675
9/3/2024,TikTok Ads,Video,SaaS,Germany,154307,9212,0.0597,1.3,11975.6,700,17.11,61706.24,5.15,9,3,2024,3,49730.64,2,High ROAS,0.545725173635663,1.1447301444721931
11/26/2024,Meta Ads,Display,Healthcare,India,149675,3143,0.021,1.55,4871.65,147,33.14,33184.47,6.81,11,26,2024,4,28312.82,0,Medium ROAS,0.11467051612799047,-1.057340415
4/5/2024,TikTok Ads,Shopping,Healthcare,UAE,184065,6350,0.0345,1.34,8509,273,31.17,39093.51,4.59,4,5,2024,2,30584.510000000002,0,Medium ROAS,0.028988133635933184,-0.259280959
10/4/2024,TikTok Ads,Search,EdTech,Germany,64484,2966,0.046,1.25,3707.5,227,16.33,27232.61,7.35,10,4,2024,4,23525.11,2,High ROAS,0.674075572063786,0.3260253938784717
7/28/2024,Meta Ads,Video,EdTech,UAE,148088,4561,0.0308,1.36,6202.96,173,35.86,48056.97,7.75,7,28,2024,3,41854.01,0,Medium ROAS,0.2539810335223649,-0.491439532
9/9/2024,Google Ads,Display,SaaS,India,28068,990,0.0353,1.01,999.9,28,35.71,5661.1,5.66,9,9,2024,3,4661.200000000001,0,Medium ROAS,0.07307141980033499,-0.209181535
3/23/2024,TikTok Ads,Search,Healthcare,USA,131385,6910,0.0526,0.34,2349.4,206,11.4,6729.96,2.86,3,23,2024,1,4380.5599999999995,2,High ROAS,0.33672072515236795,0.7394174948601541
5/16/2024,TikTok Ads,Search,EdTech,UAE,77882,3029,0.0389,0.47,1423.63,228,6.24,44433.62,31.21,5,16,2024,2,43009.990000000005,2,High ROAS,3.324160832768649,-0.375463414
9/10/2024,TikTok Ads,Shopping,Healthcare,UAE,90066,6025,0.0669,1.77,10664.25,417,25.57,40275.46,3.78,9,10,2024,3,29611.21,2,High ROAS,0.31927284888261503,1.604501179499542
7/25/2024,Meta Ads,Shopping,E-commerce,India,186775,2409,0.0129,0.69,1662.21,107,15.53,10079.71,6.06,7,25,2024,3,8417.5,0,Medium ROAS,0.2623587438403687,-1.577274608
4/15/2024,Google Ads,Video,Fintech,India,57328,2161,0.0377,1.53,3306.33,99,33.4,17903.97,5.42,4,15,2024,2,14597.640000000001,0,Medium ROAS,0.10747567630412962,-0.075590901
2/22/2024,Google Ads,Video,SaaS,India,87570,3415,0.039,2.57,8776.55,236,37.19,46705.85,5.32,2,22,2024,1,37929.3,0,Medium ROAS,0.043994776470910525,0.013483023424323502
6/18/2024,Meta Ads,Video,SaaS,UAE,54864,1876,0.0342,1.52,2851.52,121,23.57,23640.39,8.29,6,18,2024,2,20788.87,0,Medium ROAS,0.5490405648446733,-0.342126455
11/4/2024,Google Ads,Display,SaaS,Australia,91861,2535,0.0276,1.24,3143.4,137,22.94,8299.82,2.64,11,4,2024,4,5156.42,0,Medium ROAS,-0.099421815,-0.665199645
6/4/2024,Meta Ads,Search,E-commerce,Australia,16920,389,0.023,1.23,478.47,15,31.9,3222.58,6.74,6,4,2024,2,2744.1099999999997,0,Medium ROAS,0.1455936512346246,-0.945098977
8/16/2024,Meta Ads,Shopping,Healthcare,India,117421,3428,0.0292,0.61,2091.08,99,21.12,25079.21,11.99,8,16,2024,3,22988.129999999997,0,Medium ROAS,0.9410652768697455,-0.679413524
6/29/2024,Google Ads,Display,EdTech,UK,146332,7184,0.0491,2.8,20115.2,366,54.96,40775.67,2.03,6,29,2024,2,20660.469999999998,0,Medium ROAS,-0.519266072,0.6931068881669393
1/11/2024,Meta Ads,Shopping,SaaS,USA,144993,2783,0.0192,1.47,4091.01,120,34.09,10562.14,2.58,1,11,2024,1,6471.129999999999,0,Medium ROAS,-0.36755454,-1.112725724
7/28/2024,Google Ads,Display,Fintech,Canada,35702,999,0.028,1.58,1578.42,15,105.23,2820.45,1.79,7,28,2024,3,1242.0299999999997,1,Low ROAS,-1.579036291,-0.354847793
9/1/2024,Google Ads,Shopping,Healthcare,Germany,184976,6270,0.0339,2.66,16678.2,412,40.48,40433.91,2.42,9,1,2024,3,23755.710000000003,0,Medium ROAS,-0.364884785,-0.239175277
6/10/2024,Google Ads,Search,E-commerce,UAE,119235,5258,0.0441,1.1,5783.8,141,41.02,24150.02,4.18,6,10,2024,2,18366.22,0,Medium ROAS,-0.097874209,0.3336714909663481
8/14/2024,Google Ads,Shopping,EdTech,India,127211,3968,0.0312,2.63,10435.84,194,53.79,37337.18,3.58,8,14,2024,3,26901.34,0,Medium ROAS,-0.490068008,-0.362846287
12/16/2024,TikTok Ads,Video,Fintech,USA,27584,1561,0.0566,0.94,1467.34,93,15.78,19425.98,13.24,12,16,2024,4,17958.64,2,High ROAS,1.4028546230135241,0.8738855308202167
5/25/2024,Google Ads,Shopping,SaaS,Germany,194928,9161,0.047,1.88,17222.68,571,30.16,17839.23,1.04,5,25,2024,2,616.5499999999993,0,Medium ROAS,-0.223281683,0.4984941652915971
10/26/2024,Google Ads,Search,E-commerce,Australia,90349,5420,0.06,3.02,16368.4,105,155.89,16913.07,1.03,10,26,2024,4,544.6700000000001,1,Low ROAS,-2.238976148,1.6753715612458988
7/8/2024,TikTok Ads,Video,EdTech,Germany,170011,10149,0.0597,0.55,5581.95,110,50.74,29617.76,5.31,7,8,2024,3,24035.809999999998,2,High ROAS,-0.006345066,1.2566492986669038
8/6/2024,Google Ads,Display,Healthcare,USA,54158,3374,0.0623,0.81,2732.94,55,49.69,5839.17,2.14,8,6,2024,3,3106.23,2,High ROAS,-0.303568257,1.437592464555097
1/2/2024,Meta Ads,Display,SaaS,UK,143485,3945,0.0275,0.71,2800.95,187,14.98,30765.32,10.98,1,2,2024,1,27964.37,0,Medium ROAS,0.9226209962546503,-0.78762046
2/18/2024,Google Ads,Video,Fintech,Canada,165470,4136,0.025,0.82,3391.52,56,60.56,12113.24,3.57,2,18,2024,1,8721.72,0,Medium ROAS,-0.659620971,-0.698464823
5/11/2024,Meta Ads,Search,EdTech,USA,112596,2668,0.0237,1.2,3201.6,39,82.09,10899.61,3.4,5,11,2024,2,7698.01,0,Medium ROAS,-1.053377614,-0.699073493
7/3/2024,Google Ads,Video,EdTech,Canada,82604,5146,0.0623,2.88,14820.48,75,197.61,11977.45,0.81,7,3,2024,3,-2843.03,1,Low ROAS,-2.948417812,1.9517469829955372
6/25/2024,Google Ads,Display,Healthcare,UAE,162454,4337,0.0267,1.57,6809.09,329,20.7,13568.06,1.99,6,25,2024,2,6758.969999999999,0,Medium ROAS,-0.138567104,-0.717830171
10/20/2024,TikTok Ads,Shopping,E-commerce,UK,143667,6852,0.0477,1.13,7742.76,142,54.53,19589.64,2.53,10,20,2024,4,11846.88,0,Medium ROAS,-0.470915225,0.6052989612449151
2/16/2024,Google Ads,Video,Healthcare,Australia,83702,3900,0.0466,2.18,8502,60,141.7,11812.78,1.39,2,16,2024,1,3310.7800000000007,1,Low ROAS,-2.077042856,0.8485026909458093
2/12/2024,TikTok Ads,Video,Fintech,USA,41497,3299,0.0795,0.65,2144.35,112,19.15,6822.75,3.18,2,12,2024,1,4678.4,2,High ROAS,0.4735987506950851,2.318036862112529
5/26/2024,Google Ads,Search,Fintech,UAE,88442,2485,0.0281,2.89,7181.65,69,104.08,12989.18,1.81,5,26,2024,2,5807.530000000001,1,Low ROAS,-1.556575499,-0.353165096
2/23/2024,Google Ads,Shopping,SaaS,UAE,143723,4254,0.0296,1.14,4849.56,281,17.26,41783.61,8.62,2,23,2024,1,36934.05,0,Medium ROAS,0.6509615332335932,-0.63305997
10/15/2024,Meta Ads,Search,SaaS,UK,30392,1325,0.0436,1.31,1735.75,101,17.19,3539.63,2.04,10,15,2024,4,1803.88,0,Medium ROAS,0.07313564182474247,0.24725330997111555
5/10/2024,Google Ads,Video,E-commerce,India,94412,4786,0.0507,1.29,6173.94,343,18,93767.6,15.19,5,10,2024,2,87593.66,2,High ROAS,1.5216485123359775,0.5191539142701882
5/21/2024,Google Ads,Video,EdTech,UK,56305,1644,0.0292,1.65,2712.6,126,21.53,24269.48,8.95,5,21,2024,2,21556.88,0,Medium ROAS,0.6103677501194674,-0.645317501
9/29/2024,TikTok Ads,Display,SaaS,Germany,142456,9943,0.0698,0.91,9048.13,266,34.02,72736.17,8.04,9,29,2024,3,63688.04,2,High ROAS,0.6551862608422889,1.7549507899735415
12/26/2024,Meta Ads,Display,EdTech,Australia,27169,546,0.0201,1.08,589.68,15,39.31,1578.78,2.68,12,26,2024,4,989.1,0,Medium ROAS,-0.437413739,-1.044107304
9/15/2024,Google Ads,Video,SaaS,Germany,127179,5125,0.0403,2.22,11377.5,87,130.78,5905.23,0.52,9,15,2024,3,-5472.27,1,Low ROAS,-2.039692842,0.45657674820878147
7/18/2024,Google Ads,Shopping,Fintech,USA,20797,846,0.0407,1.08,913.68,56,16.32,11660.97,12.76,7,18,2024,3,10747.289999999999,2,High ROAS,1.2043143767414934,-0.038768007
8/13/2024,Meta Ads,Shopping,E-commerce,USA,188201,5627,0.0299,1.88,10578.76,77,137.39,14242.93,1.35,8,13,2024,3,3664.17,1,Low ROAS,-2.15360574,-0.131545493
6/3/2024,TikTok Ads,Shopping,E-commerce,Canada,77726,2557,0.0329,0.49,1252.93,37,33.86,2932.31,2.34,6,3,2024,2,1679.3799999999999,0,Medium ROAS,-0.270073519,-0.318523625
3/10/2024,Meta Ads,Search,EdTech,Australia,23123,286,0.0124,1.21,346.06,3,115.35,585.7,1.69,3,10,2024,1,239.64000000000004,1,Low ROAS,-1.896616947,-1.221866153
4/6/2024,Google Ads,Search,SaaS,Canada,86689,3727,0.043,1.16,4323.32,276,15.66,76876.24,17.78,4,6,2024,2,72552.92000000001,2,High ROAS,1.7701151435463234,0.038016404012625106
5/17/2024,Google Ads,Search,Healthcare,USA,159251,9172,0.0576,2.84,26048.48,407,64,30602.6,1.17,5,17,2024,2,4554.119999999999,1,Low ROAS,-0.689912605,1.2245411460314188
1/13/2024,Meta Ads,Display,E-commerce,UK,70180,736,0.0105,1.4,1030.4,45,22.9,2168.72,2.1,1,13,2024,1,1138.3199999999997,0,Medium ROAS,-0.30497327,-1.648574512
9/16/2024,Google Ads,Video,Fintech,Canada,83466,4089,0.049,2.26,9241.14,108,85.57,12521.2,1.35,9,16,2024,3,3280.0600000000013,1,Low ROAS,-1.11055926,0.7980755428409273
11/13/2024,Meta Ads,Display,SaaS,India,137602,2641,0.0192,0.59,1558.19,179,8.7,52473.54,33.68,11,13,2024,4,50915.35,2,High ROAS,3.3742547036429245,-1.533160073
9/3/2024,TikTok Ads,Video,SaaS,UAE,64222,2067,0.0322,1.89,3906.63,68,57.45,14851.97,3.8,9,3,2024,3,10945.34,0,Medium ROAS,-0.519878136,-0.295006627
7/8/2024,TikTok Ads,Shopping,Healthcare,India,116739,4319,0.037,0.34,1468.46,306,4.8,46873.98,31.92,7,8,2024,3,45405.520000000004,2,High ROAS,3.4076200526534683,-0.497863487
12/30/2024,Meta Ads,Shopping,Healthcare,USA,50869,890,0.0175,1.08,961.2,61,15.76,16803.54,17.48,12,30,2024,4,15842.34,0,Medium ROAS,1.5146997486848515,-1.433316984
12/2/2024,Meta Ads,Search,EdTech,Germany,127155,3089,0.0243,1.25,3861.25,95,40.64,23894.64,6.19,12,2,2024,4,20033.39,0,Medium ROAS,-0.049579469,-0.834456242
3/26/2024,Google Ads,Video,EdTech,Germany,162883,8974,0.0551,2.38,21358.12,292,73.14,80812.08,3.78,3,26,2024,1,59453.96000000001,1,Low ROAS,-0.588364167,1.0827448420838854
1/17/2024,TikTok Ads,Search,SaaS,Canada,115716,7394,0.0639,1.16,8577.04,242,35.44,49142.56,5.73,1,17,2024,1,40565.52,2,High ROAS,0.3338293952855108,1.4433536969726029
6/14/2024,Google Ads,Video,EdTech,USA,40306,1176,0.0292,0.85,999.6,41,24.38,11838.48,11.84,6,14,2024,2,10838.88,0,Medium ROAS,0.869922332826973,-0.666783492
2/29/2024,TikTok Ads,Search,Fintech,Canada,138025,9192,0.0666,0.64,5882.88,420,14.01,38810.35,6.6,2,29,2024,1,32927.47,2,High ROAS,0.8126193734565315,1.517743105976688
2/5/2024,Meta Ads,Video,SaaS,India,145510,5805,0.0399,1.04,6037.2,166,36.37,30713.7,5.09,2,5,2024,1,24676.5,0,Medium ROAS,0.041203733881761226,0.06524220487835301
9/7/2024,TikTok Ads,Display,Fintech,USA,168297,10535,0.0626,1.4,14749,561,26.29,30094.65,2.04,9,7,2024,3,15345.650000000001,2,High ROAS,0.08438190460212486,1.3769481525788063
12/14/2024,Meta Ads,Search,E-commerce,Australia,66157,1687,0.0255,1.3,2193.1,41,53.49,5082.94,2.32,12,14,2024,4,2889.8399999999997,0,Medium ROAS,-0.66875371,-0.679985738
3/26/2024,Meta Ads,Shopping,Fintech,India,115003,2921,0.0254,0.4,1168.4,36,32.46,4203.19,3.6,3,26,2024,1,3034.7899999999995,0,Medium ROAS,-0.177419482,-0.770606022
1/19/2024,Meta Ads,Shopping,Healthcare,USA,173292,7330,0.0423,1.88,13780.4,355,38.82,66981.68,4.86,1,19,2024,1,53201.27999999999,0,Medium ROAS,-0.003879036,0.2148099853901659
1/7/2024,Meta Ads,Video,EdTech,Germany,94440,2219,0.0235,1.93,4282.67,156,27.45,39424.24,9.21,1,7,2024,1,35141.57,0,Medium ROAS,0.48830250171689144,-0.957793934
6/24/2024,Meta Ads,Video,Healthcare,India,93003,1283,0.0138,1.76,2258.08,49,46.08,1614.11,0.71,6,24,2024,2,-643.97,0,Medium ROAS,-0.816575899,-1.364420048
2/2/2024,TikTok Ads,Video,E-commerce,USA,112294,9039,0.0805,0.99,8948.61,99,90.39,20435.34,2.28,2,2,2024,1,11486.73,1,Low ROAS,-0.819126751,2.6262906398665034
5/22/2024,Meta Ads,Display,SaaS,USA,165321,4447,0.0269,1.56,6937.32,301,23.05,23975.23,3.46,5,22,2024,2,17037.91,0,Medium ROAS,-0.020041413,-0.714138617
11/11/2024,TikTok Ads,Video,Healthcare,USA,137895,5901,0.0428,1.34,7907.34,379,20.86,86835.97,10.98,11,11,2024,4,78928.63,2,High ROAS,0.9561794769003786,0.1171885251099513
2/27/2024,TikTok Ads,Display,E-commerce,Germany,7978,557,0.0699,0.61,339.77,34,9.99,6686.61,19.68,2,27,2024,1,6346.84,2,High ROAS,2.302365318243799,1.5542867088190901
2/8/2024,TikTok Ads,Display,Fintech,Germany,113994,4320,0.0379,0.77,3326.4,142,23.43,25985.24,7.81,2,8,2024,1,22658.84,0,Medium ROAS,0.5324687216046757,-0.123429709
2/16/2024,Google Ads,Search,EdTech,UAE,90794,5638,0.0621,3.1,17477.8,217,80.54,54642.18,3.13,2,16,2024,1,37164.380000000005,1,Low ROAS,-0.721938018,1.519618900962914
12/20/2024,Meta Ads,Display,Healthcare,Australia,118694,2338,0.0197,2.26,5283.88,76,69.52,6774.6,1.28,12,20,2024,4,1490.7200000000003,0,Medium ROAS,-1.101226761,-0.950094825
7/17/2024,Google Ads,Shopping,Healthcare,UAE,99805,1936,0.0194,1.4,2710.4,112,24.2,29346.97,10.83,7,17,2024,3,26636.57,0,Medium ROAS,0.6801731905974189,-1.223348134
1/30/2024,Google Ads,Search,Fintech,Canada,187156,3986,0.0213,2.39,9526.54,269,35.41,34393.23,3.61,1,30,2024,1,24866.690000000002,0,Medium ROAS,-0.261934084,-0.997885809
8/4/2024,TikTok Ads,Video,EdTech,UAE,120152,4613,0.0384,0.97,4474.61,108,41.43,27205.77,6.08,8,4,2024,3,22731.16,0,Medium ROAS,0.047964166496193186,-0.015070544
12/16/2024,Google Ads,Search,Fintech,UK,117458,6824,0.0581,2.01,13716.24,251,54.65,12200.18,0.89,12,16,2024,4,-1516.06,2,High ROAS,-0.55715685,1.2248785182073894
6/22/2024,Meta Ads,Video,EdTech,Australia,35398,1044,0.0295,0.45,469.8,20,23.49,1596.24,3.4,6,22,2024,2,1126.44,0,Medium ROAS,-0.011265214,-0.561624297
3/30/2024,TikTok Ads,Video,Healthcare,India,98386,7556,0.0768,0.35,2644.6,385,6.87,43735.3,16.54,3,30,2024,1,41090.700000000004,2,High ROAS,2.080764146300971,1.9766207484572018
8/6/2024,Meta Ads,Video,E-commerce,Canada,70133,2293,0.0327,1.04,2384.72,75,31.8,14249.95,5.98,8,6,2024,3,11865.230000000001,0,Medium ROAS,0.15070690180667193,-0.376219115
6/26/2024,Google Ads,Video,SaaS,USA,30169,1523,0.0505,1.44,2193.12,34,64.5,8282.71,3.78,6,26,2024,2,6089.589999999999,0,Medium ROAS,-0.482158237,0.7874887297267049
1/25/2024,Google Ads,Search,EdTech,Germany,122959,3553,0.0289,1.67,5933.51,133,44.61,11079.66,1.87,1,25,2024,1,5146.15,0,Medium ROAS,-0.536835312,-0.508497308
4/12/2024,Meta Ads,Search,Healthcare,Australia,73083,3040,0.0416,0.6,1824,203,8.99,29701.35,16.28,4,12,2024,2,27877.35,2,High ROAS,1.7110641126117483,-0.049357296
5/2/2024,Meta Ads,Display,Fintech,India,113889,4623,0.0406,1.19,5501.37,362,15.2,19216.96,3.49,5,2,2024,2,13715.59,0,Medium ROAS,0.23514546692199068,0.051409154944334984
6/23/2024,Meta Ads,Search,Healthcare,Australia,57203,1029,0.018,0.87,895.23,11,81.38,1505.4,1.68,6,23,2024,2,610.1700000000001,0,Medium ROAS,-1.274114895,-1.012648768
7/12/2024,TikTok Ads,Display,SaaS,UAE,36562,1257,0.0344,0.43,540.51,74,7.3,11838.52,21.9,7,12,2024,3,11298.01,2,High ROAS,2.2755737116583705,-0.531981737
12/1/2024,Google Ads,Search,EdTech,USA,177256,4059,0.0229,2.19,8889.21,138,64.41,32140.46,3.62,12,1,2024,4,23251.25,0,Medium ROAS,-0.737712031,-0.807455402
2/23/2024,TikTok Ads,Shopping,SaaS,India,179036,11046,0.0617,0.87,9610.02,787,12.21,127296.84,13.25,2,23,2024,1,117686.81999999999,2,High ROAS,1.5086882784570652,1.156694234211172
7/2/2024,Google Ads,Display,EdTech,Germany,87481,4181,0.0478,2.88,12041.28,104,115.78,28643.42,2.38,7,2,2024,3,16602.14,1,Low ROAS,-1.522535495,0.819669732923406
6/22/2024,TikTok Ads,Shopping,E-commerce,India,130645,8243,0.0631,0.95,7830.85,356,22,16420.6,2.1,6,22,2024,2,8589.749999999998,2,High ROAS,0.16771874064643738,1.390725596709654
11/24/2024,Google Ads,Search,SaaS,India,121089,3499,0.0289,0.93,3254.07,185,17.59,28042.42,8.62,11,24,2024,4,24788.35,0,Medium ROAS,0.6392891523899983,-0.672432284
5/7/2024,Google Ads,Search,EdTech,Canada,15589,285,0.0183,1.18,336.3,10,33.63,1359.76,4.04,5,7,2024,2,1023.46,0,Medium ROAS,-0.212107764,-1.182045085
8/11/2024,TikTok Ads,Search,Fintech,Germany,101411,9370,0.0924,0.81,7589.7,523,14.51,26633.21,3.51,8,11,2024,3,19043.51,2,High ROAS,0.6994561157534165,3.044932332819415
3/25/2024,Google Ads,Shopping,E-commerce,UK,142045,9161,0.0645,2.39,21894.79,525,41.7,131680.16,6.01,3,25,2024,1,109785.37,2,High ROAS,0.2629314522381333,1.496197863928143
7/5/2024,Meta Ads,Shopping,Healthcare,UK,42236,1013,0.024,1.43,1448.59,29,49.95,4720.08,3.26,7,5,2024,3,3271.49,0,Medium ROAS,-0.521783097,-0.78882116
5/23/2024,Meta Ads,Shopping,E-commerce,Canada,75628,794,0.0105,0.5,397,49,8.1,3639.22,9.17,5,23,2024,2,3242.22,0,Medium ROAS,0.6984357925455357,-1.774659512
12/8/2024,TikTok Ads,Video,Fintech,Germany,116184,4089,0.0352,0.34,1390.26,263,5.29,54249.41,39.02,12,8,2024,4,52859.15,2,High ROAS,4.139821537073741,-0.676714648
10/19/2024,Google Ads,Video,E-commerce,USA,121465,5575,0.0459,1.64,9143,273,33.49,28769.59,3.15,10,19,2024,4,19626.59,0,Medium ROAS,-0.064486481,0.4234199017668553
1/9/2024,Google Ads,Video,Fintech,UK,108510,3721,0.0343,1.41,5246.61,116,45.23,23480.01,4.48,1,9,2024,1,18233.399999999998,0,Medium ROAS,-0.222399313,-0.222154363
3/12/2024,Meta Ads,Shopping,Healthcare,Canada,199650,4152,0.0208,0.78,3238.56,165,19.63,10558.75,3.26,3,12,2024,1,7320.1900000000005,0,Medium ROAS,-0.036517377,-1.076362347
7/10/2024,Google Ads,Shopping,SaaS,USA,73734,1990,0.027,0.82,1631.8,143,11.41,16954.02,10.39,7,10,2024,3,15322.220000000001,0,Medium ROAS,0.915851670604231,-0.822255181
3/10/2024,Meta Ads,Shopping,E-commerce,Canada,149532,5069,0.0339,2.39,12114.91,397,30.52,95392.09,7.87,3,10,2024,1,83277.18,0,Medium ROAS,0.3840888525471627,-0.331473906
1/27/2024,Google Ads,Search,Fintech,India,79432,4130,0.052,2.29,9457.7,311,30.41,59366.41,6.28,1,27,2024,1,49908.71000000001,2,High ROAS,0.3740312443224467,0.7321521994542328
10/7/2024,TikTok Ads,Display,Fintech,Canada,192583,11285,0.0586,1.63,18394.55,562,32.73,124224.31,6.75,10,7,2024,4,105829.76,2,High ROAS,0.4422255969332221,1.1166732447466654
3/9/2024,Meta Ads,Video,SaaS,Australia,79266,2425,0.0306,0.72,1746,104,16.79,20287.27,11.62,3,9,2024,1,18541.27,0,Medium ROAS,0.9871114201798047,-0.609089152
2/25/2024,Google Ads,Video,Fintech,Australia,33695,1277,0.0379,2.88,3677.76,89,41.32,25041.09,6.81,2,25,2024,1,21363.33,0,Medium ROAS,0.12322198190312447,-0.052216686
3/19/2024,TikTok Ads,Search,Fintech,India,92030,6267,0.0681,0.58,3634.86,136,26.73,11204.78,3.08,3,19,2024,1,7569.92,2,High ROAS,0.2355290889320291,1.685360058382269
11/2/2024,Google Ads,Search,Healthcare,India,26259,669,0.0255,1.41,943.29,22,42.88,2731.41,2.9,11,2,2024,4,1788.12,0,Medium ROAS,-0.427434076,-0.722079336
4/15/2024,Google Ads,Video,Fintech,UK,99447,5917,0.0595,1.05,6212.85,195,31.86,28481.71,4.58,4,15,2024,2,22268.86,2,High ROAS,0.2336711853948539,1.1891379791341528
11/17/2024,Meta Ads,Shopping,Healthcare,UAE,170910,3315,0.0194,0.5,1657.5,167,9.93,41334.16,24.94,11,17,2024,4,39676.66,2,High ROAS,2.4243714238331333,-1.423392985
3/4/2024,Meta Ads,Video,Healthcare,USA,180259,2072,0.0115,1.37,2838.64,136,20.87,10032.66,3.53,3,4,2024,1,7194.02,0,Medium ROAS,-0.109628578,-1.612981876
2/23/2024,Meta Ads,Video,Healthcare,UAE,146964,5246,0.0357,1.99,10439.54,131,79.69,7261.59,0.7,2,23,2024,1,-3177.95,1,Low ROAS,-1.195948598,0.015938972744884074
9/10/2024,Meta Ads,Display,EdTech,Germany,153057,2969,0.0194,2.24,6650.56,148,44.94,28216.02,4.24,9,10,2024,3,21565.46,0,Medium ROAS,-0.372636797,-1.082355819
12/8/2024,Google Ads,Search,SaaS,UK,78635,2587,0.0329,2.35,6079.45,106,57.35,21303.72,3.5,12,8,2024,4,15224.27,0,Medium ROAS,-0.544047898,-0.251629093
11/12/2024,Meta Ads,Display,Healthcare,UAE,54031,2215,0.041,1.66,3676.9,157,23.42,22778.62,6.2,11,12,2024,4,19101.719999999998,0,Medium ROAS,0.38813402426382027,0.07316167687969835
9/17/2024,Google Ads,Video,SaaS,Germany,162743,8723,0.0536,1.77,15439.71,106,145.66,20056.78,1.3,9,17,2024,3,4617.07,1,Low ROAS,-2.092762783,1.2677268472067162
8/4/2024,Google Ads,Display,Healthcare,Canada,144494,8409,0.0582,3.04,25563.36,93,274.87,20233.22,0.79,8,4,2024,3,-5330.14,1,Low ROAS,-4.293652797,1.97589452050044
11/9/2024,Google Ads,Search,Fintech,Australia,112549,6640,0.059,3.67,24368.8,374,65.16,21696.69,0.89,11,9,2024,4,-2672.11,1,Low ROAS,-0.727187075,1.3124486388272263
12/23/2024,Google Ads,Search,E-commerce,USA,148994,7509,0.0504,3.46,25981.14,588,44.19,82753.51,3.19,12,23,2024,4,56772.369999999995,0,Medium ROAS,-0.20216287,0.7194227388097189
11/24/2024,Google Ads,Display,Fintech,Canada,87373,3643,0.0417,1.05,3825.15,289,13.24,35842.03,9.37,11,24,2024,4,32016.879999999997,2,High ROAS,0.9040991299003945,0.045139997370252524
4/1/2024,TikTok Ads,Shopping,E-commerce,Australia,41200,1763,0.0428,1.78,3138.14,101,31.07,27614.2,8.8,4,1,2024,2,24476.06,2,High ROAS,0.5512293289769977,0.17514655507440818
12/23/2024,Google Ads,Search,Fintech,India,51986,1996,0.0384,1.53,3053.88,82,37.24,20819.66,6.82,12,23,2024,4,17765.78,0,Medium ROAS,0.1976800650012509,-0.037191618
10/15/2024,Meta Ads,Search,Fintech,Germany,190392,6016,0.0316,2.29,13776.64,165,83.49,35908.75,2.61,10,15,2024,4,22132.11,1,Low ROAS,-1.092497976,-0.228912647
12/6/2024,TikTok Ads,Shopping,E-commerce,Germany,137817,8654,0.0628,1.52,13154.08,392,33.56,54000.95,4.11,12,6,2024,4,40846.869999999995,2,High ROAS,0.18354778731848895,1.3908090820622683
1/20/2024,TikTok Ads,Video,Fintech,USA,153145,7197,0.047,1.02,7340.94,89,82.48,6214.05,0.85,1,20,2024,1,-1126.89,1,Low ROAS,-1.128911984,0.6773356244395105
3/7/2024,Google Ads,Shopping,E-commerce,USA,20718,426,0.0206,2.65,1128.9,22,51.31,1505.14,1.33,3,7,2024,1,376.24,0,Medium ROAS,-0.779912227,-0.960111851
1/22/2024,TikTok Ads,Shopping,Fintech,Germany,5059,415,0.0822,0.73,302.95,4,75.74,798.87,2.64,1,22,2024,1,495.92,2,High ROAS,-0.518084496,2.6712391155347346
2/28/2024,TikTok Ads,Search,SaaS,USA,96045,5820,0.0606,0.31,1804.2,235,7.68,47063.54,26.09,2,28,2024,1,45259.340000000004,2,High ROAS,2.9432381099676257,0.9396044532753169
5/19/2024,Google Ads,Display,E-commerce,UAE,12644,572,0.0453,2.22,1269.84,36,35.27,7362.94,5.8,5,19,2024,2,6093.099999999999,0,Medium ROAS,0.18239725256105127,0.36621712189624334
7/16/2024,Google Ads,Video,EdTech,Canada,91901,3326,0.0362,2.58,8581.08,261,32.88,77117.41,8.99,7,16,2024,3,68536.33,0,Medium ROAS,0.48343408130930265,-0.202520245
3/30/2024,Google Ads,Search,Fintech,Canada,120431,6262,0.052,2.77,17345.74,188,92.26,8830.89,0.51,3,30,2024,1,-8514.85,1,Low ROAS,-1.287140903,1.0032380610116958
1/23/2024,Google Ads,Search,Fintech,Germany,7948,289,0.0364,2.07,598.23,6,99.7,1368.08,2.29,1,23,2024,1,769.8499999999999,1,Low ROAS,-1.35914922,0.10693467564803653
8/14/2024,Meta Ads,Video,E-commerce,UAE,108924,2134,0.0196,0.41,874.94,85,10.29,7418.36,8.48,8,14,2024,3,6543.42,0,Medium ROAS,0.6670328629684021,-1.233498117
3/30/2024,Google Ads,Search,SaaS,Germany,66402,2695,0.0406,1.86,5012.7,199,25.19,14266.46,2.85,3,30,2024,1,9253.759999999998,0,Medium ROAS,-0.002072082,0.09205328464051384
8/29/2024,Google Ads,Display,EdTech,Canada,96676,5326,0.0551,1.67,8894.42,355,25.05,14113.5,1.59,8,29,2024,3,5219.08,2,High ROAS,-0.007786252,0.9438061163823752
4/10/2024,Meta Ads,Search,Fintech,USA,10108,320,0.0317,0.51,163.2,8,20.4,624.2,3.82,4,10,2024,2,461.00000000000006,0,Medium ROAS,0.10488917765431556,-0.449338874
3/30/2024,Google Ads,Search,SaaS,UK,23936,1211,0.0506,2.7,3269.7,49,66.73,7236.18,2.21,3,30,2024,1,3966.4800000000005,1,Low ROAS,-0.686230744,0.8177014390436328
5/21/2024,Meta Ads,Display,SaaS,India,157455,3810,0.0242,1.24,4724.4,244,19.36,55928.06,11.84,5,21,2024,2,51203.659999999996,0,Medium ROAS,0.9113893150655891,-0.972942762
3/29/2024,Google Ads,Shopping,Fintech,Australia,165805,9832,0.0593,2.76,27136.32,509,53.31,143237.84,5.28,3,29,2024,1,116101.51999999999,2,High ROAS,-0.056510178,1.242520836350737
10/27/2024,Meta Ads,Search,Fintech,USA,69385,2650,0.0382,1.7,4505,160,28.16,32080.73,7.12,10,27,2024,4,27575.73,0,Medium ROAS,0.38154865204698074,-0.082670141
4/27/2024,TikTok Ads,Video,Healthcare,Australia,89944,2644,0.0294,0.31,819.64,80,10.25,12715.09,15.51,4,27,2024,2,11895.45,0,Medium ROAS,1.5016334576531778,-0.742452431
4/3/2024,Meta Ads,Search,SaaS,India,62603,1396,0.0223,1.5,2094,17,123.18,2988.24,1.43,4,3,2024,2,894.2399999999998,1,Low ROAS,-1.97071139,-0.620001834
1/10/2024,Meta Ads,Shopping,EdTech,USA,62284,1413,0.0227,1.06,1497.78,88,17.02,10561.64,7.05,1,10,2024,1,9063.859999999999,0,Medium ROAS,0.427809162054807,-1.016068081
11/9/2024,Meta Ads,Video,EdTech,USA,172812,2972,0.0172,0.99,2942.28,178,16.53,47180.83,16.04,11,9,2024,4,44238.55,0,Medium ROAS,1.3457005462383425,-1.432572315
1/19/2024,Google Ads,Search,Healthcare,UAE,82764,2276,0.0275,0.91,2071.16,130,15.93,22792.2,11,1,19,2024,1,20721.04,0,Medium ROAS,0.9086744318433309,-0.78462547
4/14/2024,Meta Ads,Search,E-commerce,India,133260,2611,0.0196,2.08,5430.88,108,50.29,16755.51,3.09,4,14,2024,2,11324.629999999997,0,Medium ROAS,-0.583908518,-1.040335472
7/8/2024,Google Ads,Search,Fintech,Australia,188420,9364,0.0497,2.65,24814.6,324,76.59,68719.44,2.77,7,8,2024,3,43904.840000000004,1,Low ROAS,-0.801275939,0.7929389410535482
2/20/2024,Google Ads,Shopping,Fintech,UK,89431,3300,0.0369,1.47,4851,56,86.62,9891.88,2.04,2,20,2024,1,5040.879999999999,1,Low ROAS,-1.160076824,0.09434502229659515
1/4/2024,Google Ads,Display,E-commerce,USA,52897,1883,0.0356,2.77,5215.91,108,48.3,5473.28,1.05,1,4,2024,1,257.3699999999999,0,Medium ROAS,-0.628340022,-0.099682437
6/9/2024,Google Ads,Shopping,SaaS,UK,83334,3341,0.0401,1.73,5779.93,256,22.58,32514.9,5.63,6,9,2024,2,26734.97,0,Medium ROAS,0.33381694356386443,0.02440115446129328
10/17/2024,TikTok Ads,Shopping,SaaS,USA,180721,9379,0.0519,1.3,12192.7,286,42.63,52558.42,4.31,10,17,2024,4,40365.72,2,High ROAS,-0.043438271,0.7888587870100134
12/9/2024,TikTok Ads,Display,Healthcare,Australia,195759,7262,0.0371,0.47,3413.14,75,45.51,16681.83,4.89,12,9,2024,4,13268.690000000002,0,Medium ROAS,-0.159121205,-0.063670096
7/10/2024,Google Ads,Video,SaaS,USA,158514,4565,0.0288,2.14,9769.1,235,41.57,15388.32,1.58,7,10,2024,3,5619.219999999999,0,Medium ROAS,-0.517144947,-0.521433422
5/17/2024,Meta Ads,Video,SaaS,USA,82948,2347,0.0283,2.31,5421.57,65,83.41,10510.94,1.94,5,17,2024,2,5089.370000000001,1,Low ROAS,-1.19119905,-0.412843064
2/2/2024,Google Ads,Video,SaaS,Canada,44420,1066,0.024,3.64,3880.24,44,88.19,2655.91,0.68,2,2,2024,1,-1224.33,1,Low ROAS,-1.443676255,-0.631841576
2/25/2024,TikTok Ads,Search,Fintech,UAE,57006,2981,0.0523,1.1,3279.1,192,17.08,40566.37,12.37,2,25,2024,1,37287.270000000004,2,High ROAS,1.250803293626082,0.6389311605262541
8/15/2024,Meta Ads,Video,SaaS,USA,37588,1191,0.0317,1.96,2334.36,48,48.63,13381.03,5.73,8,15,2024,3,11046.67,0,Medium ROAS,-0.169423962,-0.374497221
2/2/2024,TikTok Ads,Shopping,Healthcare,Australia,196605,14922,0.0759,1.76,26262.72,757,34.69,181823.28,6.92,2,2,2024,1,155560.56,2,High ROAS,0.5776199711852414,2.1220851362135145
4/1/2024,Meta Ads,Video,Fintech,Germany,59376,564,0.0095,0.64,360.96,25,14.44,4065.83,11.26,4,1,2024,2,3704.87,0,Medium ROAS,0.8050333895725954,-1.833563419
5/21/2024,Meta Ads,Video,E-commerce,India,15865,528,0.0333,1.88,992.64,39,25.45,3165.22,3.19,5,21,2024,2,2172.58,0,Medium ROAS,-0.033750085,-0.332952636
11/26/2024,Google Ads,Video,EdTech,UAE,80511,3622,0.045,3.32,12025.04,140,85.89,31780.44,2.64,11,26,2024,4,19755.399999999998,1,Low ROAS,-1.013377805,0.553919640874304
6/26/2024,Google Ads,Shopping,E-commerce,UK,143944,7873,0.0547,2.11,16612.03,513,32.38,65899.82,3.97,6,26,2024,2,49287.79000000001,2,High ROAS,0.11816099664032569,0.9198306637254448
7/8/2024,Meta Ads,Search,SaaS,UK,44612,811,0.0182,2,1622,23,70.52,1008.1,0.62,7,8,2024,3,-613.9,0,Medium ROAS,-1.201484769,-1.026372822
11/13/2024,Google Ads,Display,E-commerce,Australia,17299,479,0.0277,1.94,929.26,30,30.98,3163.73,3.4,11,13,2024,4,2234.4700000000003,0,Medium ROAS,-0.153670771,-0.640425015
10/29/2024,TikTok Ads,Shopping,Healthcare,UAE,71514,3354,0.0469,1.31,4393.74,165,26.63,17363.87,3.95,10,29,2024,4,12970.13,0,Medium ROAS,0.14549998330927985,0.44947008672779865
3/14/2024,Google Ads,Video,E-commerce,India,37135,1006,0.0271,1.92,1931.52,62,31.15,17772.87,9.2,3,14,2024,1,15841.349999999999,0,Medium ROAS,0.45593269445771206,-0.736962403
11/23/2024,Google Ads,Display,EdTech,UAE,80542,4236,0.0526,2.15,9107.4,104,87.57,15932.35,1.75,11,23,2024,4,6824.950000000001,1,Low ROAS,-1.070495592,1.0087508975294426
4/3/2024,Google Ads,Shopping,E-commerce,Australia,112992,2802,0.0248,3,8406,124,67.79,7395.68,0.88,4,3,2024,2,-1010.32,0,Medium ROAS,-1.070195758,-0.656656865
6/9/2024,Meta Ads,Search,SaaS,UK,119863,1114,0.0093,1.23,1370.22,75,18.27,21180.36,15.46,6,9,2024,2,19810.14,0,Medium ROAS,1.1857789993366274,-1.877381357
2/7/2024,TikTok Ads,Search,Fintech,Germany,108806,5070,0.0466,0.36,1825.2,279,6.54,26787.94,14.68,2,7,2024,1,24962.739999999998,2,High ROAS,1.6256100638700135,0.24877582673027027
11/30/2024,TikTok Ads,Shopping,Healthcare,UK,7234,496,0.0687,0.71,352.16,10,35.22,399.8,1.14,11,30,2024,4,47.639999999999986,2,High ROAS,-0.109535894,1.7696270527276943
5/3/2024,Meta Ads,Shopping,Fintech,Australia,143541,1980,0.0138,1.41,2791.8,152,18.37,42063.3,15.07,5,3,2024,2,39271.5,0,Medium ROAS,1.1816882771692743,-1.612570669
3/21/2024,TikTok Ads,Video,EdTech,India,5497,231,0.0422,1.38,318.78,18,17.71,4467.32,14.01,3,21,2024,1,4148.54,2,High ROAS,1.3269619947593714,0.039237721629170774
3/3/2024,Meta Ads,Display,EdTech,UK,160478,4413,0.0275,1.02,4501.26,82,54.89,13362.88,2.97,3,3,2024,1,8861.619999999999,0,Medium ROAS,-0.605826672,-0.566570589
10/14/2024,Google Ads,Video,E-commerce,UK,116011,2726,0.0235,1.96,5342.96,127,42.07,4188.78,0.78,10,14,2024,4,-1154.18,0,Medium ROAS,-0.656900128,-0.817683504
9/17/2024,Meta Ads,Search,EdTech,Germany,166243,1895,0.0114,0.92,1743.4,51,34.18,5887.21,3.38,9,17,2024,3,4143.8099999999995,0,Medium ROAS,-0.351714296,-1.57217532
1/16/2024,TikTok Ads,Video,E-commerce,Australia,62868,2715,0.0432,1.6,4344,180,24.13,35590.01,8.19,1,16,2024,1,31246.010000000002,2,High ROAS,0.6071867766933984,0.18139457495069877
12/15/2024,Google Ads,Video,EdTech,UAE,132953,8163,0.0614,2.76,22529.88,130,173.31,16572.4,0.74,12,15,2024,4,-5957.48,1,Low ROAS,-2.55247862,1.818331608853752
3/11/2024,Meta Ads,Display,Healthcare,UAE,107326,2436,0.0227,0.77,1875.72,84,22.33,5936.35,3.16,3,11,2024,1,4060.63,0,Medium ROAS,-0.076334348,-0.956268181
3/28/2024,TikTok Ads,Search,E-commerce,Australia,24854,1106,0.0445,1.14,1260.84,38,33.18,8735.32,6.93,3,28,2024,1,7474.48,0,Medium ROAS,0.3311528032389943,0.3007244860785973
4/5/2024,Google Ads,Display,Healthcare,India,175949,7108,0.0404,2.44,17343.52,75,231.25,22062.99,1.27,4,5,2024,2,4719.470000000001,1,Low ROAS,-3.6591714,0.7937936719758147
12/27/2024,TikTok Ads,Shopping,EdTech,USA,131956,7772,0.0589,0.29,2253.88,211,10.68,23120.58,10.26,12,27,2024,4,20866.7,2,High ROAS,1.1917941979602877,1.0217469778592712
11/11/2024,Google Ads,Video,Healthcare,UAE,90096,4784,0.0531,3.17,15165.28,310,48.92,81015.37,5.34,11,11,2024,4,65850.09,2,High ROAS,-0.029750894,0.8684377991705808
2/13/2024,Google Ads,Video,E-commerce,UK,48766,1731,0.0355,1.04,1800.24,44,40.91,12477.84,6.93,2,13,2024,1,10677.6,0,Medium ROAS,0.12206748376513317,-0.193707397
4/24/2024,Meta Ads,Display,Fintech,USA,68989,2952,0.0428,1.79,5284.08,169,31.27,14776.11,2.8,4,24,2024,2,9492.03,0,Medium ROAS,-0.091153675,0.24038272608122488
10/13/2024,Google Ads,Search,E-commerce,India,197557,4326,0.0219,1.18,5104.68,259,19.71,39016.05,7.64,10,13,2024,4,33911.37,0,Medium ROAS,0.4381643736010188,-1.059597956
5/14/2024,Google Ads,Video,E-commerce,Canada,96178,4328,0.045,3.36,14542.08,275,52.88,37193.1,2.56,5,14,2024,2,22651.019999999997,0,Medium ROAS,-0.463279656,0.4432347541847893
9/10/2024,TikTok Ads,Shopping,Healthcare,India,144940,5333,0.0368,1.31,6986.23,148,47.2,32610.09,4.67,9,10,2024,3,25623.86,0,Medium ROAS,-0.213759598,-0.072943879
4/12/2024,TikTok Ads,Shopping,SaaS,UAE,152322,13678,0.0898,0.41,5607.98,813,6.9,103237.84,18.41,4,12,2024,2,97629.86,2,High ROAS,2.3924718352289047,2.7085102738529345
8/22/2024,Google Ads,Display,EdTech,Australia,89124,2664,0.0299,1.24,3303.36,198,16.68,52262.98,15.82,8,22,2024,3,48959.62,0,Medium ROAS,1.4301839501190634,-0.695140529
12/13/2024,Google Ads,Video,Fintech,India,126404,2073,0.0164,0.92,1907.16,24,79.47,3807.61,2,12,13,2024,4,1900.45,0,Medium ROAS,-1.221627812,-1.115088862
11/20/2024,Meta Ads,Search,Healthcare,Canada,84654,2937,0.0347,1.84,5404.08,104,51.96,30747.28,5.69,11,20,2024,4,25343.199999999997,0,Medium ROAS,-0.203945558,-0.189296687
6/20/2024,Meta Ads,Video,EdTech,Germany,95987,1919,0.02,1.71,3281.49,124,26.46,28533.79,8.7,6,20,2024,2,25252.300000000003,0,Medium ROAS,0.4203016401271187,-1.158088823
6/1/2024,Google Ads,Shopping,SaaS,UAE,154088,9106,0.0591,3.24,29503.44,294,100.35,42565.78,1.44,6,1,2024,2,13062.34,1,Low ROAS,-1.263252118,1.431226761363946
2/29/2024,TikTok Ads,Search,EdTech,Australia,71883,2077,0.0289,1.71,3551.67,87,40.82,12811.32,3.61,2,29,2024,1,9259.65,0,Medium ROAS,-0.287388747,-0.540026779
7/22/2024,Meta Ads,Shopping,E-commerce,UAE,133716,1617,0.0121,0.85,1374.45,48,28.63,3570.09,2.6,7,22,2024,3,2195.6400000000003,0,Medium ROAS,-0.334775253,-1.542049318
12/26/2024,TikTok Ads,Display,Fintech,Germany,43319,2534,0.0585,1.66,4206.44,111,37.9,10456.87,2.49,12,26,2024,4,6250.430000000001,2,High ROAS,-0.09982334,1.174197365803643
9/3/2024,Google Ads,Search,E-commerce,India,144911,7897,0.0545,1.63,12872.11,555,23.19,21004.5,1.63,9,3,2024,3,8132.389999999999,2,High ROAS,0.022731755472227486,0.9023869845243052
10/22/2024,Google Ads,Search,Fintech,UAE,180634,7821,0.0433,2.21,17284.41,581,29.75,136556.31,7.9,10,22,2024,4,119271.9,2,High ROAS,0.482066009476166,0.20928972479306876
2/3/2024,Meta Ads,Display,EdTech,Australia,76095,2031,0.0267,1.49,3026.19,135,22.42,33172.87,10.96,2,3,2024,1,30146.680000000004,0,Medium ROAS,0.7876285673985262,-0.808535745
7/11/2024,TikTok Ads,Video,E-commerce,Germany,180128,10555,0.0586,0.84,8866.2,707,12.54,200566.9,22.62,7,11,2024,3,191700.69999999998,2,High ROAS,2.4740457283155166,0.8776861342186649
6/23/2024,Meta Ads,Display,EdTech,Australia,169849,5927,0.0349,0.94,5571.38,437,12.75,105321.92,18.9,6,23,2024,2,99750.54,2,High ROAS,1.8681942911054248,-0.452365613
3/1/2024,Meta Ads,Video,Fintech,Australia,122974,2939,0.0239,1.85,5437.15,91,59.75,26004.98,4.78,3,1,2024,1,20567.83,0,Medium ROAS,-0.526615586,-0.77784471
8/2/2024,Google Ads,Search,E-commerce,USA,28553,850,0.0298,2.06,1751,51,34.33,13010.72,7.43,8,2,2024,3,11259.72,0,Medium ROAS,0.2370958488832743,-0.5510056
1/29/2024,Meta Ads,Display,EdTech,UK,77447,906,0.0117,1.15,1041.9,29,35.93,8284.13,7.95,1,29,2024,1,7242.23,0,Medium ROAS,0.10798391681758125,-1.598083514
